<shortcuts>
	<shortcut>
		<defaultID>31712</defaultID>
		<label>$SKIN[31712|skin.grid|Watchlist]</label>
		<label2>Add-on</label2>
		<icon>DefaultShortcut.png</icon>
		<thumb />
		<action>ActivateWindow(Videos,plugin://script.watchlist?type=movies,return)</action>
	</shortcut>
	<shortcut>
		<defaultID>31665</defaultID>
		<label>$SKIN[31665|skin.grid|Recently Added]</label>
		<label2>Library node</label2>
		<icon>DefaultShortcut.png</icon>
		<thumb />
		<action>ActivateWindow(Videos,videodb://recentlyaddedmovies/,return)</action>
	</shortcut>
	<shortcut>
		<defaultID>16101</defaultID>
		<label>16101</label>
		<label2>Smart playlist</label2>
		<icon>DefaultShortcut.png</icon>
		<thumb />
		<action>ActivateWindow(Videos,/Users/Jeroen/Library/Application Support/Kodi/addons/skin.grid/extras/playlists/movies/unwatched.xsp,return)</action>
	</shortcut>
	<shortcut>
		<defaultID>addon-script-extendedinfo32044</defaultID>
		<label>$ADDON[script.extendedinfo 32044]</label>
		<label2>TheMovieDB.org</label2>
		<icon>DefaultShortcut.png</icon>
		<thumb />
		<action>ActivateWindow(Videos,plugin://script.extendedinfo/?info=popularmovies,return)</action>
	</shortcut>
</shortcuts>
