<template>
	<propertyGroup name="widget_Commons">
		<property name="id" tag="mainmenuid" />
		<property name="path" tag="property" attribute="name|widgetPath" />
		<property name="name" tag="property" attribute="name|widgetName" />
		<property name="target" tag="property" attribute="name|widgetTarget" />
		<property name="sortmethod" tag="property" attribute="name|widgetSortMethod" />
		<property name="sortdirection" tag="property" attribute="name|widgetSortDirection" />
		<property name="type" tag="property" attribute="name|widgetType" />
		<property name="layout" tag="property" attribute="name|widgetLayout" />

		<!-- Square thumbnail matching -->
		<property name="art" tag="property" attribute="name|widgetLayout" value="square">$INFO[ListItem.Art(thumb)]</property>		

		<!-- Poster matching -->
		<property name="art" propertyValue="$INFO[ListItem.Art(poster)]">
			<match>all</match>
			<rule tag="property" attribute="name|widgetLayout" value="portrait" />
			<rule tag="property" attribute="name|widgetType" value="movies" />
		</property>

		<property name="art" propertyValue="$INFO[ListItem.Art(tvshow.poster)]">
			<match>all</match>
			<rule tag="property" attribute="name|widgetLayout" value="portrait" />
			<rule tag="property" attribute="name|widgetType" value="tvshows" />
		</property>

		<property name="art" propertyValue="$INFO[ListItem.Art(season.poster)]">
			<match>all</match>
			<rule tag="property" attribute="name|widgetLayout" value="portrait" />
			<rule tag="property" attribute="name|widgetType" value="episodes" />
		</property>

		<!-- Fanart matching -->
		<property name="art" propertyValue="$VAR[widget:Fanart]">
			<rule tag="property" attribute="name|widgetLayout" value="wide" />
			<rule tag="property" attribute="name|widgetLayout" value="fullscreen" />
		</property>
		<property name="art" propertyValue="$INFO[ListItem.Art(fanart)]">
			<match>all</match>
			<rule tag="property" attribute="name|widgetLayout" value="landscape" />
			<rule tag="property" attribute="name|widgetArt" value="fanart" />
		</property>
		<property name="art" tag="property" attribute="name|widgetArt" value="fanart">$INFO[ListItem.Art(fanart)]</property>

		<!-- Landscape matching -->
		<property name="art" tag="property" attribute="name|widgetArt" value="landscape">$VAR[widget:Landscape]</property>

		<!-- Thumbnail matching -->
		<property name="art" propertyValue="$INFO[ListItem.Art(thumb)]">
			<rule tag="property" attribute="name|widgetLayout" value="landscape" />
			<rule tag="property" attribute="name|widgetType" value="videos" />
		</property>
		<property name="art" tag="property" attribute="name|widgetLayout" value="portrait">$INFO[ListItem.Art(thumb)]</property>

		<!-- Info matching -->
		<property name="info" propertyValue="true">
			<match>all</match>
			<rule tag="property" attribute="name|widgetLayout" value="landscape" />
			<rule tag="property" attribute="name|widgetArt" value="thumbnail" />
			<rule tag="property" attribute="name|widgetType" value="videos" />
		</property>
		<property name="info">false</property>

		<property name="shortinfo" propertyValue="true">
			<match>all</match>
			<rule tag="property" attribute="name|widgetLayout" value="landscape" />
			<rule tag="property" attribute="name|widgetType" value="episodes" />
		</property>
		<property name="shortinfo">false</property>

		<property name="biginfo" tag="property" attribute="name|widgetLayout" value="fullscreen">true</property>
		<property name="biginfo" tag="property" attribute="name|widgetLayout" value="wide">true</property>
		<property name="biginfo">false</property>

		<!-- Other -->
		<property name="header" tag="property">$SKINSHORTCUTS[name]</property>
		<property name="header2" tag="property" attribute="name|widgetType" value="addons"> - $INFO[Container(1000$SKINSHORTCUTS[id]).ListItem.Label]</property>
		<property name="header2" tag="property"> - $INFO[Container(1000$SKINSHORTCUTS[id]).ListItem.TVShowTitle,,: ]$INFO[Container(1000$SKINSHORTCUTS[id]).ListItem.Title]</property>

		<!-- Logo matching -->
		<property name="logo" propertyValue="true">
			<match>all</match>
			<rule tag="property" attribute="name|widgetLayout" value="landscape" />
			<rule tag="property" attribute="name|widgetArt" value="thumbnail" />
		</property>
		<property name="logo" propertyValue="true">
			<match>all</match>
			<rule tag="property" attribute="name|widgetLayout" value="landscape" />
			<rule tag="property" attribute="name|widgetArt" value="fanart" />
			<rule tag="property" attribute="name|widgetType" value="tvshows" />
		</property>
		<property name="logo">false</property>

		<property name="overlay" propertyValue="false">
			<rule tag="property" attribute="name|widgetLayout" value="portrait" />
			<rule tag="property" attribute="name|widgetLayout" value="square" />
			<rule tag="property" attribute="name|widgetArt" value="landscape" />
		</property>
		<property name="overlay">true</property>

		<property name="showheader" tag="property" attribute="name|widgetLayout" value="fullscreen">false</property>
		<property name="showheader">true</property>

		<property name="headerheight" tag="property" attribute="name|widgetLayout" value="fullscreen">0</property>
		<property name="headerheight">54</property>

		<property name="plotheight" propertyValue="120">
			<rule tag="property" attribute="name|widgetLayout" value="fullscreen" />
			<rule tag="property" attribute="name|widgetLayout" value="wide" />
		</property>

		<property name="frameheight" tag="property" attribute="name|widgetLayout" value="fullscreen">187</property>
		<property name="frameheight" tag="property" attribute="name|widgetLayout" value="wide">167</property>
		<property name="description" tag="property" attribute="name|widgetType">$INFO[ListItem.Plot]</property>
	</propertyGroup>


	<other include="widget_Vertical">
		<condition tag="property" attribute="name|widgetPath"></condition>
		<propertyGroup>widget_Commons</propertyGroup>
		<property name="height" tag="property" attribute="name|widgetLayout" value="fullscreen">1080</property>
		<property name="height" tag="property" attribute="name|widgetLayout" value="wide">810</property>
		<property name="height" tag="property" attribute="name|widgetLayout" value="landscape">370</property>
		<property name="height" tag="property" attribute="name|widgetLayout" value="thumbnail">370</property>
		<property name="height" tag="property" attribute="name|widgetLayout" value="portrait">566</property>
		<property name="height" tag="property" attribute="name|widgetLayout" value="square">384</property>
		<property name="height" tag="property" attribute="name|widgetLayout" value="banner">190</property>
		<property name="itemwidth" tag="property" attribute="name|widgetLayout" value="fullscreen">1920</property>
		<property name="itemwidth" tag="property" attribute="name|widgetLayout" value="wide">1920</property>
		<property name="itemwidth" tag="property" attribute="name|widgetLayout" value="landscape">640</property>
		<property name="itemwidth" tag="property" attribute="name|widgetLayout" value="thumbnail">640</property>
		<property name="itemwidth" tag="property" attribute="name|widgetLayout" value="portrait">384</property>
		<property name="itemwidth" tag="property" attribute="name|widgetLayout" value="square">384</property>
		<property name="itemwidth" tag="property" attribute="name|widgetLayout" value="banner">960</property>
		<controls>
			<include content="widget_Header">
				<param name="ID">1000$SKINSHORTCUTS[id]</param>
				<param name="Height">$SKINSHORTCUTS[headerheight]</param>
				<param name="HeaderID">990$SKINSHORTCUTS[id]</param>
				<param name="HeaderLabel">991$SKINSHORTCUTS[id]</param>	
				<param name="WidgetHeader">$SKINSHORTCUTS[header]</param>
				<param name="WidgetHeader2">$SKINSHORTCUTS[header2]</param>
				<param name="WidgetName">$SKINSHORTCUTS[name]</param>
				<param name="Visible">$SKINSHORTCUTS[showheader]</param>
				<param name="HasItems">Integer.IsGreater(Container(1000$SKINSHORTCUTS[id]).NumItems,0) | Container(1000$SKINSHORTCUTS[id]).IsUpdating</param>
			</include>
			<control type="list" id="1000$SKINSHORTCUTS[id]">
				<width>1920</width>
				<height>$SKINSHORTCUTS[height]</height>
				<onleft>9000</onleft>
				<onback>9000</onback>
				<orientation>horizontal</orientation>
				<preloaditems>2</preloaditems>
				<include>global_Scrolltime</include>
				<include>fadeinout</include>
				<visible>Integer.IsGreater(Container(1000$SKINSHORTCUTS[id]).NumItems,0) | Container(1000$SKINSHORTCUTS[id]).IsUpdating</visible>
				<include content="widget_Layout">
					<param name="ID" value="1000$SKINSHORTCUTS[id]"/>
					<param name="Height" value="$SKINSHORTCUTS[height]"/>
					<param name="ItemWidth" value="$SKINSHORTCUTS[itemwidth]"/>
					<param name="FrameWidth" value="$PYTHON[int(itemwidth) - 20]"/>
					<param name="FrameHeight" value="$SKINSHORTCUTS[frameheight]"/>
					<param name="Art" value="$SKINSHORTCUTS[art]"/>
					<param name="Info" value="$SKINSHORTCUTS[info]"/>
					<param name="TextWidth" value="$PYTHON[int(itemwidth) - 64]"/>
					<param name="BigInfo" value="$SKINSHORTCUTS[biginfo]"/>
					<param name="ShortInfo" value="$SKINSHORTCUTS[shortinfo]"/>
					<param name="Overlay" value="$SKINSHORTCUTS[overlay]"/>
					<param name="Logo" value="$SKINSHORTCUTS[logo]"/>
				</include>
				<content target="$SKINSHORTCUTS[target]" sortby="$SKINSHORTCUTS[sortmethod]" sortorder="$SKINSHORTCUTS[sortdirection]">$SKINSHORTCUTS[path]</content>
			</control>
		</controls>
	</other>

	<other include="widget_Compact">
		<condition tag="property" attribute="name|widgetPath"></condition>
		<propertyGroup>widget_Commons</propertyGroup>
		<property name="height" tag="property" attribute="name|widgetLayout" value="fullscreen">1080</property>
		<property name="height" tag="property" attribute="name|widgetLayout" value="wide">810</property>
		<property name="height" tag="property" attribute="name|widgetLayout" value="landscape">345</property>
		<property name="height" tag="property" attribute="name|widgetLayout" value="thumbnail">345</property>
		<property name="height" tag="property" attribute="name|widgetLayout" value="portrait">528</property>
		<property name="height" tag="property" attribute="name|widgetLayout" value="square">358</property>
		<property name="height" tag="property" attribute="name|widgetLayout" value="banner">177</property>
		<property name="itemwidth" tag="property" attribute="name|widgetLayout" value="fullscreen">1792</property>
		<property name="itemwidth" tag="property" attribute="name|widgetLayout" value="wide">1792</property>
		<property name="itemwidth" tag="property" attribute="name|widgetLayout" value="landscape">597</property>
		<property name="itemwidth" tag="property" attribute="name|widgetLayout" value="thumbnail">597</property>
		<property name="itemwidth" tag="property" attribute="name|widgetLayout" value="portrait">358</property>
		<property name="itemwidth" tag="property" attribute="name|widgetLayout" value="square">358</property>
		<property name="itemwidth" tag="property" attribute="name|widgetLayout" value="banner">896</property>
		<controls>
			<include content="widget_Header">
				<param name="ID">1000$SKINSHORTCUTS[id]</param>
				<param name="HeaderID">990$SKINSHORTCUTS[id]</param>
				<param name="HeaderLabel">991$SKINSHORTCUTS[id]</param>	
				<param name="WidgetHeader">$SKINSHORTCUTS[header]</param>
				<param name="WidgetHeader2">$SKINSHORTCUTS[header2]</param>
				<param name="WidgetName">$SKINSHORTCUTS[name]</param>
				<param name="Visible">$SKINSHORTCUTS[showheader]</param>
				<param name="HasItems">Integer.IsGreater(Container(1000$SKINSHORTCUTS[id]).NumItems,0) | Container(1000$SKINSHORTCUTS[id]).IsUpdating</param>
			</include>
			<control type="list" id="1000$SKINSHORTCUTS[id]">
				<width>1792</width>
				<height>$SKINSHORTCUTS[height]</height>
				<onleft>9000</onleft>
				<onback>9000</onback>
				<orientation>horizontal</orientation>
				<preloaditems>2</preloaditems>
				<include>global_Scrolltime</include>
				<include>fadeinout</include>
				<visible>Integer.IsGreater(Container(1000$SKINSHORTCUTS[id]).NumItems,0) | Container(1000$SKINSHORTCUTS[id]).IsUpdating | String.IsEmpty(Window(Home).Property(WidgetIsLoading))</visible>
				<include content="widget_Layout">
					<param name="ID" value="1000$SKINSHORTCUTS[id]"/>
					<param name="Height" value="$SKINSHORTCUTS[height]"/>
					<param name="ItemWidth" value="$SKINSHORTCUTS[itemwidth]"/>
					<param name="FrameWidth" value="$PYTHON[int(itemwidth) - 20]"/>
					<param name="FrameHeight" value="$SKINSHORTCUTS[frameheight]"/>
					<param name="Art" value="$SKINSHORTCUTS[art]"/>
					<param name="Info" value="$SKINSHORTCUTS[info]"/>
					<param name="TextWidth" value="$PYTHON[int(itemwidth) - 64]"/>
					<param name="BigInfo" value="$SKINSHORTCUTS[biginfo]"/>
					<param name="ShortInfo" value="$SKINSHORTCUTS[shortinfo]"/>
					<param name="Overlay" value="$SKINSHORTCUTS[overlay]"/>
					<param name="Logo" value="$SKINSHORTCUTS[logo]"/>
				</include>
				<content target="$SKINSHORTCUTS[target]" sortby="$SKINSHORTCUTS[sortmethod]" sortorder="$SKINSHORTCUTS[sortdirection]">$SKINSHORTCUTS[path]</content>
			</control>
		</controls>
	</other>

	<other include="widget_Horizontal">
		<condition tag="property" attribute="name|widgetPath"></condition>
		<propertyGroup>widget_Commons</propertyGroup>
		<property name="height" tag="property" attribute="name|widgetLayout" value="fullscreen">1080</property>
		<property name="height" tag="property" attribute="name|widgetLayout" value="wide">810</property>
		<property name="height" tag="property" attribute="name|widgetLayout" value="landscape">389</property>
		<property name="height" tag="property" attribute="name|widgetLayout" value="thumbnail">389</property>
		<property name="height" tag="property" attribute="name|widgetLayout" value="portrait">496</property>
		<property name="height" tag="property" attribute="name|widgetLayout" value="square">336</property>
		<property name="height" tag="property" attribute="name|widgetLayout" value="banner">190</property>
		<property name="itemwidth" tag="property" attribute="name|widgetLayout" value="fullscreen">1920</property>
		<property name="itemwidth" tag="property" attribute="name|widgetLayout" value="wide">1920</property>
		<property name="itemwidth" tag="property" attribute="name|widgetLayout" value="landscape">672</property>
		<property name="itemwidth" tag="property" attribute="name|widgetLayout" value="thumbnail">672</property>
		<property name="itemwidth" tag="property" attribute="name|widgetLayout" value="portrait">336</property>
		<property name="itemwidth" tag="property" attribute="name|widgetLayout" value="square">336</property>
		<property name="itemwidth" tag="property" attribute="name|widgetLayout" value="banner">960</property>
		<controls>
			<include content="widget_Header">
				<param name="ID">1000$SKINSHORTCUTS[id]</param>
				<param name="HeaderID">990$SKINSHORTCUTS[id]</param>
				<param name="HeaderLabel">991$SKINSHORTCUTS[id]</param>	
				<param name="WidgetHeader">$SKINSHORTCUTS[header]</param>
				<param name="WidgetHeader2">$SKINSHORTCUTS[header2]</param>
				<param name="WidgetName">$SKINSHORTCUTS[name]</param>
				<param name="Visible">$SKINSHORTCUTS[showheader]</param>
				<param name="HasItems">Integer.IsGreater(Container(1000$SKINSHORTCUTS[id]).NumItems,0) | Container(1000$SKINSHORTCUTS[id]).IsUpdating</param>
			</include>
			<control type="list" id="1000$SKINSHORTCUTS[id]">
				<width>1920</width>
				<height>$SKINSHORTCUTS[height]</height>
				<onback>9000</onback>
				<onup>SetProperty(ShowClock,false,Home)</onup>
				<onfocus>SetProperty(ShowClock,false,Home)</onfocus>
				<onfocus>SetProperty(BlurIsActive,true,Home)</onfocus>
				<onfocus>SetProperty(HomeFocusedItem,widgets,Home)</onfocus>
				<orientation>horizontal</orientation>
				<preloaditems>2</preloaditems>
				<include>global_Scrolltime</include>
				<include>fadeinout</include>
				<visible>Integer.IsGreater(Container(1000$SKINSHORTCUTS[id]).NumItems,0) | Container(1000$SKINSHORTCUTS[id]).IsUpdating | String.IsEmpty(Window(Home).Property(WidgetIsLoading))</visible>
				<include content="widget_Layout">
					<param name="ID" value="1000$SKINSHORTCUTS[id]"/>
					<param name="Height" value="$SKINSHORTCUTS[height]"/>
					<param name="ItemWidth" value="$SKINSHORTCUTS[itemwidth]"/>
					<param name="FrameWidth" value="$PYTHON[int(itemwidth) - 20]"/>
					<param name="FrameHeight" value="$SKINSHORTCUTS[frameheight]"/>
					<param name="Art" value="$SKINSHORTCUTS[art]"/>
					<param name="Info" value="$SKINSHORTCUTS[info]"/>
					<param name="BigInfoFont" value="Black-42"/>
					<param name="BigInfoFont2" value="Black-24"/>
					<param name="TextWidth" value="$PYTHON[int(itemwidth) - 64]"/>
					<param name="BigInfo" value="$SKINSHORTCUTS[biginfo]"/>
					<param name="ShortInfo" value="$SKINSHORTCUTS[shortinfo]"/>
					<param name="Overlay" value="$SKINSHORTCUTS[overlay]"/>
					<param name="Logo" value="$SKINSHORTCUTS[logo]"/>
				</include>
				<content target="$SKINSHORTCUTS[target]" sortby="$SKINSHORTCUTS[sortmethod]" sortorder="$SKINSHORTCUTS[sortdirection]">$SKINSHORTCUTS[path]</content>
			</control>
		</controls>
	</other>
</template>