<shortcuts>
	<shortcut>
		<defaultID>31013</defaultID>
		<label>$SKIN[31013|skin.refocus|Watchlist]</label>
		<label2>Movies</label2>
		<icon>DefaultIconWatchlist.png</icon>
		<thumb />
		<action>ActivateWindow(Videos,plugin://service.library.data.provider?type=recommendedmovies,return)</action>
	</shortcut>
	<shortcut>
		<defaultID>31705</defaultID>
		<label>$SKIN[31705|skin.refocus|Recently Added]</label>
		<label2>Movies</label2>
		<icon>DefaultRecentlyAddedMovies.png</icon>
		<thumb />
		<action>ActivateWindow(Videos,videodb://recentlyaddedmovies/,return)</action>
	</shortcut>
	<shortcut>
		<defaultID />
		<label>Genres</label>
		<label2>Videos</label2>
		<icon>DefaultShortcut.png</icon>
		<thumb />
		<action>ActivateWindow(VideoLibrary,"library://video/movies/genres.xml/",return)</action>
	</shortcut>
</shortcuts>
