<shortcuts>
	<shortcut>
		<defaultID>133</defaultID>
		<label>133</label>
		<label2>item</label2>
		<icon>DefaultMusicArtists.png</icon>
		<thumb />
		<action>ActivateWindow(MusicLibrary,library://music/artists.xml,return)</action>
	</shortcut>
	<shortcut>
		<defaultID>31705</defaultID>
		<label>$SKIN[31705|skin.refocus|Recently Added]</label>
		<label2>Albums</label2>
		<icon>DefaultMusicRecentlyAdded.png</icon>
		<thumb />
		<action>ActivateWindow(MusicLibrary,musicdb://recentlyaddedalbums/,return)</action>
	</shortcut>
	<shortcut>
		<defaultID>31016</defaultID>
		<label>$SKIN[31016|skin.refocus|Recently Played]</label>
		<label2>Albums</label2>
		<icon>DefaultMusicRecentlyPlayed.png</icon>
		<thumb />
		<action>ActivateWindow(MusicLibrary,musicdb://recentlyplayedalbums/,return)</action>
	</shortcut>
	<shortcut>
		<defaultID>136</defaultID>
		<label>136</label>
		<label2>item</label2>
		<icon>DefaultMusicPlaylists.png</icon>
		<thumb />
		<action>ActivateWindow(MusicLibrary,special://musicplaylists/,return)</action>
	</shortcut>
	<shortcut>
		<defaultID>744</defaultID>
		<label>744</label>
		<label2>item</label2>
		<icon>DefaultFolder.png</icon>
		<thumb />
		<action>ActivateWindow(MusicLibrary,sources://music,return)</action>
	</shortcut>
</shortcuts>
