<?xml version="1.0" encoding="UTF-8"?>
<overrides>	

	<!--shortcuts-->
	<groupings>
		<!--common-->
		<node label="32029">
			<content>common</content>
			<shortcut label="$LOCALIZE[24001]" type="$LOCALIZE[32034]" icon="DefaultAddonProgram.png">ActivateWindow(addonbrowser)</shortcut>
			<shortcut label="$LOCALIZE[31210]" type="$LOCALIZE[32034]" icon="DefaultIconSettings.png">RunScript(script.skinshortcuts,type=manage&amp;nolabels=True&amp;group=mainmenu)</shortcut>
			<shortcut label="$LOCALIZE[13000]" type="$LOCALIZE[32034]" icon="DefaultIconSettings.png">ActivateWindow(Settings)</shortcut>
			<shortcut label="$LOCALIZE[137]" type="$LOCALIZE[32034]" icon="DefaultIconSearch.png" condition="System.HasAddon(script.globalsearch) + !Skin.HasSetting(search.disable)">RunAddon(script.globalsearch)</shortcut>
		</node>

		<!--video-->
		<node label="$LOCALIZE[32030]">
			<node label="$LOCALIZE[31013]">
				<shortcut label="$LOCALIZE[31013]" type="342" icon="DefaultIconWatchlist.png">ActivateWindow(Videos,plugin://script.skin.helper.service/?action=recommendedmovies,return)</shortcut>
				<shortcut label="$LOCALIZE[31013]" type="20360" icon="DefaultIconWatchlist.png">ActivateWindow(Videos,plugin://script.skin.helper.service/?action=nextepisodes,return)</shortcut>
				<shortcut label="$LOCALIZE[575]" type="20343" icon="DefaultIconWatchlist.png">ActivateWindow(Videos,library://video/inprogressshows.xml,return)</shortcut>
			</node>
			<node label="$LOCALIZE[32040]">
				<content>playlist-video</content>
			</node>
			<node label="$LOCALIZE[32010]">
				<shortcut label="$LOCALIZE[1037]" type="32014" icon="DefaultAddonVideo.png">ActivateWindow(Videos,Addons,return)</shortcut>
				<content>addon-video</content>
			</node>
			<node label="$LOCALIZE[32075]">
				<content>videosources</content>
				<content>upnp-video</content>
			</node>
			<content>video</content>
			<shortcut label="$LOCALIZE[19273]" type="32009" icon="DefaultAddonVideo.png" condition="System.HasAddon(script.tv.show.next.aired)">RunAddon(script.tv.show.next.aired)</shortcut>
		</node>
		
		<!--music-->
		<node label="$LOCALIZE[32031]">
			<content>music</content>
			<node label="$LOCALIZE[32040]">
				<content>playlist-audio</content>
			</node>
			<node label="$LOCALIZE[32011]">
				<shortcut label="$LOCALIZE[1038]" type="32019" icon="DefaultAddonMusic.png">ActivateWindow(MusicLibrary,Addons,return)</shortcut>
				<content>addon-audio</content>
			</node>
			<node label="$LOCALIZE[32075]">
				<content>musicsources</content>
				<content>upnp-music</content>
			</node>
		</node>

		<!--dynamic content-->
		<node label="31625">
			<shortcut label="$ADDON[script.skin.helper.service 32000]" type="31626" icon="DefaultPlaylist.png" condition="System.HasAddon(script.skin.helper.service)">ActivateWindow(VideoLibrary,plugin://script.skin.helper.service/?action=favourites,return)</shortcut>
			<shortcut label="$ADDON[script.skin.helper.service 32001]" type="31626" icon="DefaultPlaylist.png" condition="System.HasAddon(script.skin.helper.service)">ActivateWindow(VideoLibrary,plugin://script.skin.helper.service/?action=favouritemedia,return)</shortcut>
			<shortcut label="$ADDON[script.skin.helper.service 32004]" type="31626" icon="DefaultPlaylist.png" condition="System.HasAddon(script.skin.helper.service)">ActivateWindow(VideoLibrary,plugin://script.skin.helper.service/?action=recommendedmedia,return)</shortcut>
			<shortcut label="$ADDON[script.skin.helper.service 32005]" type="31626" icon="DefaultPlaylist.png" condition="System.HasAddon(script.skin.helper.service)">ActivateWindow(VideoLibrary,plugin://script.skin.helper.service/?action=recentmedia,return)</shortcut>
			<shortcut label="$ADDON[script.skin.helper.service 32086]" type="31626" icon="DefaultPlaylist.png" condition="System.HasAddon(script.skin.helper.service)">ActivateWindow(VideoLibrary,plugin://script.skin.helper.service/?action=inprogressmedia,return)</shortcut>
			<shortcut label="$ADDON[script.skin.helper.service 32007]" type="31626" icon="DefaultPlaylist.png" condition="System.HasAddon(script.skin.helper.service)">ActivateWindow(VideoLibrary,plugin://script.skin.helper.service/?action=inprogressandrecommendedmedia,return)</shortcut>
			<shortcut label="$LOCALIZE[359]" type="31626" icon="DefaultPlaylist.png" condition="System.HasAddon(script.skin.helper.service)">ActivateWindow(VideoLibrary,plugin://script.skin.helper.service/?action=recentalbums,return)</shortcut>
			<shortcut label="$ADDON[script.skin.helper.service 32087]" type="31626" icon="DefaultPlaylist.png" condition="System.HasAddon(script.skin.helper.service)">ActivateWindow(VideoLibrary,plugin://script.skin.helper.service/?action=recentsongs,return)</shortcut>
			<shortcut label="$LOCALIZE[517]" type="31626" icon="DefaultPlaylist.png" condition="System.HasAddon(script.skin.helper.service)">ActivateWindow(VideoLibrary,plugin://script.skin.helper.service/?action=recentlyplayedalbums,return)</shortcut>
			<shortcut label="$ADDON[script.skin.helper.service 32088]" type="31626" icon="DefaultPlaylist.png" condition="System.HasAddon(script.skin.helper.service)">ActivateWindow(VideoLibrary,plugin://script.skin.helper.service/?action=recentlyplayedsongs,return)</shortcut>
			<shortcut label="$ADDON[script.skin.helper.service 32131]" type="31626" icon="DefaultPlaylist.png" condition="System.HasAddon(script.skin.helper.service)">ActivateWindow(VideoLibrary,plugin://script.skin.helper.service/?action=recommendedalbums,return)</shortcut>
			<shortcut label="$ADDON[script.skin.helper.service 32132]" type="31626" icon="DefaultPlaylist.png" condition="System.HasAddon(script.skin.helper.service)">ActivateWindow(VideoLibrary,plugin://script.skin.helper.service/?action=recommendedsongs,return)</shortcut>
			<shortcut label="$LOCALIZE[31030]" type="31626" icon="DefaultTVShows.png" condition="System.HasAddon(script.skin.helper.service)">ActivateWindow(VideoLibrary,plugin://script.skin.helper.service/?action=nextairedtvshows,return)</shortcut>
		</node>

		<!--pvr-->
		<node label="$LOCALIZE[32017]">
			<content>pvr</content>
			<node label="$LOCALIZE[19023]">
				<content>pvr-tv</content>
			</node>
		</node>
		<node label="$LOCALIZE[32087]">
			<content>radio</content>
			<node label="$LOCALIZE[19024]">
				<content>pvr-radio</content>
			</node>
		</node>

		<!--pictures-->
		<node label="$LOCALIZE[32020]">
			<content>picturesources</content>
		</node>

		<!--add-ons-->
		<node label="$LOCALIZE[32007]">
			<node label="$LOCALIZE[32009]">
				<shortcut label="$LOCALIZE[10001]" type="32021" icon="DefaultAddonProgram.png">ActivateWindow(Programs,Addons,return)</shortcut>
				<content>addon-program</content>
			</node>
			<node label="$LOCALIZE[32010]">
				<shortcut label="$LOCALIZE[1037]" type="32014" icon="DefaultAddonVideo.png">ActivateWindow(Videos,Addons,return)</shortcut>
				<content>addon-video</content>
			</node>
			<node label="$LOCALIZE[32011]">
				<shortcut label="$LOCALIZE[1038]" type="32019" icon="DefaultAddonMusic.png">ActivateWindow(MusicLibrary,Addons,return)</shortcut>
				<content>addon-audio</content>
			</node>
			<node label="$LOCALIZE[32012]">
				<shortcut label="$LOCALIZE[1039]" type="32020" icon="DefaultAddonPicture.png">ActivateWindow(Pictures,Addons,return)</shortcut>
				<content>addon-image</content>
			</node>
		</node>

		<!--favourites-->
		<node label="$LOCALIZE[32006]">
			<content>favourite</content>
		</node>

		<!--settings-->
		<node label="$LOCALIZE[10004]">
			<content>settings</content>
		</node>

		<!--commands-->
		<node label="$LOCALIZE[32054]">
			<shortcut label="$LOCALIZE[13012]" type="$LOCALIZE[31704]" icon="DefaultIconKodi.png">ActivateWindow(shutdownmenu)</shortcut>
			<shortcut label="$LOCALIZE[12005]" type="$LOCALIZE[31704]" icon="DefaultIconKodi.png">Action(fullscreen)</shortcut>
			<content>commands</content>
		</node>
	</groupings>

	<!--widgets-->
	<widget-groupings>
	<content>widgets</content>
		<!--watchlist-->
		<node label="$LOCALIZE[31013]">
			<shortcut label="$LOCALIZE[342]" type="32099" icon="DefaultIconWatchlist.png" widgetName="31028" widget="Addon" widgetType="movies" widgetTarget="video" condition="System.HasAddon(script.skin.helper.service)">plugin://script.skin.helper.service/?action=recommendedmovies</shortcut>
			<shortcut label="$LOCALIZE[20360]" type="32099" icon="DefaultIconWatchlist.png" widgetName="31029" widget="Addon" widgetType="episodes" widgetTarget="video" condition="System.HasAddon(script.skin.helper.service)">plugin://script.skin.helper.service/?action=nextepisodes</shortcut>
		</node>

		<!--recently-->
		<node label="31705">
			<shortcut label="$LOCALIZE[3]" type="32099" widgetName="31031" icon="DefaultVideo.png" widget="Addon" widgetType="videos" widgetTarget="video" condition="System.HasAddon(service.library.data.provider)">plugin://service.library.data.provider?type=recentvideos&amp;reload=$INFO[Window.Property(recentvideos)]</shortcut>
			<shortcut label="$LOCALIZE[342]" type="32099" widgetName="20386" icon="DefaultRecentlyAddedMovies.png" widget="Addon" widgetType="movies" widgetTarget="video" condition="System.HasAddon(service.library.data.provider)">plugin://service.library.data.provider?type=recentmovies&amp;reload=$INFO[Window.Property(recentmovies)]</shortcut>
			<shortcut label="$LOCALIZE[20360]" type="32099" widgetName="20387" icon="DefaultRecentlyAddedEpisodes.png" widget="Addon" widgetType="episodes" widgetTarget="video" condition="System.HasAddon(service.library.data.provider)">plugin://service.library.data.provider?type=recentepisodes&amp;reload=$INFO[Window.Property(recentepisodes)]</shortcut>
			<shortcut label="$LOCALIZE[132]" type="32099" widgetName="359" icon="DefaultMusicAlbums.png" widget="Addon" widgetType="albums" widgetTarget="music" condition="System.HasAddon(script.skin.helper.service)">plugin://script.skin.helper.service/?action=recentalbums&amp;limit=25&amp;reload=$INFO[Window(Home).Property(widgetreload-music)]</shortcut>
			<shortcut label="$LOCALIZE[134]" type="32099" widgetName="$ADDON[script.skin.helper.service 32087]" icon="DefaultMusicSongs.png" widget="Addon" widgetType="songs" widgetTarget="music" condition="System.HasAddon(script.skin.helper.service)">plugin://script.skin.helper.service/?action=recentsongs&amp;limit=25&amp;reload=$INFO[Window(Home).Property(widgetreload-music)]</shortcut>
			<shortcut label="$LOCALIZE[20389]" type="32099" widgetName="20390" icon="DefaultMusicVideos.png" widget="Library" widgetType="musicvideos" widgetTarget="video">plugin://service.library.data.provider?type=recentmusicvideos&amp;reload=$INFO[Window.Property(widgetreload2)]</shortcut>
			<shortcut label="$LOCALIZE[31156]" type="32099" widgetName="$ADDON[script.skin.helper.service 32005]" icon="DefaultIconKodi.png" widget="Addon" widgetType="mixed" widgetTarget="video" condition="System.HasAddon(script.skin.helper.service)">plugin://script.skin.helper.service/?action=recentmedia&amp;limit=25&amp;reload=$INFO[Window(Home).Property(widgetreload2)]</shortcut>
		</node>

		<!--unwatched-->
		<node label="16101">
			<shortcut label="$LOCALIZE[342]" type="32099" widgetName="$LOCALIZE[16101]" icon="DefaultMovies.png" widget="Playlist" widgetType="movies" widgetTarget="video">special://skin/playlists/video/movies-unwatched.xsp</shortcut>
			<shortcut label="$LOCALIZE[20360]" type="32099" widgetName="$LOCALIZE[16101]" icon="DefaultIconEpisode.png" widget="Playlist" widgetType="episodes" widgetTarget="video">special://skin/playlists/video/episodes-unwatched.xsp</shortcut>
			<shortcut label="$LOCALIZE[20389]" type="32099" widgetName="$LOCALIZE[16101]" icon="DefaultMusicVideos.png" widget="Playlist" widgetType="musicvideos" widgetTarget="video">special://skin/playlists/video/musicvideos-unwatched.xsp</shortcut>
		</node>

		<!--online sources-->
		<node label="Online sources">
			<shortcut label="$ADDON[plugin.video.youtube 30513]" widgetName="$ADDON[plugin.video.youtube 30513]" icon="DefaultIconYouTube.png" widget="Addon" widgetType="YouTube" widgetTarget="video" condition="System.HasAddon(plugin.video.youtube)">plugin://plugin.video.youtube/special/popular_right_now/</shortcut>
			<shortcut label="$ADDON[plugin.video.youtube 30504]" widgetName="$ADDON[plugin.video.youtube 30504]" icon="DefaultIconYouTube.png" widget="Addon" widgetType="YouTube" widgetTarget="video" condition="System.HasAddon(plugin.video.youtube)">plugin://plugin.video.youtube/special/new_uploaded_videos_tv/</shortcut>
			<shortcut label="$LOCALIZE[31015]" type="iTunes" icon="DefaultIconTrailers.png" widget="Addon" widgetType="movies" widgetTarget="video" condition="System.HasAddon(plugin.video.itunes_trailers)">plugin://plugin.video.itunes_trailers/</shortcut>
			<shortcut label="$ADDON[script.extendedinfo 32047]" type="Trakt.tv" icon="DefaultIconTrakt.png" widget="Addon" widgetType="movies" widgetTarget="video" condition="System.HasAddon(script.extendedinfo)">plugin://script.extendedinfo?info=trendingmovies</shortcut>
			<shortcut label="$ADDON[script.extendedinfo 32032]" type="Trakt.tv" icon="DefaultIconTrakt.png" widget="Addon" widgetType="tvshows" widgetTarget="video" condition="System.HasAddon(script.extendedinfo)">plugin://script.extendedinfo?info=trendingshows</shortcut>
			<shortcut label="$ADDON[script.extendedinfo 32028]" type="Trakt.tv" icon="DefaultIconTrakt.png" widget="Addon" widgetType="tvshows" widgetTarget="video" condition="System.HasAddon(script.extendedinfo)">plugin://script.extendedinfo?info=airingshows</shortcut>
			<shortcut label="$ADDON[script.extendedinfo 32029]" type="Trakt.tv" icon="DefaultIconTrakt.png" widget="Addon" widgetType="tvshows" widgetTarget="video" condition="System.HasAddon(script.extendedinfo)">plugin://script.extendedinfo?info=premiereshows</shortcut>
			<shortcut label="$ADDON[script.extendedinfo 32042]" type="TheMovieDB" icon="DefaultIconTMBD.png" widget="Addon" widgetType="movies" widgetTarget="video" condition="System.HasAddon(script.extendedinfo)">plugin://script.extendedinfo?info=incinemas</shortcut>
			<shortcut label="$ADDON[script.extendedinfo 32043]" type="TheMovieDB" icon="DefaultIconTMBD.png" widget="Addon" widgetType="movies" widgetTarget="video" condition="System.HasAddon(script.extendedinfo)">plugin://script.extendedinfo?info=upcoming</shortcut>
			<shortcut label="$ADDON[script.extendedinfo 32044]" type="TheMovieDB" icon="DefaultIconTMBD.png" widget="Addon" widgetType="movies" widgetTarget="video" condition="System.HasAddon(script.extendedinfo)">plugin://script.extendedinfo?info=popularmovies</shortcut>
			<shortcut label="$ADDON[script.extendedinfo 32046]" type="TheMovieDB" icon="DefaultIconTMBD.png" widget="Addon" widgetType="movies" widgetTarget="video" condition="System.HasAddon(script.extendedinfo)">plugin://script.extendedinfo?info=topratedmovies</shortcut>
			<shortcut label="$ADDON[script.extendedinfo 32041]" type="TheMovieDB" icon="DefaultIconTMBD.png" widget="Addon" widgetType="tvshows" widgetTarget="video" condition="System.HasAddon(script.extendedinfo)">plugin://script.extendedinfo?info=populartvshows</shortcut>
			<shortcut label="$ADDON[script.extendedinfo 32040]" type="TheMovieDB" icon="DefaultIconTMBD.png" widget="Addon" widgetType="tvshows" widgetTarget="video" condition="System.HasAddon(script.extendedinfo)">plugin://script.extendedinfo?info=topratedtvshows</shortcut>
			<shortcut label="$ADDON[script.extendedinfo 32039]" type="TheMovieDB" icon="DefaultIconTMBD.png" widget="Addon" widgetType="tvshows" widgetTarget="video" condition="System.HasAddon(script.extendedinfo)">plugin://script.extendedinfo?info=onairtvshows</shortcut>
			<shortcut label="$ADDON[script.extendedinfo 32038]" type="TheMovieDB" icon="DefaultIconTMBD.png" widget="Addon" widgetType="tvshows" widgetTarget="video" condition="System.HasAddon(script.extendedinfo)">plugin://script.extendedinfo?info=airingtodaytvshows</shortcut>
			<shortcut label="$ADDON[script.extendedinfo 32042]" type="Rotten Tomatoes" icon="DefaultIconRT.png" widget="Addon" widgetType="movies" widgetTarget="video" condition="System.HasAddon(script.extendedinfo)">plugin://script.extendedinfo?info=intheaters</shortcut>
			<shortcut label="$ADDON[script.extendedinfo 32043]" type="Rotten Tomatoes" icon="DefaultIconRT.png" widget="Addon" widgetType="movies" widgetTarget="video" condition="System.HasAddon(script.extendedinfo)">plugin://script.extendedinfo?info=comingsoon</shortcut>
			<shortcut label="$ADDON[script.extendedinfo 32048]" type="Rotten Tomatoes" icon="DefaultIconRT.png" widget="Addon" widgetType="movies" widgetTarget="video" condition="System.HasAddon(script.extendedinfo)">plugin://script.extendedinfo?info=opening</shortcut>
			<shortcut label="$ADDON[script.extendedinfo 32055]" type="Rotten Tomatoes" icon="DefaultIconRT.png" widget="Addon" widgetType="movies" widgetTarget="video" condition="System.HasAddon(script.extendedinfo)">plugin://script.extendedinfo?info=boxoffice</shortcut>
			<shortcut label="$ADDON[script.extendedinfo 32056]" type="Rotten Tomatoes" icon="DefaultIconRT.png" widget="Addon" widgetType="movies" widgetTarget="video" condition="System.HasAddon(script.extendedinfo)">plugin://script.extendedinfo?info=toprentals</shortcut>
			<shortcut label="$ADDON[script.extendedinfo 32049]" type="Rotten Tomatoes" icon="DefaultIconRT.png" widget="Addon" widgetType="movies" widgetTarget="video" condition="System.HasAddon(script.extendedinfo)">plugin://script.extendedinfo?info=currentdvdreleases</shortcut>
			<shortcut label="$ADDON[script.extendedinfo 32053]" type="Rotten Tomatoes" icon="DefaultIconRT.png" widget="Addon" widgetType="movies" widgetTarget="video" condition="System.HasAddon(script.extendedinfo)">plugin://script.extendedinfo?info=newdvdreleases</shortcut>
			<shortcut label="$ADDON[script.extendedinfo 32054]" type="Rotten Tomatoes" icon="DefaultIconRT.png" widget="Addon" widgetType="movies" widgetTarget="video" condition="System.HasAddon(script.extendedinfo)">plugin://script.extendedinfo?info=upcomingdvds</shortcut>
		</node>

		<!--information-->
		<node label="$LOCALIZE[14116]">
			<shortcut label="$LOCALIZE[12600]" type="32099" icon="DefaultAddonWeather.png" widget="WeatherForecast" widgetType="weather" condition="Weather.IsFetched">$INCLUDE[weather-widget]</shortcut>
			<shortcut label="$LOCALIZE[10517]" type="32099" icon="DefaultMusicSongs.png" widget="PlayingMusic" widgetType="static">$INCLUDE[nowplaying-widget]</shortcut>
		</node>

		<!--favourites-->
		<node label="1036">
			<shortcut label="$ADDON[script.skin.helper.service 32000]" type="32099" icon="DefaultIconFavourite.png" widget="Addon" widgetType="mixed" widgetTarget="video" condition="System.HasAddon(script.skin.helper.service)">plugin://script.skin.helper.service/?action=favourites&amp;limit=25&amp;reload=$INFO[Window(Home).Property(widgetreload2)]</shortcut>
			<shortcut label="$ADDON[script.skin.helper.service 32001]" type="32099" icon="DefaultIconFavourite.png" widget="Addon" widgetType="mixed" widgetTarget="video" condition="System.HasAddon(script.skin.helper.service)">plugin://script.skin.helper.service/?action=favouritemedia&amp;limit=25&amp;reload=$INFO[Window(Home).Property(widgetreload2)]</shortcut>
		</node>

		<!--library-->
		<node label="$LOCALIZE[29921]">
			<node label="$LOCALIZE[32030]">
				<content>video</content>
				<node label="$LOCALIZE[32040]">
					<content>playlist-video</content>
				</node>
				<node label="$LOCALIZE[32010]">
					<content>addon-video</content>
				</node>
				<node label="$LOCALIZE[32075]">
					<content>videosources</content>
				</node>
			</node>
			<node label="32031">
				<content>music</content>
				<node label="32040">
					<content>playlist-audio</content>
				</node>
				<node label="32011">
					<content>addon-audio</content>
				</node>
				<node label="32075">
					<content>musicsources</content>
				</node>
			</node>
			<node label="32020">
				<content>picturesources</content>
			</node>
			<node label="32007">
				<node label="32009">
					<content>addon-program-plugin</content>
				</node>
				<node label="32010">
					<content>addon-video</content>
				</node>
				<node label="32011">
					<content>addon-audio</content>
				</node>
				<node label="32012">
					<content>addon-image</content>
				</node>
				<shortcut label="10001" type="32021" icon="DefaultAddonProgram.png" widget="Addon" widgetType="program" widgetTarget="programs">addons://sources/executable</shortcut>
				<shortcut label="1037" type="32014" icon="DefaultAddonVideo.png" widget="Addon" widgetType="video" widgetTarget="video">addons://sources/video</shortcut>
				<shortcut label="1038" type="32019" icon="DefaultAddonMusic.png" widget="Addon" widgetType="music" widgetTarget="music">addons://sources/audio</shortcut>
				<shortcut label="1039" type="32020" icon="DefaultAddonPicture.png" widget="Addon" widgetType="picture" widgetTarget="pictures">addons://sources/image</shortcut>
			</node>
		</node>
	</widget-groupings>

<!--default widgets-->
	<widgetdefault labelID="tvshows">RecentEpisodes</widgetdefault>
	<widgetdefaultnode defaultID="movies" group="mainmenu" label="31028" type="movies" path="plugin://script.skin.helper.service/?action=recommendedmovies&amp;limit=50&amp;reload=$INFO[Window(Home).Property(widgetreload)]" target="video" condition="System.HasAddon(script.skin.helper.service)">MoviesWatchlist</widgetdefaultnode>
	<widgetdefaultnode defaultID="tvshows" group="mainmenu" label="31029" type="episodes" path="plugin://script.skin.helper.service/?action=nextepisodes&amp;limit=50&amp;reload=$INFO[Window(Home).Property(widgetreload)]" target="video" condition="System.HasAddon(script.skin.helper.service)">EpisodesWatchlist</widgetdefaultnode>
	<widgetdefaultnode defaultID="videos" group="mainmenu" label="$ADDON[service.library.data.provider 32019]" type="videos" path="plugin://service.library.data.provider?type=recentvideos&amp;reload=$INFO[Window(10000).Property(recentvideos)]" target="video">RecentVideos</widgetdefaultnode>
	<widgetdefaultnode defaultID="24001" group="mainmenu" label="YouTube" type="Addon" path="plugin://plugin.video.youtube/special/popular_right_now/" target="video" condition="System.HasAddon(plugin.video.youtube)]">YouTubePopular</widgetdefaultnode>
	<widgetdefaultnode defaultID="music" group="mainmenu" label="2" type="albums" path="plugin://script.skin.helper.service/?action=recentalbums&amp;limit=25&amp;reload=$INFO[Window(Home).Property(widgetreload-music)]" target="static">RecentlyPlayedAlbums</widgetdefaultnode>
	<widgetdefaultnode defaultID="weather" group="mainmenu" label="Weather" type="weather" path="$INCLUDE[weather-widget]" target="static">WeatherWidget</widgetdefaultnode>

<!--custom shortcuts-->
	<!--now playing-->
	<shortcut label="31035" type="32034" grouping="common" icon="DefaultIconPlay.png">fullscreen</shortcut>
	<override action="fullscreen">
		<condition>Player.HasVideo</condition>
	</override>
	<override action="fullscreen">
		<condition>Player.HasAudio</condition>
		<action>ActivateWindow(musicplaylist)</action>
	</override>

<!--settings removal warning-->
	<warn heading="::LOCAL::19098" message="::LOCAL::31018">ActivateWindow(Settings)</warn>

<!--label overrides-->
	<availableshortcutlabel action="ActivateWindow(Videos,videodb://recentlyaddedmovies/,return)" type="342">$LOCALIZE[31705]</availableshortcutlabel>
	<availableshortcutlabel action="ActivateWindow(Videos,videodb://recentlyaddedepisodes/,return)" type="20360">$LOCALIZE[31705]</availableshortcutlabel>
	<availableshortcutlabel action="ActivateWindow(Videos,videodb://recentlyaddedmusicvideos/,return)" type="20389">$LOCALIZE[31705]</availableshortcutlabel>
	<availableshortcutlabel action="ActivateWindow(MusicLibrary,musicdb://recentlyaddedalbums/,return)" type="132">$LOCALIZE[31705]</availableshortcutlabel>
	<availableshortcutlabel action="ActivateWindow(MusicLibrary,musicdb://recentlyplayedalbums/,return)" type="132">$LOCALIZE[31016]</availableshortcutlabel>
	<availableshortcutlabel action="ActivateWindow(MusicLibrary,Addons,return)" type="249">$LOCALIZE[24001]</availableshortcutlabel>
	<availableshortcutlabel action="ActivateWindow(Videos,Addons,return)" type="291">$LOCALIZE[24001]</availableshortcutlabel>
	<availableshortcutlabel action="ActivateWindow(Pictures,Addons,return)" type="1">$LOCALIZE[24001]</availableshortcutlabel>
	<availableshortcutlabel action="ActivateWindow(Programs,Addons,return)" type="24001">$LOCALIZE[10506]</availableshortcutlabel>
	<availableshortcutlabel action="ActivateWindow(addonbrowser)" type="32034">$LOCALIZE[10040]</availableshortcutlabel>

<!--icon overrides-->
	<icon image="DefaultShortcut.png" grouping="settings">DefaultIconSettings.png</icon>
	<icon labelID="weather">DefaultAddonWeather.png</icon>
	<icon labelID="1036">DefaultIconFavourite.png</icon>
	<icon labelID="settings">DefaultIconSettings.png</icon>
	<icon labelID="32058">DefaultAddonWebSkin.png</icon><!--create shortcut here-->
	<icon labelID="1036">DefaultIconFavourite.png</icon>
	<icon labelID="10007">DefaultIconInfo.png</icon><!--system information-->
	<icon labelID="14111">DefaultIconEvents.png</icon><!--events-->
	<icon labelID="13200">DefaultIconProfile.png</icon><!--profiles-->
	<!--commands-->
	<icon labelID="13013">DefaultIconKodi.png</icon><!--reboot-->
	<icon labelID="13005">DefaultIconKodi.png</icon><!--shutdown-->
	<icon labelID="13016">DefaultIconKodi.png</icon><!--power off system-->
	<icon labelID="13009">DefaultIconKodi.png</icon><!--quit-->
	<icon labelID="13010">DefaultIconKodi.png</icon><!--hibernate-->
	<icon labelID="13011">DefaultIconKodi.png</icon>><!--suspend-->
	<icon labelID="19026">DefaultIconKodi.png</icon><!--add timer-->
	<icon labelID="20151">DefaultIconKodi.png</icon><!--cancel shutdown timer-->
	<icon labelID="24008">DefaultIconKodi.png</icon><!--screensaver-->
	<icon labelID="13014">DefaultIconKodi.png</icon><!--minimise-->
	<icon labelID="13013">DefaultIconKodi.png</icon><!--master mode-->
	<icon labelID="15023">DefaultIconKodi.png</icon><!--rip audio cd-->
	<icon labelID="32046">DefaultIconKodi.png</icon><!--update video library-->
	<icon labelID="32047">DefaultIconKodi.png</icon><!--update audio library-->
	<icon labelID="32055">DefaultIconKodi.png</icon><!--clean video library-->
	<icon labelID="32056">DefaultIconKodi.png</icon><!--clean audio library-->
	
<!--backgrounds-->
	<backgroundBrowse default="">True</backgroundBrowse>
	<background label="smartshortcuts">||BROWSE||plugin://script.skin.helper.service/?action=backgrounds</background>
	<background label="smartshortcuts">||BROWSE||special://skin/backgrounds</background>

</overrides>