<template>
	<other include="widget_Vertical">
		<!-- This will match against any menu items with a <property name="widgetPath" /> element -->
		<condition tag="property" attribute="name|widgetPath"></condition>

		<!-- Pull out the widgetPath and widgetTarget properties from the menu item -->
		<property name="path" tag="property" attribute="name|widgetPath" />
		<property name="target" tag="property" attribute="name|widgetTarget" />

		<controls>
			<control type="list" id="9200">
				<skinshortcuts>visibility</skinshortcuts>
				<left>320</left>
				<width>1620</width>
				<height>screen_Height</height>
				<onleft>9000</onleft>
				<onleft>ClearProperty(WidgetState)</onleft>
				<onleft>noop</onleft>
				<onup>9200</onup>
				<ondown>9200</ondown>
				<onback>ClearProperty(WidgetState)</onback>
				<onback>9000</onback>
				<oninfo>SetProperty(ExtInfo,open,Home)</oninfo>
				<oninfo>$VAR[widget:OnInfo]</oninfo>
				<orientation>vertical</orientation>
				<preloaditems>2</preloaditems>
				<pagecontrol>70</pagecontrol>
				<include>focus</include>
				<include>transition_Home</include>
				<include>global_Scrolltime</include>
				<include>toggle_Widget</include>
				<itemlayout width="screen_Width" height="screen_Height">
					<include>widget_Item-Art</include>
					<include>widget_Item-Info</include>
				</itemlayout>
				<focusedlayout width="screen_Width" height="screen_Height">
					<include>widget_Item-Art</include>
					<include>widget_Item-Info</include>
				</focusedlayout>
				<!--insert the properties pulled from the main menu-->
				<content target="$SKINSHORTCUTS[target]">$SKINSHORTCUTS[path]</content>
			</control>
		</controls>
	</other>

	<other include="widget_Horizontal">
		<!-- This will match against any menu items with a <property name="widgetPath" /> element -->
		<condition tag="property" attribute="name|widgetPath"></condition>

		<!-- Pull out the widgetPath and widgetTarget properties from the menu item -->
		<property name="path" tag="property" attribute="name|widgetPath" />
		<property name="target" tag="property" attribute="name|widgetTarget" />

		<controls>
			<control type="list" id="9200">
				<skinshortcuts>visibility</skinshortcuts>
				<left>0</left>
				<width>screen_Width</width>
				<height>screen_Height</height>
				<onleft>9200</onleft>
				<onleft>9200</onleft>
				<onup>noop</onup>
				<ondown>ClearProperty(WidgetState)</ondown>
				<ondown>9000</ondown>
				<onback>ClearProperty(WidgetState)</onback>
				<onback>9000</onback>
				<oninfo>$VAR[widget:OnInfo]</oninfo>
				<orientation>horizontal</orientation>
				<preloaditems>2</preloaditems>
				<pagecontrol>71</pagecontrol>
				<include>focus</include>
				<include>transition_Home</include>
				<include>global_Scrolltime</include>
				<include>toggle_Widget</include>
				<itemlayout width="screen_Width" height="screen_Height">
					<include>widget_Item-Art</include>
					<include>widget_Item-Info</include>
				</itemlayout>
				<focusedlayout width="screen_Width" height="screen_Height">
					<include>widget_Item-Art</include>
					<include>widget_Item-Info</include>
				</focusedlayout>
				<!--insert the properties pulled from the main menu-->
				<content target="$SKINSHORTCUTS[target]">$SKINSHORTCUTS[path]</content>
			</control>
		</controls>
	</other>

	<other include="widget_Alternate">
		<!-- This will match against any menu items with a <property name="widgetPath" /> element -->
		<condition tag="property" attribute="name|widgetPath"></condition>

		<!-- Pull out the widgetPath and widgetTarget properties from the menu item -->
		<property name="path" tag="property" attribute="name|widgetPath" />
		<property name="target" tag="property" attribute="name|widgetTarget" />

		<controls>
			<control type="list" id="9200">
				<skinshortcuts>visibility</skinshortcuts>
				<left>375</left>
				<top>210</top>
				<width>905</width>
				<height>300</height>
				<onleft>9000</onleft>
				<onleft>ClearProperty(WidgetState)</onleft>
				<onright>9200</onright>
				<onup>9000</onup>
				<ondown>9000</ondown>
				<onback>ClearProperty(WidgetState)</onback>
				<onback>9000</onback>
				<oninfo>SetProperty(ExtInfo,open,Home)</oninfo>
				<oninfo>$VAR[widget:OnInfo]</oninfo>
				<orientation>horizontal</orientation>
				<preloaditems>2</preloaditems>
				<pagecontrol>70</pagecontrol>
				<include>transition_Home</include>
				<include>global_Scrolltime</include>
				<include>fadeinout</include>
				<itemlayout width="193" height="300">
					<include>view_Icon-Frame</include>
					<include>view_Icon-Art</include>
					
				</itemlayout>
				<focusedlayout width="193" height="300">
					<control type="group">
						<visible>Control.HasFocus(9200)</visible>
						<include content="view_Icon-Frame">
							<param name="State" value="frames/frame-fo.png" />
						</include>
						<include>view_Icon-Art</include>
					</control>
					<control type="group">
						<visible>!Control.HasFocus(9200)</visible>
						<include>view_Icon-Frame</include>
						<include>view_Icon-Art</include>
					</control>
				</focusedlayout>
				<!--insert the properties pulled from the main menu-->
				<content target="$SKINSHORTCUTS[target]">$SKINSHORTCUTS[path]</content>
			</control>
		</controls>
	</other>
</template>