<?xml version="1.0" encoding="UTF-8" standalone="yes"?>
<addon id="resource.images.languageflags-flat" name="Language Flags Colour Flat" version="0.0.2" provider-name="Jeroen">
	<extension point="kodi.resource.images" compile="true" type="languageflags" />
	<requires>
		<import addon="kodi.resource" version="1.0.0"/>
	</requires>
	<extension point="xbmc.addon.metadata">
		<summary lang="en">Flat coloured icons with rounded corners</summary>
		<description lang="en">Flat coloured icons with rounded corners. Icons designed by Muharrem Senyil</description>
		<platform>all</platform>
		<license></license>
		<forum></forum>
		<website>https://dribbble.com/msenyil</website>
		<email></email>
		<source>https://github.com/jeroenpardon/resource.images.languageflags.colour-flat</source>
	</extension>
</addon>
