<?xml version="1.0" encoding="UTF-8"?>
<window id="1110">
	<defaultcontrol always="true">50</defaultcontrol>
	<menucontrol>7000</menucontrol>

	<controls>

	<!--menu trigger-->
		<control type="button" id="5500">
			<onfocus>Control.SetFocus(50)</onfocus>
			<visible allowhiddenfocus="true">false</visible>
		</control>

	<!--background-->
		<include content="background_Global">
			<param name="GridTexture">overlays/108.png</param>
		</include>

		<control type="group">
			<include>toggle_Menu</include>

			<!--window chrome-->		
			<control type="group">
				<include>transition_Chrome</include>
				<include content="global_WindowChrome">
					<param name="Title">$VAR[window:Title.Media]</param>
				</include>
			</control>

			<!--content-->
			<control type="group">
				<left>0</left>
				<top>108</top>
				<include>transition_Content</include>
				<control type="list" id="50">
					<width>screen_Width</width>
					<height>972</height>
					<onleft>7012</onleft>
					<include>global_ListScroll</include>
					<itemlayout width="screen_Width" height="108">
						<include content="view_List-Data">
							<param name="TextureWidth">128</param>
							<param name="SymbolSize">128</param>
							<param name="Symbol">$INFO[ListItem.Property(Symbol)]</param>
							<param name="Label2">$INFO[ListItem.Label2]</param>
						</include>
					</itemlayout>
					<focusedlayout width="screen_Width" height="108">
						<include content="view_List-Data">
							<param name="ItemWidth">1920</param>
							<param name="SymbolSize">128</param>
							<param name="DiffuseLevel">75</param>
							<param name="DiffuseColor">$VAR[color:Accent]</param>
							<param name="Symbol">$INFO[ListItem.Property(Symbol)]</param>
							<param name="Label2">$INFO[ListItem.Label2]</param>
							<param name="TextColor">$VAR[color:Main]</param>
							<param name="TextColor2">$VAR[color:Main]</param>
							<param name="SymbolColor">$VAR[color:Main]</param>
							<param name="Selected">true</param>
						</include>
					</focusedlayout>
					<content>
						<!-- Video -->
						<item id="1">
							<label>$LOCALIZE[157]</label>
							<label2>$INFO[Window(Home).Property(SkinHelper.TotalVideoAddons),, $LOCALIZE[31073]]</label2>
							<property name="Symbol">&#57352;</property>
							<onclick>ActivateWindow(Videos,addons://sources/video/,return)</onclick>
						</item>
						<!-- Audio -->
						<item>
							<label>$LOCALIZE[249]</label>
							<label2>$INFO[Window(Home).Property(SkinHelper.TotalAudioAddons),, $LOCALIZE[31073]]</label2>
							<property name="Symbol">&#57443;</property>
							<onclick>ActivateWindow(Music,addons://sources/audio/,return)</onclick>
						</item>
						<!-- Pictures -->
						<item>
							<label>$LOCALIZE[1]</label>
							<label2>$INFO[Window(Home).Property(SkinHelper.TotalPicturesAddons),, $LOCALIZE[31073]]</label2>
							<property name="Symbol">&#57394;</property>
							<onclick>ActivateWindow(Pictures,addons://sources/image/,return)</onclick>
						</item>
						<!-- Programs -->
						<item>
							<label>$LOCALIZE[0]</label>
							<label2>$INFO[Window(Home).Property(SkinHelper.TotalProgramAddons),, $LOCALIZE[31073]]</label2>
							<property name="Symbol">&#57498;</property>
							<onclick>ActivateWindow(Programs,addons://sources/executable/,return)</onclick>
						</item>
						<!-- My add-ons-->
						<item>
							<label>$LOCALIZE[24998]</label>
							<label2>$INFO[Window(Home).Property(SkinHelper.TotalAddons),, $LOCALIZE[31073]]</label2>
							<property name="Symbol">&#58937;</property>
							<onclick>ActivateWindow(AddonBrowser,addons://user/,return)</onclick>
						</item>
						<!-- Recently added -->
						<item>
							<label>$LOCALIZE[24004]</label>
							<property name="Symbol">&#57496;</property>
							<onclick>ActivateWindow(AddonBrowser,addons://recently_updated/,return)</onclick>
						</item>
						<!-- Install from repository -->
						<item>
							<label>$LOCALIZE[24033]</label>
							<property name="Symbol">&#59005;</property>
							<onclick>ActivateWindow(AddonBrowser,addons://repos/,return)</onclick>
						</item>
						<!-- Install from zip file -->
						<item>
							<label>$LOCALIZE[24041]</label>
							<property name="Symbol">&#58980;</property>
							<onclick>Close</onclick>
							<onclick>SetProperty(BrowseAddons,True,home)</onclick>
							<onclick>ActivateWindow(AddonBrowser,addons://)</onclick>
							<onclick>SetFocus(50,3)</onclick>
							<onclick>Select</onclick>
						</item>
						<!-- Add-on browser -->
						<item>
							<label>$LOCALIZE[10040]</label>
							<property name="Symbol">&#57413;</property>
							<onclick>ActivateWindow(AddonBrowser,root,return)</onclick>
						</item>
					</content>
				</control>
			</control>
		</control>

		<!--scrollbars-->
		<include>global_Scrollbar</include>

		<!--menu-->
		<include>menu_Options</include>

	</controls>
</window>