<?xml version="1.0" encoding="UTF-8"?>
<window type="dialog" id="1105">
	<visible>Player.HasMedia + !Window.IsVisible(home) + !Window.IsActive(screensaver) + !Window.IsVisible(startup) + !Window.IsVisible(visualisation) + !Window.IsVisible(notification) + !Window.IsVisible(extendedprogressdialog) + ![Window.IsVisible(DialogVolumeBar.xml) + !Player.Muted]</visible>
	<controls>
		<control type="group">
			<visible>!Window.IsVisible(fullscreenvideo) + !Window.IsActive(screensaver)</visible>
			<control type="group">
				<visible>!Window.IsActive(home)</visible>
				<include content="global_Notification" condition="!String.IsEqual(Skin.String(view.list.art.Label),posters) | String.Contains(Container.FolderPath,pvr://channels/)">
					<param name="Left">1036</param>
					<param name="Height">108</param>
					<param name="Width">756</param>
					<param name="Symbol">$VAR[toast:Symbol]</param>
					<param name="Label1">$VAR[toast:PlayingTitle]</param>
					<param name="Label2">$VAR[toast:PlayingInfo]</param>
					<param name="ProgressID">2998</param>
					<param name="ProgressInfo">Player.Progress</param>
					<param name="TextColor">$VAR[color:Main]</param>
				</include>
				<include content="global_Notification" condition="String.IsEqual(Skin.String(view.list.art.Label),posters) + !String.Contains(Container.FolderPath,pvr://channels/)">
					<param name="Left">1124</param>
					<param name="Height">108</param>
					<param name="Width">668</param>
					<param name="Symbol">$VAR[toast:Symbol]</param>
					<param name="Label1">$VAR[toast:PlayingTitle]</param>
					<param name="Label2">$VAR[toast:PlayingInfo]</param>
					<param name="ProgressID">2998</param>
					<param name="ProgressInfo">Player.Progress</param>
					<param name="TextColor">$VAR[color:Main]</param>
				</include>
			</control>
		</control>
	</controls>
</window>