<?xml version="1.0" encoding="UTF-8"?>
<window type="dialog">
	<defaultcontrol always="true">500</defaultcontrol>
	<controls>

	<!--background-->
		<include content="background_Global">
			<param name="GridTexture">overlays/90.png</param>
		</include>

	<!--chrome-->
		<control type="group">
			<include>transition_Chrome</include>
			<include content="global_WindowChrome">
				<param name="Title">$VAR[window:Title.Dialog]</param>
				<param name="ShowItemCount">false</param>
			</include>
		</control>

	<!--content-->
		<control type="group">
			<left>128</left>
			<top>198</top>
			<include>transition_Content</include>
			<control type="grouplist" id="500">
				<width>1664</width>
				<height min="90" max="810">auto</height>
				<itemgap>0</itemgap>
				<include>fadeinout</include>
				<control type="button" id="501">
					<width>1664</width>
					<label>$LOCALIZE[13012]</label>
					<onclick>Dialog.Close(all,true)</onclick>
					<onclick>SetProperty(IsExiting,true,Home)</onclick>
					<onclick>AlarmClock(ExitTimer,Quit(),0:03,silent)</onclick>
					<visible>System.ShowExitButton</visible>
				</control>
				<!--shutdown-->
				<control type="button" id="502">
					<width>1664</width>
					<label>$LOCALIZE[13016]</label>
					<onclick>Dialog.Close(all,true)</onclick>
					<onclick>SetProperty(IsExiting,true,Home)</onclick>
					<onclick>AlarmClock(ExitTimer,Powerdown(),0:03,silent)</onclick>
					<visible>System.CanPowerDown</visible>
				</control>
				<!--shutdown timer-->
				<control type="button" id="503">
					<width>1664</width>
					<label>$LOCALIZE[20150]</label>
					<onclick>AlarmClock(shutdowntimer,Shutdown())</onclick>
					<visible>!System.HasAlarm(shutdowntimer)</visible>
					<visible>System.CanPowerDown | System.CanSuspend | System.CanHibernate</visible>
				</control>
				<!--cancel shutdown timer-->
				<control type="button" id="504">
					<width>1664</width>
					<label>$LOCALIZE[20151]</label>
					<onclick>CancelAlarm(shutdowntimer)</onclick>
					<visible>System.HasAlarm(shutdowntimer)</visible>
				</control>
				<!--inhibit idle shutdown-->
				<control type="button" id="505">
					<width>1664</width>
					<label>$LOCALIZE[13017]</label>
					<onclick>InhibitIdleShutdown(true)</onclick>
					<visible>System.HasShutdown + !System.IsInhibit</visible>
				</control>
				<!--allow idle shutdown-->
				<control type="button" id="506">
					<width>1664</width>
					<label>$LOCALIZE[13018]</label>
					<onclick>InhibitIdleShutdown(false)</onclick>
					<visible>System.HasShutdown + System.IsInhibit</visible>
				</control>
				<!--suspend-->
				<control type="button" id="507">
					<width>1664</width>
					<label>$LOCALIZE[13011]</label>
					<onclick>AlarmClock(ExitTimer,Suspend(),0:03,silent)</onclick>
					<visible>System.CanSuspend</visible>
				</control>
				<!--hibernate-->
				<control type="button" id="508">
					<width>1664</width>
					<label>$LOCALIZE[13010]</label>
					<onclick>AlarmClock(ExitTimer,Hibernate(),0:03,silent)</onclick>
					<visible>System.CanHibernate</visible>
				</control>
				<!--reboot-->
				<control type="button" id="509">
					<width>1664</width>
					<label>$LOCALIZE[13013]</label>
					<onclick>Dialog.Close(all,true)</onclick>
					<onclick>SetProperty(IsExiting,true,Home)</onclick>
					<onclick>AlarmClock(ExitTimer,Reset(),0:03,silent)</onclick>
				</control>
				<!--logoff-->		
				<control type="button" id="510">
					<width>1664</width>
					<label>$LOCALIZE[20126] $INFO[System.Profilename]</label>
					<onclick>Dialog.Close(all,true)</onclick>
					<onclick>SetProperty(IsExiting,true,Home)</onclick>
					<onclick>AlarmClock(ExitTimer,System.LogOff,0:03,silent)</onclick>
					<visible>System.HasLoginScreen | Integer.IsGreater(System.ProfileCount,1)</visible>
					<visible>System.Loggedon</visible>
				</control>
				<!--master mode-->
				<control type="togglebutton" id="511">
					<width>1664</width>
					<label>$LOCALIZE[20046]</label>
					<altlabel>$LOCALIZE[20045]</altlabel>
					<usealttexture>!System.IsMaster</usealttexture>
					<onclick>Mastermode</onclick>
					<visible>System.HasLocks</visible>
				</control>
				<!--minimize-->
				<control type="button" id="512">
					<width>1664</width>
					<label>$LOCALIZE[13014]</label>
					<onclick>Minimize()</onclick>
				</control>
				<!--settings-->
				<control type="button" id="513">
					<width>1664</width>
					<label>$LOCALIZE[5]</label>
					<onclick>ActivateWindow(settings)</onclick>
				</control>
			</control>
		</control>
	</controls>
</window>