<?xml version="1.0" encoding="UTF-8"?>
<window>
	<defaultcontrol>3</defaultcontrol>

	<controls>

	<!-- Global includes -->
		<include>background_Global</include>

	<!-- Window chrome -->		
		<control type="group">
			<include>transition_Chrome</include>
			<include content="global_WindowChrome">
				<param name="ShowItemCount" value="false" />
			</include>
		</control>

	<!--content-->
		<control type="group">
			<left>128</left>
			<top>198</top>
			<include>transition_Content</include>
			<!-- Container to select icons in home menu customization dialog -->
			<control type="panel" id="3">
				<left>0</left>
				<width>1394</width>
				<height>810</height>
				<onright>9000</onright>
				<orientation>vertical</orientation>
				<visible>String.IsEqual(Window(Home).Property(SelectDialog),icon)</visible>
				<itemlayout width="90" height="90">
					<control type="image">
						<width>90</width>
						<height>90</height>
						<texture colordiffuse="ff000000">colorize/10.png</texture>
						<aspectratio>stretch</aspectratio>
					</control>
					<control type="label">
						<width>90</width>
						<height>90</height>
						<font>Symbols-32</font>
						<align>center</align>
						<aligny>center</aligny>
						<label>$INFO[ListItem.Label]</label>
						<textcolor>$VAR[color:Accent]</textcolor>
						<selectedcolor>$VAR[color:Accent]</selectedcolor>
					</control>
				</itemlayout>
				<focusedlayout width="90" height="90">
					<control type="image">
						<width>90</width>
						<height>90</height>
						<texture colordiffuse="$VAR[color:Accent]">colorize/75.png</texture>
						<aspectratio>stretch</aspectratio>
						<visible>Control.HasFocus(3)</visible>
					</control>
					<control type="label">
						<width>90</width>
						<height>90</height>
						<font>Symbols-32</font>
						<align>center</align>
						<aligny>center</aligny>
						<label>$INFO[ListItem.Label]</label>
						<textcolor>$VAR[color:Main]</textcolor>
						<selectedcolor>$VAR[color:Main]</selectedcolor>
					</control>
				</focusedlayout>
			</control>

			<!-- Normal list -->
			<include content="dialog_List" condition="!String.IsEqual(Window(Home).Property(SelectDialog),icon)">
				<param name="ID">3</param>
				<param name="Width">1358</param>
				<param name="Height">810</param>
				<param name="ItemHeight">90</param>
				<param name="Label1">$INFO[ListItem.Label]</param>
				<param name="OnRight">9000</param>
				<param name="OnUp">3</param>
				<param name="OnDown">3</param>
			</include>

			<!-- List with preview -->
			<control type="group">
				<control type="image">
					<width>567</width>
					<height>810</height>
					<texture>$INFO[Container(6).ListItem.Icon]</texture>
					<fadetime>fadetime_Thumb</fadetime>
					<aspectratio align="right" aligny="bottom">keep</aspectratio>
				</control>
				<control type="image">
					<top>810</top>
					<width>567</width>
					<height>810</height>
					<texture flipy="true" diffuse="views/diffuse/portrait.png">$INFO[Container(6).ListItem(0).Icon]</texture>
					<fadetime>fadetime_Thumb</fadetime>
					<aspectratio align="right" aligny="top">keep</aspectratio>
				</control>
				<include content="dialog_List">
					<param name="ID">6</param>
					<param name="Left">657</param>
					<param name="Width">700</param>
					<param name="TextWidth">544</param>
					<param name="Height">810</param>
					<param name="ItemHeight">90</param>
					<param name="ItemWidth">1024</param>
					<param name="Label">$INFO[ListItem.Label]</param>
					<param name="ShowArt">true</param>
					<param name="OnUp">6</param>
					<param name="OnDown">6</param>
					<param name="OnRight">9000</param>
				</include>
			</control>

			<!-- Dialog buttons -->
			<control type="grouplist" id="9000">
				<right>128</right>
				<width min="108" max="216">auto</width>
				<height>90</height>
				<itemgap>0</itemgap>
				<onleft condition="Control.IsVisible(6)">6</onleft>
				<onleft condition="Control.IsVisible(3)">3</onleft>
				<onright>noop</onright>
				<ondown>5</ondown>
				<align>right</align>
				<orientation>horizontal</orientation>
				<!-- Manual -->
				<control type="button" id="55">
					<label>&#57475;</label>
					<font>Symbols-24</font>
					<width>108</width>
					<onclick>SendClick(5)</onclick>
					<include>button_Dialog</include>
					<visible>Control.IsVisible(5)</visible>
				</control>
				<!-- Cancel -->
				<control type="button" id="77">
					<label>&#58950;</label>
					<font>Symbols-24</font>
					<width>108</width>
					<onclick>SendClick(7)</onclick>
					<include>button_Dialog</include>
					<visible>Control.IsVisible(7)</visible>
				</control>
			</control>

			<!-- Actual buttons. hide offscreen so we can set a custom label using 55 and 77 -->
			<control type="button" id="5">
				<left>-2000</left>
				<width>1</width>
				<height>1</height>
				<label></label>
			</control>
			<control type="button" id="7">
				<left>-2000</left>
				<width>1</width>
				<height>1</height>
				<label></label>
			</control>
		</control>
	</controls>
</window>