<?xml version="1.0" encoding="UTF-8"?>
<window>
	<defaultcontrol>9000</defaultcontrol>

	<controls>

		<include>background_Global</include>

	<!-- Window chrome -->		
		<control type="group">
			<include>transition_Chrome</include>
			<include content="global_WindowChrome">
				<param name="Title">$VAR[window:Title.Dialog]</param>
				<param name="ShowItemCount">false</param>
			</include>
		</control>

	<!-- Content -->
		<control type="group">
			<left>128</left>
			<top>378</top>
			<width>1664</width>
			<include>transition_Content</include>
			<control type="textbox" id="9">
				<top>24</top>
				<left>256</left>
				<width>1152</width>
				<height>432</height>
				<font>Slab-24-S</font>
				<textcolor>$VAR[color:Accent]</textcolor>
				<align>center</align>
				<autoscroll time="3000" delay="4000" repeat="5000">true</autoscroll>
			</control>
			<control type="progress" id="20">
				<info>Player.Progressbar</info>
				<visible>false</visible>
			</control>

		<!-- Dialog buttons -->
			<control type="grouplist" id="9000">
				<centerleft>50%</centerleft>
				<top>360</top>
				<width>1664</width>
				<height>90</height>
				<onup>50</onup>
				<onleft>noop</onleft>
				<onright>71</onright>
				<align>center</align>
				<itemgap>0</itemgap>
				<orientation>horizontal</orientation>
				<!-- Ok -->
				<control type="button" id="11">
					<label>$LOCALIZE[107]</label>
					<width>256</width>
					<font>Black-24</font>
					<include>button_Dialog</include>
				</control>
				<!-- Cancel -->
				<control type="button" id="10">
					<label>$LOCALIZE[106]</label>
					<width>256</width>
					<font>Black-24</font>
					<include>button_Dialog</include>
				</control>
			</control>
		</control>
	</controls>
</window>