<?xml version="1.0" encoding="UTF-8"?>
<window>
	<controls>
		<control type="group">
			<include>fadeinout</include>
			<visible>!Window.IsVisible(fullscreeninfo) + !Window.IsActive(videoosd)</visible>
			<control type="image">
				<width>512</width>
				<height>screen_Height</height>
				<texture colordiffuse="ff000000">colorize/60.png</texture>
			</control>
			<control type="image">
				<width>512</width>
				<height>screen_Height</height>
				<texture colordiffuse="ff000000">overlays/90-10.png</texture>
			</control>
			<control type="grouplist">
				<left>10</left>
				<top></top>
				<width>500</width>
				<height>Screen_Height</height>
				<itemgap>0</itemgap>
				<orientation>vertical</orientation>
				<!--video-->
				<control type="label">
					<label>[UPPERCASE][B]$LOCALIZE[157][/B][/UPPERCASE]</label>
					<height>90</height>
					<include>global_Header</include>	
				</control>
				<control type="label">
					<label>$VAR[player:Decoder]</label>
					<height>45</height>
					<include>global_Label</include>
				</control>
				<control type="label">
					<label>$LOCALIZE[157]: $INFO[Player.Process(videodecoder),,]$INFO[Player.Process(pixformat), / ,]</label>
					<height>45</height>
					<include>global_Label</include>
					<visible>!String.IsEmpty(Player.Process(videodecoder)) | !String.IsEmpty(Player.Process(pixformat))</visible>
				</control>
				<control type="label">
					<label>$INFO[Player.Process(deintmethod),$LOCALIZE[16038]: ]</label>
					<height>45</height>
					<include>global_Label</include>
					<visible>!String.IsEmpty(Player.Process(deintmethod))</visible>
				</control>
				<control type="label">
					<label>$LOCALIZE[169]: $INFO[Player.Process(videowidth),,x]$INFO[Player.Process(videoheight),,px]$INFO[Player.Process(videodar), ,AR]$INFO[Player.Process(videofps), ,FPS]</label>
					<height>45</height>
					<include>global_Label</include>
					<visible>!String.IsEmpty(Player.Process(videowidth)) | !String.IsEmpty(Player.Process(videoheight)) | !String.IsEmpty(Player.Process(videodar))</visible>
				</control>
				<!--audio-->
				<control type="label">
					<label>[UPPERCASE][B]$LOCALIZE[292][/B][/UPPERCASE]</label>
					<height>90</height>
					<include>global_Header</include>	
				</control>
				<control type="label">
					<label>$LOCALIZE[292]: $INFO[Player.Process(audiodecoder),Decoder ',']$INFO[Player.Process(audiobitspersample), ,Bit]$INFO[Player.Process(audiosamplerate), ,Hz]</label>
					<height>45</height>
					<include>global_Label</include>
					<visible>!String.IsEmpty(Player.Process(audiodecoder)) | !String.IsEmpty(Player.Process(audiosamplerate)) | !String.IsEmpty(Player.Process(audiobitspersample))</visible>
				</control>
				<control type="label">
					<label>$INFO[Player.Process(audiochannels),$LOCALIZE[19019]: ]</label>
					<height>45</height>
					<include>global_Label</include>
					<visible>!String.IsEmpty(Player.Process(audiochannels))</visible>
				</control>
				<control type="label">
					<label>[UPPERCASE][B]$LOCALIZE[13000][/B][/UPPERCASE]</label>
					<height>90</height>
					<include>global_Header</include>	
				</control>
				<control type="label">
					<label>$INFO[System.CpuUsage,$LOCALIZE[13271] ]</label>
					<height>45</height>
					<include>global_Label</include>
				</control>
				<control type="label">
					<label>$INFO[System.Memory(used.percent),$LOCALIZE[31552]: ]</label>
					<height>45</height>
					<include>global_Label</include>
				</control>
				<control type="label">
					<label>[UPPERCASE][B]PVR[/B][/UPPERCASE]</label>
					<height>90</height>
					<include>global_Header</include>	
				</control>
				<control type="label">
					<label>$INFO[PVR.ActStreamClient,$LOCALIZE[19012]: ]</label>
					<height>45</height>
					<include>global_Label</include>
				</control>
				<control type="label">
					<label>$INFO[PVR.ActStreamDevice,$LOCALIZE[19006]: ]</label>
					<height>45</height>
					<include>global_Label</include>
				</control>
				<control type="label">
					<label>$INFO[PVR.ActStreamStatus,$LOCALIZE[19008]: ]</label>
					<height>45</height>
					<include>global_Label</include>
				</control>
				<control type="label">
					<label>$INFO[PVR.ActStreamSNR,$LOCALIZE[19009]: ]</label>
					<height>45</height>
					<include>global_Label</include>
				</control>
				<control type="label">
					<label>$INFO[PVR.ActStreamBER,$LOCALIZE[19010]: ]</label>
					<height>45</height>
					<include>global_Label</include>
					<visible>!String.IsEmpty(PVR.ActStreamBER)</visible>
				</control>
				<control type="label">
					<label>$INFO[PVR.ActStreamUNC,$LOCALIZE[19011]: ]</label>
					<height>45</height>
					<include>global_Label</include>
				</control>
				<control type="label">
					<label>$INFO[PVR.ActStreamServiceName,$LOCALIZE[19099]: ]</label>
					<height>45</height>
					<include>global_Label</include>
				</control>
				<control type="label">
					<label>$INFO[PVR.ActStreamEncryptionName,$LOCALIZE[19015]: ]</label>
					<height>45</height>
					<include>global_Label</include>
				</control>
				<control type="label">
					<label>$INFO[PVR.ActStreamProviderName,$LOCALIZE[19101]: ]</label>
					<height>45</height>
					<include>global_Label</include>
				</control>
				<control type="label">
					<label>$INFO[PVR.ActStreamMux,$LOCALIZE[19100]: ]</label>
					<height>45</height>
					<include>global_Label</include>
				</control>
			</control>
		</control>
	</controls>
</window>