<?xml version="1.0" encoding="UTF-8"?>
<fonts>
	<fontset id="Default">

		<!-- Condensed -->
		<font>
			<name>CondensedLight-32</name>
			<filename>Default/CondensedLight.ttf</filename>
			<size>32</size>
			<style>uppercase</style>
		</font>
		<font>
			<name>CondensedLight-48</name>
			<filename>Default/CondensedLight.ttf</filename>
			<size>48</size>
			<style>uppercase</style>
		</font>
		<font>
			<name>CondensedBold-36</name>
			<filename>Default/CondensedBold.ttf</filename>
			<size>36</size>
			<style>uppercase</style>
		</font>
		<font>
			<name>CondensedBold-52</name>
			<filename>Default/CondensedBold.ttf</filename>
			<size>60</size>
			<style>uppercase</style>
		</font>
		
		<!-- Debug -->
		<font>
			<name>Debug</name>
			<filename>Default/Debug.ttf</filename>
			<size>11</size>
		</font>

		<!-- Weather -->
 		<font>
 			<name>Weather-32</name>
 			<filename>Default/Weather.ttf</filename>
 			<size>54</size>
 		</font>

		<!-- Symbols -->
		<font>
			<name>Symbols-22</name>
			<filename>Default/Symbols.ttf</filename>
			<size>22</size>
		</font>
		<font>
			<name>Symbols-24</name>
			<filename>Default/Symbols.ttf</filename>
			<size>24</size>
		</font>
		<font>
			<name>Symbols-26</name>
			<filename>Default/Symbols.ttf</filename>
			<size>26</size>
		</font>
		<font>
			<name>Symbols-28</name>
			<filename>Default/Symbols.ttf</filename>
			<size>28</size>
		</font>
		<font>
			<name>Symbols-32</name>
			<filename>Default/Symbols.ttf</filename>
			<size>32</size>
		</font>
		<font>
			<name>Symbols-38</name>
			<filename>Default/Symbols.ttf</filename>
			<size>38</size>
		</font>
		<font>
			<name>Symbols-46</name>
			<filename>Default/Symbols.ttf</filename>
			<size>46</size>
		</font>
		<font>
			<name>Symbols-64</name>
			<filename>Default/Symbols.ttf</filename>
			<size>64</size>
		</font>

		<!-- Black -->
		<font>
			<name>Black-18</name>
			<filename>Default/Black.ttf</filename>
			<size>18</size>
			<style>uppercase</style>
		</font>
		<font>
			<name>Black-20</name>
			<filename>Default/Black.ttf</filename>
			<size>20</size>
			<style>uppercase</style>
		</font>
		<font>
			<name>Black-22</name>
			<filename>Default/Black.ttf</filename>
			<size>22</size>
			<style>uppercase</style>
		</font>
		<font>
			<name>Black-24</name>
			<filename>Default/Black.ttf</filename>
			<size>24</size>
			<style>uppercase</style>
		</font>
		<font>
			<name>Black-26</name>
			<filename>Default/Black.ttf</filename>
			<size>26</size>
			<style>uppercase</style>
		</font>
		<font>
			<name>Black-28</name>
			<filename>Default/Black.ttf</filename>
			<size>28</size>
			<style>uppercase</style>
		</font>
		<font>
			<name>Black-32</name>
			<filename>Default/Black.ttf</filename>
			<size>32</size>
			<style>uppercase</style>
		</font>
		<font>
			<name>Black-40</name>
			<filename>Default/Black.ttf</filename>
			<size>42</size>
			<style>uppercase</style>
		</font>
		<font>
			<name>Black-42</name>
			<filename>Default/Black.ttf</filename>
			<size>42</size>
			<style>uppercase</style>
		</font>
		<font>
			<name>Black-48</name>
			<filename>Default/Black.ttf</filename>
			<size>48</size>
			<style>uppercase</style>
		</font>
		<font>
			<name>Black-52</name>
			<filename>Default/Black.ttf</filename>
			<size>52</size>
			<style>uppercase</style>
		</font>
		<font>
			<name>Black-54</name>
			<filename>Default/Black.ttf</filename>
			<size>54</size>
			<style>uppercase</style>
		</font>
		<font>
			<name>Black-60</name>
			<filename>Default/Black.ttf</filename>
			<size>60</size>
			<style>uppercase</style>
		</font>
		<font>
			<name>Black-64</name>
			<filename>Default/Black.ttf</filename>
			<size>64</size>
			<style>uppercase</style>
		</font>
		<font>
			<name>Black-72</name>
			<filename>Default/Black.ttf</filename>
			<size>72</size>
			<style>uppercase</style>
		</font>

		<!-- Light -->
		<font>
			<name>Light-32</name>
			<filename>Default/Light.ttf</filename>
			<size>32</size>
			<style>uppercase</style>
		</font>

		<font>
			<name>Light-48</name>
			<filename>Default/Light.ttf</filename>
			<size>48</size>
			<style>uppercase</style>
		</font>

		<!-- Thin -->
		<font>
			<name>Thin-36</name>
			<filename>Default/Thin.ttf</filename>
			<size>36</size>
			<style>uppercase</style>
		</font>
		<font>
			<name>Thin-42</name>
			<filename>Default/Thin.ttf</filename>
			<size>42</size>
			<style>uppercase</style>
		</font>
		<font>
			<name>Thin-46</name>
			<filename>Default/Thin.ttf</filename>
			<size>46</size>
			<style>uppercase</style>
		</font>
		<font>
			<name>Thin-48</name>
			<filename>Default/Thin.ttf</filename>
			<size>48</size>
			<style>uppercase</style>
		</font>
		<font>
			<name>Thin-64</name>
			<filename>Default/Thin.ttf</filename>
			<size>64</size>
			<style>uppercase</style>
		</font>

		<!-- Slab -->
		<font>
			<name>Slab-20</name>
			<filename>Default/Slab.ttf</filename>
			<size>20</size>
			<linespacing>1</linespacing>
		</font>
		<font>
			<name>Slab-22</name>
			<filename>Default/Slab.ttf</filename>
			<size>22</size>
			<linespacing>1.3</linespacing>
		</font>
		<font>
			<name>Slab-24</name>
			<filename>Default/Slab.ttf</filename>
			<size>24</size>
			<linespacing>1.3</linespacing>
		</font>
		<font>
			<name>Slab-24-S</name>
			<filename>Default/Slab.ttf</filename>
			<size>24</size>
			<linespacing>2.8</linespacing>
		</font>
		<font>
			<name>Slab-26</name>
			<filename>Default/Slab.ttf</filename>
			<size>26</size>
			<linespacing>1.3</linespacing>
		</font>
		<font>
			<name>Slab-32</name>
			<filename>Default/Slab.ttf</filename>
			<size>32</size>
			<linespacing>1.3</linespacing>
		</font>

		<!-- Regular -->
		<font>
			<name>Regular-18</name>
			<filename>Default/Regular.ttf</filename>
			<size>16</size>
			<style>uppercase</style>
		</font>
		<font>
			<name>Regular-20</name>
			<filename>Default/Regular.ttf</filename>
			<size>20</size>
			<style>uppercase</style>
		</font>
		<font>
			<name>Regular-20-L</name>
			<filename>Default/Regular.ttf</filename>
			<size>20</size>
		</font>
		<font>
			<name>Regular-22</name>
			<filename>Default/Regular.ttf</filename>
			<size>22</size>
			<style>uppercase</style>
		</font>
		<font> 
			<name>Regular-22-L</name>
			<filename>Default/Regular.ttf</filename>
			<size>22</size>
			<linespacing>1.2</linespacing>
		</font>
		<font>
			<name>Regular-32</name>
			<filename>Default/Regular.ttf</filename>
			<size>32</size>
			<style>uppercase</style>
		</font>
		<font>
			<name>Regular-60</name>
			<filename>Default/Regular.ttf</filename>
			<size>60</size>
			<style>uppercase</style>
		</font>

		<!-- Estuary fonts for add-on compatibility -->
		<font>
			<name>font10</name>
			<filename>Arial.ttf</filename>
			<size>18</size>
		</font>
		<font>
			<name>font12</name>
			<filename>Arial.ttf</filename>
			<size>22</size>
		</font>
		<font>
			<name>font13</name>
			<filename>Arial.ttf</filename>
			<size>27</size>
		</font>
		<font>
			<name>font14</name>
			<filename>Arial.ttf</filename>
			<size>30</size>
		</font>
		<font>
			<name>font16</name>
			<filename>Arial.ttf</filename>
			<size>34</size>
		</font>
		<font>
			<name>font30</name>
			<filename>Arial.ttf</filename>
			<size>42</size>
		</font>
		<font>
			<name>fontContextMenu</name>
			<filename>Arial.ttf</filename>
			<size>24</size>
		</font>
		<font>
			<name>font10_title</name>
			<filename>Arial.ttf</filename>
			<size>15</size>
			<style>bold</style>
		</font>
		<font>
			<name>font12_title</name>
			<filename>Arial.ttf</filename>
			<size>22</size>
			<style>bold</style>
		</font>
		<font>
			<name>font13_title</name>
			<filename>Arial.ttf</filename>
			<size>27</size>
			<style>bold</style>
		</font>
		<font>
			<name>font24_title</name>
			<filename>Arial.ttf</filename>
			<size>33</size>
			<style>bold</style>
		</font>
		<font>
			<name>font28_title</name>
			<filename>Arial.ttf</filename>
			<size>39</size>
			<style>bold</style>
		</font>
		<font>
			<name>font30_title</name>
			<filename>Arial.ttf</filename>
			<size>42</size>
			<style>bold</style>
		</font>
		<font>
			<name>font35_title</name>
			<filename>Arial.ttf</filename>
			<size>49</size>
			<style>bold</style>
		</font>
		<font>
			<name>font_MainMenu</name>
			<filename>Arial.ttf</filename>
			<size>52</size>
			<style>bold</style>
		</font>
		<font>
			<name>WeatherTemp</name>
			<filename>Arial.ttf</filename>
			<size>120</size>
			<style>bold</style>
		</font>
		<font>
			<name>Mono30</name>
			<filename>Arial.ttf</filename>
			<size>30</size>
		</font>
	</fontset>

<!-- Unicode -->
	<fontset id="Unicode">
		<font>
			<name>Debug</name>
			<filename>Default/Debug.ttf</filename>
			<size>11</size>
		</font>

		<!-- Symbols -->
		<font>
			<name>Symbols-24</name>
			<filename>Default/Symbols.ttf</filename>
			<size>24</size>
		</font>
		<font>
			<name>Symbols-26</name>
			<filename>Default/Symbols.ttf</filename>
			<size>26</size>
		</font>
		<font>
			<name>Symbols-28</name>
			<filename>Default/Symbols.ttf</filename>
			<size>28</size>
		</font>
		<font>
			<name>Symbols-32</name>
			<filename>Default/Symbols.ttf</filename>
			<size>32</size>
		</font>
		<font>
			<name>Symbols-38</name>
			<filename>Default/Symbols.ttf</filename>
			<size>38</size>
		</font>
		<font>
			<name>Symbols-64</name>
			<filename>Default/Symbols.ttf</filename>
			<size>64</size>
		</font>

		<!-- Black -->
		<font>
			<name>Black-18</name>
			<filename>Arial.ttf</filename>
			<size>18</size>
			<style>bold uppercase</style>
		</font>
		<font>
			<name>Black-20</name>
			<filename>Arial.ttf</filename>
			<size>20</size>
			<style>bold uppercase</style>
		</font>
		<font>
			<name>Black-22</name>
			<filename>Arial.ttf</filename>
			<size>22</size>
			<style>bold uppercase</style>
		</font>
		<font>
			<name>Black-24</name>
			<filename>Arial.ttf</filename>
			<size>24</size>
			<style>bold uppercase</style>
		</font>
		<font>
			<name>Black-26</name>
			<filename>Arial.ttf</filename>
			<size>26</size>
			<style>bold uppercase</style>
		</font>
		<font>
			<name>Black-28</name>
			<filename>Arial.ttf</filename>
			<size>28</size>
			<style>bold uppercase</style>
		</font>
		<font>
			<name>Black-32</name>
			<filename>Arial.ttf</filename>
			<size>32</size>
			<style>bold uppercase</style>
		</font>
		<font>
			<name>Black-48</name>
			<filename>Arial.ttf</filename>
			<size>48</size>
			<style>bold uppercase</style>
		</font>
		<font>
			<name>Black-72</name>
			<filename>Arial.ttf</filename>
			<size>72</size>
			<style>bold uppercase</style>
		</font>

		<!-- Thin -->
		<font>
			<name>Light-48</name>
			<filename>Default/Arial.ttf</filename>
			<size>48</size>
			<style>uppercase</style>
		</font>

		<font>
			<name>Thin-64</name>
			<filename>Default/Arial.ttf</filename>
			<size>64</size>
			<style>uppercase</style>
		</font>
		<font>
			<name>Light-64</name>
			<filename>Default/Arial.ttf</filename>
			<size>64</size>
			<style>uppercase</style>
		</font>

		<!-- Slab -->
		<font>
			<name>Slab-20</name>
			<filename>Default/Arial.ttf</filename>
			<size>20</size>
			<linespacing>1</linespacing>
		</font>
		<font>
			<name>Slab-24</name>
			<filename>Default/Arial.ttf</filename>
			<size>24</size>
			<linespacing>1.3</linespacing>
		</font>
		<font>
			<name>Slab-22</name>
			<filename>Default/Arial.ttf</filename>
			<size>22</size>
			<linespacing>1.3</linespacing>
		</font>

		<!-- Regular -->
		<font>
			<name>Regular-16</name>
			<filename>Default/Arial.ttf</filename>
			<size>16</size>
			<style>uppercase</style>
		</font>
		<font>
			<name>Regular-18</name>
			<filename>Default/Arial.ttf</filename>
			<size>16</size>
			<style>uppercase</style>
		</font>
		<font>
			<name>Regular-20</name>
			<filename>Default/Arial.ttf</filename>
			<size>20</size>
			<style>uppercase</style>
		</font>
		<font>
			<name>Regular-20-L</name>
			<filename>Default/Arial.ttf</filename>
			<size>20</size>
		</font>
		<font>
			<name>Regular-22</name>
			<filename>Default/Arial.ttf</filename>
			<size>22</size>
			<style>uppercase</style>
		</font>
		<font>
			<name>Regular-24</name>
			<filename>Default/Arial.ttf</filename>
			<size>24</size>
			<style>uppercase</style>
		</font>
		<font> 
			<name>Regular-22-L</name>
			<filename>Default/Arial.ttf</filename>
			<size>22</size>
			<linespacing>1.2</linespacing>
		</font>

		<!-- Estuary fonts for add-on compatibility -->
		<font>
			<name>font10</name>
			<filename>Arial.ttf</filename>
			<size>18</size>
		</font>
		<font>
			<name>font12</name>
			<filename>Arial.ttf</filename>
			<size>22</size>
		</font>
		<font>
			<name>font13</name>
			<filename>Arial.ttf</filename>
			<size>27</size>
		</font>
		<font>
			<name>font14</name>
			<filename>Arial.ttf</filename>
			<size>30</size>
		</font>
		<font>
			<name>font16</name>
			<filename>Arial.ttf</filename>
			<size>34</size>
		</font>
		<font>
			<name>font30</name>
			<filename>Arial.ttf</filename>
			<size>42</size>
		</font>
		<font>
			<name>fontContextMenu</name>
			<filename>Arial.ttf</filename>
			<size>24</size>
		</font>
		<font>
			<name>font10_title</name>
			<filename>Arial.ttf</filename>
			<size>15</size>
			<style>bold</style>
		</font>
		<font>
			<name>font12_title</name>
			<filename>Arial.ttf</filename>
			<size>22</size>
			<style>bold</style>
		</font>
		<font>
			<name>font13_title</name>
			<filename>Arial.ttf</filename>
			<size>27</size>
			<style>bold</style>
		</font>
		<font>
			<name>font24_title</name>
			<filename>Arial.ttf</filename>
			<size>33</size>
			<style>bold</style>
		</font>
		<font>
			<name>font28_title</name>
			<filename>Arial.ttf</filename>
			<size>39</size>
			<style>bold</style>
		</font>
		<font>
			<name>font30_title</name>
			<filename>Arial.ttf</filename>
			<size>42</size>
			<style>bold</style>
		</font>
		<font>
			<name>font35_title</name>
			<filename>Arial.ttf</filename>
			<size>49</size>
			<style>bold</style>
		</font>
		<font>
			<name>font_MainMenu</name>
			<filename>Arial.ttf</filename>
			<size>52</size>
			<style>bold</style>
		</font>
		<font>
			<name>WeatherTemp</name>
			<filename>Arial.ttf</filename>
			<size>120</size>
			<style>bold</style>
		</font>
		<font>
			<name>Mono30</name>
			<filename>Arial.ttf</filename>
			<size>30</size>
		</font>
	</fontset>
</fonts>