<?xml version="1.0" encoding="UTF-8"?>
<window>
	<defaultcontrol always="true">9000</defaultcontrol>

	<!--<onload condition="!Skin.HasSetting(FirstRunWidgets)">ActivateWindow(1106)</onload>-->
	<onload>AlarmClock(LoadHome,SetProperty(HomeInit,true),0:03,silent)</onload>
	
	<onload>SetProperty(SubMenuIsOpen,false,Home)</onload>
	<onfocus>SetProperty(ShowClock,true,Home)</onfocus>

	<!-- Skin Shortcuts -->
	<onload>RunScript(script.skinshortcuts,type=buildxml&amp;mode=single&amp;mainmenuID=9000&amp;group=mainmenu|optionsmenu)</onload>
	
	<!-- Skin Helper -->
	<onload condition="!Skin.HasSetting(SkinHelper.EnablePVRThumbs)">Skin.SetBool(SkinHelper.EnablePVRThumbs)</onload>
	<onload condition="!Skin.HasSetting(SkinHelper.EnableMusicArt)">Skin.SetBool(SkinHelper.EnableMusicArt)</onload>
	<onload condition="!Skin.HasSetting(SkinHelper.EnableExtendedArt)">Skin.SetBool(SkinHelper.EnableExtendedArt)</onload>

	<!-- Collapse menu on return -->
	<onunload condition="Skin.HasSetting(homemenu.collapse)">RunScript(script.skinshortcuts,type=hidesubmenu&amp;mainmenuID=9000)</onunload>

	<controls>

		<!-- Preload weather -->
		<control type="label">
			<font></font>
			<label>$INFO[Weather.Conditions]</label>
		</control>

		<!-- Main menu layouts -->
		<include condition="String.IsEqual(Skin.String(homemenu.layout),vertical) | String.IsEmpty(Skin.String(homemenu.layout))">home_Vertical</include>
		<include condition="String.IsEqual(Skin.String(homemenu.layout),horizontal)">home_Horizontal</include>
		<include condition="String.IsEqual(Skin.String(homemenu.layout),compact)">home_Compact</include>

		<!-- Post startup -->
		<control type="group">
			<include>screen_Dimensions</include>
			<animation type="Conditional" condition="!String.IsEmpty(Window(Home).Property(script.grab.fanart.Ready)) | !System.HasAddon(script.grab.fanart)">
				<effect type="fade" start="0" end="100" time="0" delay="0"/>
				<effect type="slide" start="0,0" end="0,1080" time="500" easing="InOut" tween="cubic" delay="2000"/>
			</animation>
			<include>startup_Background</include>
			<control type="group">
				<centerleft>50%</centerleft>
				<top>498</top>
				<width>200</width>
				<height>168</height> 
				<control type="image">
					<width>200</width>
					<height>84</height>
					<texture>logos/startup_01.png</texture>
					<aspectratio align="center">keep</aspectratio>
					<colordiffuse>$VAR[color:Accent]</colordiffuse>
				</control>
				<control type="image">
					<top>84</top>
					<width>200</width>
					<height>84</height>
					<texture>logos/startup_02.png</texture>
					<aspectratio align="center">keep</aspectratio>
					<colordiffuse>$VAR[color:Accent]</colordiffuse>
					<visible>!String.IsEmpty(Window(Home).Property(script.grab.fanart.Ready)) | !System.HasAddon(script.grab.fanart)</visible>
					<animation type="Conditional" condition="!String.IsEmpty(Window(Home).Property(script.grab.fanart.Ready)) | !System.HasAddon(script.grab.fanart)">
						<effect type="fade" start="0" end="100" time="250" delay="500"/>
						<effect type="slide" start="0,0" end="0,-84" time="500" easing="Out" tween="bounce" delay="500"/>
					</animation>
				</control>
			</control>
			<control type="group">
				<left>924</left>
				<bottom>108</bottom>
				<width>72</width>
				<height>72</height>
				<include>global_Busy</include>
				<visible>String.IsEmpty(Window(Home).Property(script.grab.fanart.Ready))</visible>
			</control>
		</control>

		<!-- Colorbox multiimage -->
		<control type="multiimage" id="7975">
			<left>-2160</left>
			<include>home_MultiImage</include>
			<imagepath background="true">$VAR[background:Home]</imagepath>
		</control>

	</controls>
</window>