<?xml version="1.0" encoding="UTF-8"?>
<window type="dialog" id="1131">
	<defaultcontrol always="true">100</defaultcontrol>
	<include>transition_Dialog</include>
	<coordinates>
		<system>1</system>
		<left>305</left>
		<top>38</top>
	</coordinates>
	<controls>
		<control type="group">
			<width>685</width>
			<height>615</height>
			<include content="dialog_WindowCommons">
				<param name="DialogHeader" value="$LOCALIZE[31722]"/>
				<param name="DialogHeaderID" value="1"/>
				<param name="DialogWidth" value="670"/>
				<param name="DialogHeight" value="615"/>
			</include>

			<control type="group">
				<top>60</top>
				<include content="dialog_Common-List">
					<param name="ID" value="3"/>
					<param name="ContainerWidth" value="592"/>
					<param name="ContainerHeight" value="480"/>
					<param name="Width" value="592"/>
					<param name="OnUp" value="3"/>
					<param name="OnDown" value="3"/>
					<param name="OnLeft" value="5"/>
					<param name="OnRight" value="5"/>
				</include>
				<control type="list" id="100">
					<left>15</left>
					<width>500</width>
					<height>540</height>
					<onright>9000</onright>
					<include>global_ListScroll</include>
					<itemlayout width="500" height="90">
						<control type="image">
							<left>4</left>
							<width>496</width>
							<height>90</height>
							<include>dialog_CommonList</include>
						</control>
						<control type="image">
							<left>10</left>
							<top>10</top>
							<width>64</width>
							<height>64</height>
							<texture>$INFO[ListItem.Icon]</texture>
							<colordiffuse>Color4</colordiffuse>
							<aspectratio align="center">keep</aspectratio>
							<visible>String.Contains(ListItem.Icon,Default)</visible>
						</control>
						<control type="image">
							<left>4</left>
							<top>4</top>
							<width>82</width>
							<height>82</height>
							<texture>$INFO[ListItem.Icon]</texture>
							<aspectratio align="center">scale</aspectratio>
							<visible>!String.Contains(ListItem.Icon,Default)</visible>
						</control>
						<control type="group">
							<left>85</left>
							<top>8</top>
							<control type="label">
								<width>385</width>
								<label>[B]$INFO[ListItem.Label][/B]</label>
								<include>dialog_CommonListItem</include>
							</control>
							<control type="label">
								<top>30</top>
								<width>385</width>
								<height>20</height>
								<label>$INFO[ListItem.Label2]</label>
								<textcolor>Color5</textcolor>
								<aligny>top</aligny>
								<include>dialog_CommonListItem</include>
							</control>
						</control>
					</itemlayout>
					<focusedlayout width="500" height="90">
						<control type="group">
							<visible>Control.HasFocus(100)</visible>
							<control type="image">
								<width>500</width>
								<height>90</height>
								<include>dialog_CommonListFocus</include>
							</control>
							<control type="image">
								<left>10</left>
								<top>10</top>
								<width>64</width>
								<height>64</height>
								<texture>$INFO[ListItem.Icon]</texture>
								<colordiffuse>Color1</colordiffuse>
								<aspectratio align="center">keep</aspectratio>
								<visible>String.Contains(ListItem.Icon,Default)</visible>
							</control>
							<control type="image">
								<left>4</left>
								<top>4</top>
								<width>82</width>
								<height>82</height>
								<texture>$INFO[ListItem.Icon]</texture>
								<aspectratio align="center">scale</aspectratio>
								<visible>!String.Contains(ListItem.Icon,Default)</visible>
							</control>
							<control type="group">
								<left>85</left>
								<top>7</top>
								<control type="label">
									<width>385</width>
									<label>[B]$INFO[ListItem.Label][/B]</label>
									<include>dialog_CommonListItemFocus</include>
								</control>
								<control type="label">
									<top>30</top>
									<width>385</width>
									<height>20</height>
									<label>$INFO[ListItem.Label2]</label>
									<aligny>top</aligny>
									<include>autoscroll_Line</include>
									<include>dialog_CommonListItemFocus</include>
								</control>
							</control>
						</control>
						<control type="group">
							<visible>!Control.HasFocus(100)</visible>
							<control type="image">
								<left>4</left>
								<width>496</width>
								<height>90</height>
								<include>dialog_CommonList</include>
							</control>
							<control type="image">
								<left>10</left>
								<top>10</top>
								<width>64</width>
								<height>64</height>
								<texture>$INFO[ListItem.Icon]</texture>
								<colordiffuse>Color4</colordiffuse>
								<aspectratio align="center">keep</aspectratio>
								<visible>String.Contains(ListItem.Icon,Default)</visible>
							</control>
							<control type="image">
								<left>4</left>
								<top>4</top>
								<width>82</width>
								<height>82</height>
								<texture>$INFO[ListItem.Icon]</texture>
								<aspectratio align="center">scale</aspectratio>
								<visible>!String.Contains(ListItem.Icon,Default)</visible>
							</control>
							<control type="group">
								<left>85</left>
								<top>8</top>
								<control type="label">
									<width>385</width>
									<label>[B]$INFO[ListItem.Label][/B]</label>
									<include>dialog_CommonListItem</include>
								</control>
								<control type="label">
									<top>30</top>
									<width>385</width>
									<height>20</height>
									<label>$INFO[ListItem.Label2]</label>
									<textcolor>Color5</textcolor>
									<aligny>top</aligny>
									<include>dialog_CommonListItem</include>
								</control>
							</control>
						</control>
					</focusedlayout>
					<content>
						<item>
							<label>reFocus UI Sounds</label>
							<label2>$INFO[System.AddonVersion(resource.uisounds.refocus),, &#8226; $LOCALIZE[31723]]</label2>
							<icon>$INFO[System.AddonIcon(resource.uisounds.refocus)]</icon>
							<onclick condition="System.HasAddon(resource.uisounds.refocus)">Addon.OpenSettings(resource.uisounds.refocus)</onclick>
							<onclick condition="!System.HasAddon(resource.uisounds.refocus)">InstallAddon(resource.uisounds.refocus)</onclick>
						</item>
						<item>
							<label>White Studio Icons</label>
							<label2>$INFO[System.AddonVersion(resource.images.studios.white),, &#8226; $LOCALIZE[31723]]</label2>
							<icon>$INFO[System.AddonIcon(resource.images.studios.white)]</icon>
							<onclick condition="System.HasAddon(resource.images.studios.white)">Addon.OpenSettings(resource.images.studios.white)</onclick>
							<onclick condition="!System.HasAddon(resource.images.studios.white)">InstallAddon(resource.images.studios.white)</onclick>
						</item>
						<item>
							<label>Language Flag Colour Icons</label>
							<label2>$INFO[System.AddonVersion(resource.images.languageflags.colour),, &#8226; $LOCALIZE[31723]]</label2>
							<icon>$INFO[System.AddonIcon(resource.images.languageflags.colour)]</icon>
							<onclick condition="System.HasAddon(resource.images.languageflags.colour)">Addon.OpenSettings(resource.images.languageflags.colour)</onclick>
							<onclick condition="!System.HasAddon(resource.images.languageflags.colour)">InstallAddon(resource.images.languageflags.colour)</onclick>
						</item>
						<item>
							<label>Artwork Downloader</label>
							<label2>$INFO[System.AddonVersion(script.artwork.downloader),, &#8226; $LOCALIZE[31723]]</label2>
							<icon>$INFO[System.AddonIcon(script.artwork.downloader)]</icon>
							<onclick condition="System.HasAddon(script.artwork.downloader)">Addon.OpenSettings(script.artwork.downloader)</onclick>
							<onclick condition="!System.HasAddon(script.artwork.downloader)">InstallAddon(script.artwork.downloader)</onclick>
						</item>
						<item>
							<label>Extended Info</label>
							<label2>$INFO[System.AddonVersion(script.extendedinfo),, &#8226; $LOCALIZE[31723]]</label2>
							<icon>$INFO[System.AddonIcon(script.extendedinfo)]</icon>
							<onclick condition="System.HasAddon(script.extendedinfo)">Addon.OpenSettings(script.extendedinfo)</onclick>
							<onclick condition="!System.HasAddon(script.extendedinfo)">InstallAddon(script.extendedinfo)</onclick>
						</item>
						<item>
							<label>Fanart Grabber</label>
							<label2>$INFO[System.AddonVersion(script.grab.fanart),, &#8226; $LOCALIZE[31723]]</label2>
							<icon>$INFO[System.AddonIcon(script.grab.fanart)]</icon>
							<onclick condition="System.HasAddon(script.grab.fanart)">Addon.OpenSettings(script.grab.fanart)</onclick>
							<onclick condition="!System.HasAddon(script.grab.fanart)">InstallAddon(script.grab.fanart)</onclick>
						</item>
						<item>
							<label>Image resource selection</label>
							<label2>$INFO[System.AddonVersion(script.image.resource.select),, &#8226; $LOCALIZE[31723]]</label2>
							<icon>$INFO[System.AddonIcon(script.image.resource.select)]</icon>
							<onclick condition="System.HasAddon(script.image.resource.select)">Addon.OpenSettings(script.image.resource.select)</onclick>
							<onclick condition="!System.HasAddon(script.image.resource.select)">InstallAddon(script.image.resource.select)</onclick>
						</item>
						<item>
							<label>Skin Helper Service</label>
							<label2>$INFO[System.AddonVersion(script.skin.helper.service),, &#8226; $LOCALIZE[31723]]</label2>
							<icon>$INFO[System.AddonIcon(script.skin.helper.service)]</icon>
							<onclick condition="System.HasAddon(script.skin.helper.service)">Addon.OpenSettings(script.skin.helper.service)</onclick>
							<onclick condition="!System.HasAddon(script.skin.helper.service)">InstallAddon(script.skin.helper.service)</onclick>
						</item>
						<item>
							<label>Skin Shortcuts</label>
							<label2>$INFO[System.AddonVersion(script.skinshortcuts),, &#8226; $LOCALIZE[31723]]</label2>
							<icon>$INFO[System.AddonIcon(script.skinshortcuts)]</icon>
							<onclick condition="System.HasAddon(script.skinshortcuts)">Addon.OpenSettings(script.skinshortcuts)</onclick>
							<onclick condition="!System.HasAddon(script.skinshortcuts)">InstallAddon(script.skinshortcuts)</onclick>
						</item>
						<item>
							<label>Toolbox</label>
							<label2>$INFO[System.AddonVersion(script.toolbox),, &#8226; $LOCALIZE[31723]]</label2>
							<icon>$INFO[System.AddonIcon(script.toolbox)]</icon>
							<onclick condition="System.HasAddon(script.toolbox)">Addon.OpenSettings(script.toolbox)</onclick>
							<onclick condition="!System.HasAddon(script.toolbox)">InstallAddon(script.toolbox)</onclick>
						</item>
						<item>
							<label>TV Show - Next Aired</label>
							<label2>$INFO[System.AddonVersion(script.tv.show.next.aired),, &#8226; $LOCALIZE[31723]]</label2>
							<icon>$INFO[System.AddonIcon(script.tv.show.next.aired)]</icon>
							<onclick condition="System.HasAddon(script.tv.show.next.aired)">Addon.OpenSettings(script.tv.show.next.aired)</onclick>
							<onclick condition="!System.HasAddon(script.tv.show.next.aired)">InstallAddon(script.tv.show.next.aired)</onclick>
						</item>
						<item>
							<label>Library Data Provider</label>
							<label2>$INFO[System.AddonVersion(service.library.data.provider),, &#8226; $LOCALIZE[31723]]</label2>
							<icon>$INFO[System.AddonIcon(service.library.data.provider)]</icon>
							<onclick condition="System.HasAddon(service.library.data.provider)">Addon.OpenSettings(service.library.data.provider)</onclick>
							<onclick condition="!System.HasAddon(service.library.data.provider)">InstallAddon(service.library.data.provider)</onclick>
						</item>
						<item>
							<label>Global Search</label>
							<label2>$INFO[System.AddonVersion(script.globalsearch),, &#8226; $LOCALIZE[31724]]</label2>
							<icon>$INFO[System.AddonIcon(script.globalsearch)]</icon>
							<onclick condition="System.HasAddon(script.globalsearch)">Addon.OpenSettings(script.globalsearch)</onclick>
							<onclick condition="!System.HasAddon(script.globalsearch)">InstallAddon(script.globalsearch)</onclick>
						</item>
						<item>
							<label>Artists Slideshow</label>
							<label2>$INFO[System.AddonVersion(script.artistslideshow),, &#8226; $LOCALIZE[31724]]</label2>
							<icon>$INFO[System.AddonIcon(script.artistslideshow)]</icon>
							<onclick condition="System.HasAddon(script.artistslideshow)">Addon.OpenSettings(script.artistslideshow)</onclick>
							<onclick condition="!System.HasAddon(script.artistslideshow)">InstallAddon(script.artistslideshow)</onclick>
						</item>
						<item>
							<label>TV Tunes</label>
							<label2>$INFO[System.AddonVersion(script.tvtunes),, &#8226; $LOCALIZE[31724]]</label2>
							<icon>$INFO[System.AddonIcon(script.tvtunes)]</icon>
							<onclick condition="System.HasAddon(script.tvtunes)">Addon.OpenSettings(script.tvtunes)</onclick>
							<onclick condition="!System.HasAddon(script.tvtunes)">InstallAddon(script.tvtunes)</onclick>
						</item>
					</content>
				</control>
			</control>
			<!--dialog controls-->
			<control type="grouplist" id="9000">
				<top>60</top>
				<right>15</right>
				<width>140</width>
				<height>auto</height>
				<itemgap>10</itemgap>
				<onleft>100</onleft>
				<orientation>vertical</orientation>
				<!--close-->
				<include content="dialog_Button">
					<param name="ID" value="10" />
					<param name="Label" value="$LOCALIZE[15067]" />
					<param name="OnClick" value="Action(Close)" />
				</include>
			</control>
		</control>	
	</controls>
</window>