<?xml version="1.0" encoding="UTF-8"?>
<window type="dialog" id="1110">
	<defaultcontrol always="true">100</defaultcontrol>
	<include>transition_Dialog</include>
	<coordinates>
		<left>260</left>
		<top>153</top>
	</coordinates>
	<controls>
		<control type="group">
			<width>760</width>
			<height>415</height>
			<include content="dialog_WindowCommons">
				<param name="DialogWidth" value="760"/>
				<param name="DialogHeight" value="415"/>
				<param name="DialogHeader" value="$LOCALIZE[31217]"/>
				<param name="DialogHeaderID" value="1"/>
			</include>
			<control type="group">
				<left>15</left>
				<top>60</top>
				<control type="grouplist" id="100">
					<width>570</width>
					<height>335</height>
					<itemgap>0</itemgap>
					<onright>9000</onright>
					<onup>100</onup>
					<ondown>100</ondown>
					<include>global_ListScroll</include>
					<!--set fanart type-->
					<control type="label" id="111">
						<width>570</width>
						<label>$LOCALIZE[31218]</label>
						<include>dialog_Header</include>
						<include>dialog_ControlCommons</include>
					</control>
					<control type="radiobutton" id="112">
						<width>570</width>
						<label>$LOCALIZE[342] &amp; $LOCALIZE[20343]</label>
						<onclick>Skin.SetString(fanarttype,video)</onclick>
						<selected>Skin.String(fanarttype,video)</selected>
						<include>dialog_Radio</include>
						<include>dialog_ControlCommons</include>
					</control>
					<control type="radiobutton" id="113">
						<width>570</width>
						<label>$LOCALIZE[2]</label>
						<onclick>Skin.SetString(fanarttype,music)</onclick>
						<selected>Skin.String(fanarttype,music)</selected>
						<include>dialog_Radio</include>
						<include>dialog_ControlCommons</include>
					</control>
					<control type="radiobutton" id="114">
						<width>570</width>
						<label>$LOCALIZE[20395]</label>
						<onclick>Skin.SetString(fanarttype,mixed)</onclick>
						<selected>Skin.String(fanarttype,mixed)</selected>
						<include>dialog_Radio</include>
						<include>dialog_ControlCommons</include>
					</control>
					<!--fanart information-->
					<control type="label" id="120">
						<width>570</width>
						<label></label>
						<height>15</height>
					</control>
					<control type="label" id="121">
						<width>570</width>
						<label>$LOCALIZE[31219]</label>
						<include>dialog_Header</include>
						<include>dialog_ControlCommons</include>
					</control>
					<control type="radiobutton" id="122">
						<width>570</width>
						<label>$LOCALIZE[31220]</label>
						<onclick>Skin.SetString(fanartinfo,text)</onclick>
						<selected>Skin.String(fanartinfo,text)</selected>
						<include>dialog_Radio</include>
						<include>dialog_ControlCommons</include>
					</control>
					<control type="radiobutton" id="123">
						<width>570</width>
						<label>$LOCALIZE[31221]</label>
						<onclick>Skin.SetString(fanartinfo,logo)</onclick>
						<selected>Skin.String(fanartinfo,logo)</selected>
						<include>dialog_Radio</include>
						<include>dialog_ControlCommons</include>
					</control>
					<control type="radiobutton" id="124">
						<width>570</width>
						<label>$LOCALIZE[31222]</label>
						<onclick>Skin.SetString(fanartinfo,none)</onclick>
						<selected>Skin.String(fanartinfo,none)</selected>
						<include>dialog_Radio</include>
						<include>dialog_ControlCommons</include>
					</control>
				</control>
				<!--dialog controls-->
				<control type="grouplist" id="9000">
					<top>40</top>
					<right>20</right>
					<width>140</width>
					<height min="40" max="90">auto</height>
					<itemgap>10</itemgap>
					<onleft>100</onleft>
					<orientation>vertical</orientation>
					<!--ok-->
					<include content="dialog_Button">
						<param name="ID" value="11" />
						<param name="Width" value="140" />
						<param name="Label" value="$LOCALIZE[186]" />
						<param name="OnClick" value="Action(Close)" />
					</include>
				</control>
			</control>
		</control>
	</controls>
</window>