<?xml version="1.0" encoding="UTF-8"?>
<window type="dialog">
	<defaultcontrol always="true">10</defaultcontrol>
	<include>transition_Dialog</include>
	<coordinates>
		<left>365</left>
		<top>228</top>
	</coordinates>
	<controls>
		<control type="group">
			<width>600</width>
			<height>265</height>
			<control type="image">
				<width>600</width>
				<height>265</height>
				<include>dialog_Window</include>
			</control>
			<!--delete timer-->
			<control type="label" id="2">
				<width>592</width>
				<label>$ADDON[pvr.wmc 30120]</label>
				<include>dialog_Windowtitle</include>
			</control>
			<control type="group">
				<left>4</left>
				<top>60</top>
				<!--program title-->
				<control type="label" id="20">
					<width>592</width>
					<!--<label>filled in by code</label>-->
					<align>center</align>
					<include>dialog_Header</include>
					<include>dialog_ControlCommons</include>
				</control>
				<control type="image">
					<top>39</top>
					<width>592</width>
					<include>dialog_Separator</include>
				</control>
				<control type="grouplist" id="9001">
					<top>40</top>
					<onleft>1</onleft>
					<onright>2</onright>
					<onup>2</onup>
					<ondown>9000</ondown>
					<itemgap>0</itemgap>
					<orientation>vertical</orientation>
					<!--delete this episode timer only-->
					<control type="radiobutton" id="10">
						<width>592</width>
						<label>$ADDON[pvr.wmc 30121]</label>
						<include>dialog_Radio</include>
						<include>dialog_ControlCommons</include>
					</control>
					<!--delete the entire series-->
					<control type="radiobutton" id="11">
						<top>40</top>
						<width>592</width>
						<label>$ADDON[pvr.wmc 30122]</label>
						<include>dialog_Radio</include>
						<include>dialog_ControlCommons</include>
					</control>
				</control>
			</control>
			<!--dialog buttons-->
			<control type="grouplist" id="9000">
				<right>20</right>
				<bottom>20</bottom>
				<width>254</width>
				<height>40</height>
				<onup>11</onup>
				<ondown>10</ondown>
				<orientation>horizontal</orientation>
				<itemgap>10</itemgap>
				<!--ok-->
				<control type="button" id="1">
					<label>$LOCALIZE[186]</label>
					<include>dialog_Button</include>
				</control>
				<!--cancel-->
				<control type="button" id="2">
					<left>130</left>
					<label>$LOCALIZE[222]</label>
					<include>dialog_Button</include>
				</control>
			</control>
		</control>
	</controls>
</window>