<?xml version="1.0" encoding="UTF-8"?>
<window>
	<defaultcontrol always="true">9</defaultcontrol>
	<include>transition_Dialog</include>
	<coordinates>
		<system>1</system>
		<left>190</left>
		<top>68</top>
	</coordinates>
	<controls>
		<control type="image">
			<width>900</width>
			<height>585</height>
			<include>dialog_Window</include>
		</control>
		<control type="label">
			<width>892</width>
			<label>$LOCALIZE[19142]</label>
			<include>dialog_Windowtitle</include>
		</control>
		<!--main-->
		<control type="group">
			<left>4</left>
			<top>60</top>
			<control type="image" id="1">
				<left>15</left>
				<width>862</width>
				<height>40</height>
				<texture border="142,6,6,6">dialogs/keyboard/edit_alt.png</texture>
				<colordiffuse>Color3</colordiffuse>
				<visible>!Control.HasFocus(9)</visible>
			</control>
			<control type="image" id="1">
				<left>15</left>
				<width>862</width>
				<height>40</height>
				<texture border="142,6,6,6">dialogs/keyboard/edit_alt.png</texture>
				<colordiffuse>Color5</colordiffuse>
				<visible>Control.HasFocus(9)</visible>
			</control>
			<!--search label-->
			<control type="label">
				<left>28</left>
				<width>200</width>
				<label>$LOCALIZE[137]</label>
				<align>left</align>
				<include>dialog_ControlCommons</include>
				<visible>!Control.HasFocus(9)</visible>
			</control>
			<control type="label">
				<left>28</left>
				<width>200</width>
				<label>$LOCALIZE[137]</label>
				<align>left</align>
				<textcolor>Color1</textcolor>
				<include>dialog_ControlCommons</include>
				<visible>Control.HasFocus(9)</visible>
			</control>
			<!--search field-->
			<control type="edit" id="9">
				<left>145</left>
				<top>-2</top>
				<width>737</width>
				<onleft>9</onleft>
				<onright>9</onright>
				<onup>26</onup>
				<ondown>10</ondown>
				<include>dialog_Edit</include>
			</control>
			<!--search help-->
			<control type="textbox">
				<left>19</left>
				<top>50</top>
				<width>750</width>
				<height>70</height>
				<include>dialog_Text</include>
				<label>$LOCALIZE[19001] $LOCALIZE[19002]</label>
			</control>
			<control type="group" id="8000">
				<top>120</top>
				<control type="image">
					<width>892</width>
					<include>dialog_Separator</include>
				</control>
				<!--left pane-->
				<control type="grouplist" id="9001">
					<width>446</width>
					<height>400</height>
					<itemgap>0</itemgap>
					<onleft>9000</onleft>
					<onup>9</onup>
					<ondown>9000</ondown>
					<include>global_ListScroll</include>
					<!--include description-->
					<control type="radiobutton" id="10">
						<width>446</width>
						<label>$LOCALIZE[19134]</label>
						<onright>12</onright>
						<include>dialog_ControlCommons</include>
						<include>dialog_Radio</include>
					</control>
					<!--case sensitive-->
					<control type="radiobutton" id="11">
						<width>446</width>
						<label>$LOCALIZE[19135]</label>
						<onright>13</onright>
						<include>dialog_ControlCommons</include>
						<include>dialog_Radio</include>
					</control>
					<!--start date-->
					<control type="edit" id="14">
						<width>446</width>
						<onright>16</onright>
						<label>$LOCALIZE[19128]</label>
						<include>dialog_ControlCommons</include>
					</control>
					<!--end date-->
					<control type="edit" id="15">
						<width>446</width>
						<label>$LOCALIZE[19129]</label>
						<onright>17</onright>
						<include>dialog_ControlCommons</include>
					</control>
					<!--genre-->
					<control type="spincontrolex" id="18">
						<width>446</width>
						<label>515</label>
						<onright>19</onright>
						<include>dialog_ControlCommons</include>
						<include>dialog_Spin</include>
					</control>
					<!--include unknown genres-->
					<control type="radiobutton" id="20">
						<width>446</width>
						<label>$LOCALIZE[19132]</label>
						<onright>21</onright>
						<include>dialog_ControlCommons</include>
						<include>dialog_Radio</include>
					</control>
					<!--free to air only-->
					<control type="radiobutton" id="22">
						<width>446</width>
						<label>$LOCALIZE[19123]</label>
						<onright>23</onright>
						<include>dialog_ControlCommons</include>
						<include>dialog_Radio</include>
					</control>
					<!--ignore timers-->
					<control type="radiobutton" id="24">
						<width>446</width>
						<label>$LOCALIZE[19124]</label>
						<onright>27</onright>
						<include>dialog_ControlCommons</include>
						<include>dialog_Radio</include>
					</control>
				</control>
				<control type="image">
					<left>446</left>
					<height>318</height>
					<include>dialog_Separator-y</include>
				</control>
			<!--right pane-->
				<control type="grouplist" id="9002">
					<left>446</left>
					<width>446</width>
					<height>400</height>
					<onright>9000</onright>
					<onup>9</onup>
					<ondown>9000</ondown>
					<itemgap>0</itemgap>
					<include>global_ListScroll</include>
					<!--minimum duration-->
					<control type="spincontrolex" id="12">
						<width>446</width>
						<label>$LOCALIZE[19130]</label>
						<include>dialog_ControlCommons</include>
						<include>dialog_Spin</include>
					</control>
					<!--maximum duration-->
					<control type="spincontrolex" id="13">
						<width>446</width>
						<label>$LOCALIZE[19131]</label>
						<onleft>11</onleft>
						<include>dialog_ControlCommons</include>
						<include>dialog_Spin</include>
					</control>
					<!--start time-->
					<control type="edit" id="16">
						<width>446</width>
						<label>$LOCALIZE[19126]</label>
						<onleft>14</onleft>
						<include>dialog_ControlCommons</include>
					</control>
					<!--end time-->
					<control type="edit" id="17">
						<width>446</width>
						<label>$LOCALIZE[19127]</label>
						<onleft>15</onleft>
						<include>dialog_ControlCommons</include>
					</control>
					<!--avoid repeats-->
					<control type="radiobutton" id="19">
						<width>446</width>
						<label>$LOCALIZE[19121]</label>
						<onleft>18</onleft>
						<include>dialog_ControlCommons</include>
						<include>dialog_Radio</include>
					</control>
					<!--groups-->
					<control type="spincontrolex" id="21">
						<width>446</width>
						<label>$LOCALIZE[19141]</label>
						<onleft>20</onleft>
						<include>dialog_ControlCommons</include>
						<include>dialog_Spin</include>
					</control>
					<!--channels-->
					<control type="spincontrolex" id="23">
						<width>446</width>
						<label>$LOCALIZE[19148]</label>
						<onleft>22</onleft>
						<include>dialog_ControlCommons</include>
						<include>dialog_Spin</include>
					</control>
					<!--ignore recordings-->
					<control type="radiobutton" id="27">
						<width>446</width>
						<label>$LOCALIZE[19125]</label>
						<onleft>24</onleft>
						<include>dialog_ControlCommons</include>
						<include>dialog_Radio</include>
					</control>
				</control>
			</control>
		<!--window controls-->
			<control type="group" id="9000">
				<left>19</left>
				<top>460</top>
				<!--defaults-->
				<control type="button" id="28">
					<label>$LOCALIZE[409]</label>
					<onleft>26</onleft>
					<onright>25</onright>
					<onup>24</onup>
					<ondown>9</ondown>
					<include>dialog_Button</include>
				</control>
				<!--cancel-->
				<control type="button" id="25">
					<left>607</left>
					<label>$LOCALIZE[222]</label>
					<onleft>28</onleft>
					<onright>26</onright>
					<onup>27</onup>
					<ondown>9</ondown>
					<include>dialog_Button</include>
				</control>
				<!--search-->
				<control type="button" id="26">
					<left>737</left>
					<label>$LOCALIZE[137]</label>
					<onleft>25</onleft>
					<onright>28</onright>
					<onup>27</onup>
					<ondown>9</ondown>
					<include>dialog_Button</include>
				</control>
			</control>
		</control>
	</controls>
</window>