<?xml version="1.0" encoding="UTF-8"?>
<window>
	<defaultcontrol always="true">34</defaultcontrol>
	<include>transition_Dialog</include>
	<coordinates>
		<system>1</system>
		<left>190</left>
		<top>68</top>
	</coordinates>
	<controls>
		<control type="group">			
			<control type="image">
				<width>900</width>
				<height>585</height>
				<include>dialog_Window</include>
			</control>
			<control type="label" id="1">
				<width>892</width>
				<label>$LOCALIZE[19199] - $LOCALIZE[19023]</label>
				<include>dialog_Windowtitle</include>
				<visible>String.IsEmpty(Window.Property(IsRadio))</visible>
			</control>
			<control type="label" id="1">
				<width>892</width>
				<label>$LOCALIZE[19199] - $LOCALIZE[19024]</label>
				<include>dialog_Windowtitle</include>
				<visible>!String.IsEmpty(Window.Property(IsRadio))</visible>
			</control>
		<!--main-->
			<control type="group">
				<left>4</left>
				<top>60</top>
				<control type="image">
					<width>892</width>
					<include>dialog_Separator</include>
				</control>
				<!--toggle tv/radio-->
				<control type="togglebutton" id="34">
					<width>892</width>
					<label>$LOCALIZE[19023]</label>
					<altlabel>$LOCALIZE[19024]</altlabel>
					<onleft>30</onleft>
					<onright>6</onright>
					<onup>noop</onup>
					<ondown>20</ondown>
					<usealttexture>String.IsEmpty(Window.Property(IsRadio))</usealttexture>
					<include>dialog_ControlCommons</include>
					<include>dialog_Spin</include>
				</control>
			<!--left pane-->
				<control type="group" id="6000">
					<top>40</top>
					<control type="image">
						<left>446</left>
						<height>400</height>
						<include>dialog_Separator-y</include>
					</control>
					<control type="list" id="20">
						<width>446</width>
						<height>400</height>
						<onup>34</onup>
						<ondown>20</ondown>
						<onleft>30</onleft>
						<onright>8000</onright>
						<pagecontrol>60</pagecontrol>
						<include>global_ListScroll</include>
						<itemlayout height="40" width="446">
							<control type="image">
								<width>446</width>
								<include>dialog_CommonList</include>
							</control>
							<control type="label">
								<left>20</left>
								<width>50</width>
								<label>[B]$INFO[ListItem.Property(Number)][/B]</label>
								<include>dialog_CommonListItem</include>
								<visible>ListItem.Property(ActiveChannel)</visible>
							</control>
							<control type="label">
								<left>65</left>
								<width>230</width>
								<label>$INFO[ListItem.Property(Name)]</label>
								<include>dialog_CommonListItem</include>
								<visible>ListItem.Property(ActiveChannel)</visible>
							</control>
							<control type="label">
								<left>20</left>
								<width>50</width>
								<label>[B]$INFO[ListItem.Property(Number)][/B]</label>
								<textcolor>Disabled</textcolor>
								<include>dialog_CommonListItem</include>
								<visible>!ListItem.Property(ActiveChannel)</visible>
							</control>
							<control type="label">
								<left>65</left>
								<width>230</width>
								<label>$INFO[ListItem.Property(Name)]</label>
								<textcolor>Disabled</textcolor>
								<include>dialog_CommonListItem</include>
								<visible>!ListItem.Property(ActiveChannel)</visible>
							</control>
							<control type="image">
								<left>390</left>
								<width>40</width>
								<height>40</height>
								<texture>pvr/changed.png</texture>
								<colordiffuse>Color4</colordiffuse>
								<visible>ListItem.Property(Changed)</visible>
							</control>
						</itemlayout>
						<focusedlayout height="40" width="446">
							<control type="image">
								<width>446</width>
								<include>dialog_CommonList</include>
							</control>
							<control type="image">
								<width>446</width>
								<include>dialog_CommonListFocus</include>
								<visible>Control.HasFocus(20)</visible>
							</control>
							<control type="group">
								<visible>!Control.HasFocus(20)</visible>
								<control type="label">
									<left>20</left>
									<width>50</width>
									<label>[B]$INFO[ListItem.Property(Number)][/B]</label>
									<textcolor>Selected</textcolor>
									<include>dialog_CommonListItem</include>
									<visible>ListItem.Property(ActiveChannel)</visible>
								</control>
								<control type="label">
									<left>65</left>
									<width>230</width>
									<label>$INFO[ListItem.Property(Name)]</label>
									<textcolor>Selected</textcolor>
									<include>dialog_CommonListItem</include>
									<visible>ListItem.Property(ActiveChannel)</visible>
								</control>
								<control type="label">
									<left>20</left>
									<width>50</width>
									<label>[B]$INFO[ListItem.Property(Number)][/B]</label>
									<textcolor>Disabled</textcolor>
									<include>dialog_CommonListItem</include>
									<visible>!ListItem.Property(ActiveChannel)</visible>
								</control>
								<control type="label">
									<left>65</left>
									<width>230</width>
									<label>$INFO[ListItem.Property(Name)]</label>
									<textcolor>Disabled</textcolor>
									<include>dialog_CommonListItem</include>
									<visible>!ListItem.Property(ActiveChannel)</visible>
								</control>
							</control>
							<control type="group">
								<visible>Control.HasFocus(20)</visible>
								<control type="label">
									<left>20</left>
									<width>50</width>
									<label>[B]$INFO[ListItem.Property(Number)][/B]</label>
									<include>dialog_CommonListItemFocus</include>
									<visible>ListItem.Property(ActiveChannel)</visible>
								</control>
								<control type="label">
									<left>65</left>
									<width>230</width>
									<label>$INFO[ListItem.Property(Name)]</label>
									<include>dialog_CommonListItemFocus</include>
									<visible>ListItem.Property(ActiveChannel)</visible>
								</control>
								<control type="label">
									<left>20</left>
									<width>50</width>
									<label>[B]$INFO[ListItem.Property(Number)][/B]</label>
									<textcolor>Disabled</textcolor>
									<include>dialog_CommonListItemFocus</include>
									<visible>!ListItem.Property(ActiveChannel)</visible>
								</control>
								<control type="label">
									<left>65</left>
									<width>230</width>
									<label>$INFO[ListItem.Property(Name)]</label>
									<textcolor>Disabled</textcolor>
									<include>dialog_CommonListItemFocus</include>
									<visible>!ListItem.Property(ActiveChannel)</visible>
								</control>
							</control>
							<control type="image">
								<left>270</left>
								<width>40</width>
								<height>40</height>
								<texture>pvr/changed.png</texture>
								<colordiffuse>Color4</colordiffuse>
								<visible>ListItem.Property(Changed)</visible>
							</control>
						</focusedlayout>
					</control>
				</control>
			<!--right pane-->
				<control type="group">
					<left>446</left>
					<top>40</top>		
					<control type="grouplist" id="8000">
						<width>446</width>
						<height>600</height>
						<onleft>6000</onleft>
						<onright>9001</onright>
						<onup>34</onup>
						<ondown>5</ondown>
						<itemgap>0</itemgap>
						<!--active-->
						<control type="radiobutton" id ="7">
							<label>$LOCALIZE[19074]</label>
							<width>446</width>
							<include>dialog_ControlCommons</include>
							<include>dialog_Radio</include>
						</control>
						<!--channel name-->
						<control type="edit" id ="8">
							<label>19201</label>
							<width>446</width>
							<include>dialog_ControlCommons</include>
						</control>
						<!--client-->
						<control type="label" id ="11">
							<label>$LOCALIZE[19210]: $INFO[ListItem.Property(ClientName)]</label>
							<width>446</width>
							<textcolor>Disabled</textcolor>
							<include>dialog_ControlCommons</include>
						</control>
						<!--activate epg-->
						<control type="radiobutton" id ="12">
							<label>$LOCALIZE[19206]</label>
							<width>446</width>
							<include>dialog_ControlCommons</include>
							<include>dialog_Radio</include>
						</control>
						<!--epg source-->
						<control type="spincontrolex" id ="13">
							<label>$LOCALIZE[19200]</label>
							<width>446</width>
							<include>dialog_ControlCommons</include>
							<include>dialog_Spin</include>
						</control>
						<!--parental locked-->
						<control type="radiobutton" id ="14">
							<label>$LOCALIZE[19267]</label>
							<width>446</width>
							<include>dialog_ControlCommons</include>
							<include>dialog_Radio</include>
						</control>
						<!--channel icon label-->
						<control type="button" id ="9">
							<label>$LOCALIZE[19202]</label>
							<width>446</width>
							<include>dialog_ControlCommons</include>
						</control>
						<!--channel icon-->
						<control type="image" id ="10">
							<width>446</width>
							<height>119</height>
							<aspectratio align="center">keep</aspectratio>
							<info>ListItem.Property(Icon)</info>
							<visible>!String.IsEmpty(ListItem.Icon)</visible>
						</control>
					</control>
					<control type="image">
						<top>119</top>
						<width>446</width>
						<include>dialog_Separator</include>
					</control>
					<control type="image">
						<top>399</top>
						<width>446</width>
						<include>dialog_Separator</include>
					</control>
				</control>
			</control>

		<!--dialog buttons--> 
			<control type="group">
				<width>900</width>
				<height>585</height>
				<control type="group" id="9000">
					<bottom>20</bottom>
					<height>40</height>
					<!--group manager-->
					<control type="button" id ="30">
						<left>20</left>
						<width>200</width>
						<label>$LOCALIZE[19205]</label>
						<onleft>6</onleft>
						<onright>5</onright>
						<onup>6000</onup>
						<ondown>noop</ondown>
						<include>dialog_WindowButton</include>
					</control>
					<control type="grouplist" id="9001">
						<right>20</right>
						<width>384</width>
						<onleft>30</onleft>
						<onright>30</onright>
						<onup>10</onup>
						<ondown>noop</ondown>
						<orientation>horizontal</orientation>
						<itemgap>10</itemgap>
						<!--apply-->
						<control type="button" id="5">
							<label>$LOCALIZE[31405]</label>
							<include>dialog_WindowButton</include>
						</control>
						<!--ok-->
						<control type="button" id="4">
							<label>$LOCALIZE[186]</label>
							<include>dialog_WindowButton</include>
						</control>
						<!--cancel-->
						<control type="button" id="6">
							<label>$LOCALIZE[222]</label>
							<include>dialog_WindowButton</include>
						</control>
					</control>
				</control>
			</control>

		</control>
	</controls>
</window>