<?xml version="1.0" encoding="UTF-8"?>
<window>
	<defaultcontrol>5</defaultcontrol>
	<include>transition_Dialog</include>
	<coordinates>
		<system>1</system>
		<left>240</left>
		<top>84</top>
	</coordinates>
	<controls>
		<control type="group">
			<width>800</width>
			<height>555</height>
			<include content="dialog_WindowCommons">
				<param name="DialogWidth" value="800"/>
				<param name="DialogHeight" value="555"/>
				<param name="DialogHeader" value="$LOCALIZE[13406]"/>
				<param name="DialogHeaderID" value="1"/>
			</include>
			<include content="dialog_Common-List">
				<param name="ID" value="5"/>
				<param name="ContainerTop" value="60"/>
				<param name="ContainerWidth" value="770"/>
				<param name="ContainerHeight" value="480"/>
				<param name="Width" value="750"/>
				<param name="OnUp" value="5"/>
				<param name="OnDown" value="5"/>
				<param name="ShowLabel2" value="true"/>
			</include>
		</control>
	</controls>
</window>