<?xml version="1.0" encoding="UTF-8"?>
<window>
	<defaultcontrol>9000</defaultcontrol>
	<coordinates>
		<left>136</left>
		<top>75</top>
	</coordinates>
	<include>transition_Dialog</include>
	<controls>
		<control type="group">
			<width>1008</width>
			<height>570</height>
			<include content="dialog_WindowCommons">
				<param name="DialogWidth" value="1008"/>
				<param name="DialogHeight" value="570"/>
				<param name="DialogHeaderID" value="2"/>
				<param name="DialogHeader" value="$LOCALIZE[15020]"/>
			</include>
			<control type="group">
				<left>4</left>
				<top>60</top>
				<control type="image">
					<width>1000</width>
					<include>dialog_Separator</include>
				</control>
				<control type="image">
					<top>40</top>
					<width>1000</width>
					<include>dialog_Separator</include>
				</control>
				<control type="image">
					<left>500</left>
					<top>106</top>
					<height>323</height>
					<include>dialog_Separator-y</include>
				</control>
				<control type="image">
					<bottom>80</bottom>
					<width>1000</width>
					<include>dialog_Separator</include>
				</control>
				<!--processing mode selection list-->
				<control type="list" id="9000">
					<width>1000</width>
					<height>40</height>
					<onleft>9000</onleft>
					<onright>9000</onright>
					<onup>9001</onup>
					<ondown>200</ondown>
					<orientation>horizontal</orientation>
					<include>global_ListScroll</include>
					<itemlayout width="200" height="40">
						<control type="label">
							<width>200</width>
							<height>40</height>
							<label>$INFO[ListItem.Label]</label>
							<font>regular</font>
							<align>center</align>
							<textcolor>Color4</textcolor>
						</control>
					</itemlayout>
					<focusedlayout width="200" height="40">
						<control type="group">
							<visible>Control.HasFocus(9000) | ControlGroup(200).HasFocus(0)</visible>
							<control type="image">
								<width>200</width>
								<height>40</height>
								<texture>dialogs/select-fo.png</texture>
							</control>
							<control type="label">
								<width>200</width>
								<height>40</height>
								<label>$INFO[ListItem.Label]</label>
								<font>regular</font>
								<align>center</align>
								<textcolor>Color1</textcolor>
							</control>
						</control>
						<control type="group">
							<visible>!Control.HasFocus(9000) + !ControlGroup(200).HasFocus(0)</visible>
							<control type="label">
								<width>200</width>
								<height>40</height>
								<label>$INFO[ListItem.Label]</label>
								<font>regular</font>
								<align>center</align>
								<textcolor>Color4</textcolor>
							</control>
						</control>
					</focusedlayout>
					<content>
						<item id="91">
							<label>$LOCALIZE[15057]</label>
							<label2>$LOCALIZE[15114]</label2>
							<onclick>noop</onclick>
							<property name="currentMode">InputResampling</property>
						</item>
						<item id="92">
							<label>$LOCALIZE[15058]</label>
							<label2>$LOCALIZE[15113]</label2>
							<onclick>noop</onclick>
							<property name="currentMode">Preprocessing</property>
						</item>
						<item id="93">
							<label>$LOCALIZE[15059]</label>
							<label2>$LOCALIZE[15115]</label2>
							<onclick>noop</onclick>
							<property name="currentMode">Masterprocessing</property>
						</item>
						<item id="94">
							<label>$LOCALIZE[15060]</label>
							<label2>$LOCALIZE[15117]</label2>
							<onclick>noop</onclick>
							<property name="currentMode">Postprocessing</property>
						</item>
						<item id="95">
							<label>$LOCALIZE[15061]</label>
							<label2>$LOCALIZE[15116]</label2>
							<onclick>noop</onclick>
							<property name="currentMode">OutputResampling</property>
						</item>
					</content>
				</control>
				<!--modes lists-->
				<control type="group" id="200">
					<top>60</top>
					<control type="label">
						<width>500</width>
						<label>$LOCALIZE[15050] ($INFO[Container(20).NumItems])</label>
						<align>center</align>
						<include>dialog_Header</include>
						<include>dialog_ControlCommons</include>
					</control>
					<control type="label">
						<left>500</left>
						<width>500</width>
						<label>$LOCALIZE[15051] ($INFO[Container(21).NumItems])</label>
						<align>center</align>
						<include>dialog_Header</include>
						<include>dialog_ControlCommons</include>
					</control>
					<control type="image">
						<top>45</top>
						<width>1000</width>
						<include>dialog_Separator</include>
					</control>
					<!--available modes list-->
					<control type="group">
						<include content="dialog_Common-List2">
							<param name="ID" value="20" />
							<param name="ContainerTop" value="45"/>
							<param name="ContainerWidth" value="500" />
							<param name="ContainerHeight" value="320" />
							<param name="Height" value="80" />
							<param name="Label1" value="[B]$INFO[ListItem.Label2][/B]"/>
							<param name="Label2" value="$INFO[ListItem.Label]"/>
							<param name="Icon" value="$INFO[ListItem.Icon]"/>
							<param name="DefaultIcon" value="DefaultAddonAudioDSP.png"/>
							<param name="OnRight" value="21" />
							<param name="OnUp" value="9000" />
							<param name="OnDown" value="9001" />
							<param name="PageControl" value="60" />
						</include>
					</control>
					<!--active modes list-->
					<control type="group">
						<include content="dialog_Common-List2">
							<param name="ID" value="21" />
							<param name="ContainerLeft" value="500" />
							<param name="ContainerTop" value="45"/>
							<param name="ContainerWidth" value="500" />
							<param name="ContainerHeight" value="320" />
							<param name="Height" value="80" />
							<param name="Label1" value="[B]$INFO[ListItem.Label2][/B]"/>
							<param name="Label2" value="$INFO[ListItem.Label]"/>
							<param name="Icon" value="$INFO[ListItem.Icon]"/>
							<param name="DefaultIcon" value="DefaultAddonAudioDSP.png"/>
							<param name="OnLeft" value="20" />
							<param name="OnUp" value="9000" />
							<param name="OnDown" value="9001" />
							<param name="PageControl" value="60" />
						</include>
					</control>
				</control>
			</control>

			<!--dialog controls-->
			<control type="grouplist" id="9001">
				<left>29</left>
				<bottom>20</bottom>
				<width>950</width>
				<height>40</height>
				<itemgap>10</itemgap>
				<onleft>6</onleft>
				<onright>6</onright>
				<onup>200</onup>
				<ondown>9000</ondown>
				<orientation>horizontal</orientation>
				<!--defaults-->
				<include content="dialog_Button">
					<param name="ID" value="22" />
					<param name="Width" value="310" />
					<param name="Label" value="$LOCALIZE[15064]" />
				</include>
				<!--apply changes-->
				<include content="dialog_Button">
					<param name="ID" value="23" />
					<param name="Width" value="310" />
					<param name="Label" value="$LOCALIZE[14070]" />
				</include>
				<!--clear active modes-->
				<include content="dialog_Button">
					<param name="ID" value="24" />
					<param name="Width" value="310" />
					<param name="Label" value="$LOCALIZE[15066]" />
				</include>
			</control>
		</control>
	</controls>
</window>