<?xml version="1.0" encoding="UTF-8"?>
<window type="dialog">
	<defaultcontrol>6</defaultcontrol>
	<include>transition_Dialog</include>			
	<coordinates>
		<system>1</system>
		<left>305</left>
		<top>53</top>
	</coordinates>
	<controls>
		<control type="group">
			<width>685</width>
			<height>615</height>
			<animation effect="fade" start="400" end="50" time="500" condition="Window.IsActive(virtualkeyboard)">Conditional</animation>
			<include content="dialog_WindowCommons">
				<param name="DialogHeaderID" value="1"/>
				<param name="DialogWidth" value="670"/>
				<param name="DialogHeight" value="615"/>
			</include>

			<control type="group">
				<top>60</top>
				<include content="dialog_Common-List">
					<param name="ID" value="3"/>
					<param name="ContainerWidth" value="500"/>
					<param name="ContainerHeight" value="480"/>
					<param name="Width" value="500"/>
					<param name="OnUp" value="3"/>
					<param name="OnDown" value="3"/>
					<param name="OnLeft" value="5"/>
					<param name="OnRight" value="5"/>
				</include>

				<control type="list" id="6">
					<left>15</left>
					<width>500</width>
					<height>540</height>
					<onleft>noop</onleft>
					<onright>9000</onright>
					<onup>6</onup>
					<ondown>6</ondown>
					<include>global_ListScroll</include>
					<itemlayout width="500" height="90">
						<control type="image">
							<left>4</left>
							<width>496</width>
							<height>90</height>
							<include>dialog_CommonList</include>
						</control>
						<control type="image">
							<left>10</left>
							<top>10</top>
							<width>64</width>
							<height>64</height>
							<texture>$INFO[ListItem.Icon]</texture>
							<colordiffuse>Color4</colordiffuse>
							<aspectratio align="center">keep</aspectratio>
							<visible>String.Contains(ListItem.Icon,Default)</visible>
						</control>
						<control type="image">
							<left>4</left>
							<top>4</top>
							<width>82</width>
							<height>82</height>
							<texture>$INFO[ListItem.Icon]</texture>
							<aspectratio align="center">scale</aspectratio>
							<visible>!String.Contains(ListItem.Icon,Default)</visible>
						</control>
						<control type="group">
							<left>85</left>
							<top>8</top>
							<control type="label">
								<width>385</width>
								<label>[B]$INFO[ListItem.Label][/B]</label>
								<include>dialog_CommonListItem</include>
							</control>
							<control type="label">
								<top>30</top>
								<width>385</width>
								<height>20</height>
								<label>$INFO[ListItem.Label2]</label>
								<textcolor>Color5</textcolor>
								<aligny>top</aligny>
								<include>dialog_CommonListItem</include>
							</control>
						</control>
					</itemlayout>
					<focusedlayout width="500" height="90">
						<control type="group">
							<visible>Control.HasFocus(6)</visible>
							<control type="image">
								<width>500</width>
								<height>90</height>
								<include>dialog_CommonListFocus</include>
							</control>
							<control type="image">
								<left>10</left>
								<top>10</top>
								<width>64</width>
								<height>64</height>
								<texture>$INFO[ListItem.Icon]</texture>
								<colordiffuse>Color1</colordiffuse>
								<aspectratio align="center">keep</aspectratio>
								<visible>String.Contains(ListItem.Icon,Default)</visible>
							</control>
							<control type="image">
								<left>4</left>
								<top>4</top>
								<width>82</width>
								<height>82</height>
								<texture>$INFO[ListItem.Icon]</texture>
								<aspectratio align="center">scale</aspectratio>
								<visible>!String.Contains(ListItem.Icon,Default)</visible>
							</control>
							<control type="group">
								<left>85</left>
								<top>7</top>
								<control type="label">
									<width>385</width>
									<label>[B]$INFO[ListItem.Label][/B]</label>
									<include>dialog_CommonListItemFocus</include>
								</control>
								<control type="label">
									<top>30</top>
									<width>385</width>
									<height>20</height>
									<label>$INFO[ListItem.Label2]</label>
									<aligny>top</aligny>
									<include>autoscroll_Line</include>
									<include>dialog_CommonListItemFocus</include>
								</control>
							</control>
						</control>
						<control type="group">
							<visible>!Control.HasFocus(6)</visible>
							<control type="image">
								<left>4</left>
								<width>496</width>
								<height>90</height>
								<include>dialog_CommonList</include>
							</control>
							<control type="image">
								<left>10</left>
								<top>10</top>
								<width>64</width>
								<height>64</height>
								<texture>$INFO[ListItem.Icon]</texture>
								<colordiffuse>Color4</colordiffuse>
								<aspectratio align="center">keep</aspectratio>
								<visible>String.Contains(ListItem.Icon,Default)</visible>
							</control>
							<control type="image">
								<left>4</left>
								<top>4</top>
								<width>82</width>
								<height>82</height>
								<texture>$INFO[ListItem.Icon]</texture>
								<aspectratio align="center">scale</aspectratio>
								<visible>!String.Contains(ListItem.Icon,Default)</visible>
							</control>
							<control type="group">
								<left>85</left>
								<top>8</top>
								<control type="label">
									<width>385</width>
									<label>[B]$INFO[ListItem.Label][/B]</label>
									<include>dialog_CommonListItem</include>
								</control>
								<control type="label">
									<top>30</top>
									<width>385</width>
									<height>20</height>
									<label>$INFO[ListItem.Label2]</label>
									<textcolor>Color5</textcolor>
									<aligny>top</aligny>
									<include>dialog_CommonListItem</include>
								</control>
							</control>
						</control>
					</focusedlayout>
				</control>
				
				<!--dialog controls-->
				<control type="grouplist" id="9000">
					<right>15</right>
					<width>140</width>
					<height min="40" max="140">auto</height>
					<itemgap>10</itemgap>
					<onleft>6</onleft>
					<onright>6</onright>
					<orientation>vertical</orientation>
					<!--more / defaults-->
					<include content="dialog_Button">
						<param name="ID" value="5" />
						<param name="Label" value="$LOCALIZE[368]" />
					</include>
					<!--cancel-->
					<include content="dialog_Button">
						<param name="ID" value="7" />
						<param name="Label" value="$LOCALIZE[222]" />
					</include>
				</control>
			</control>
		</control>
	</controls>
</window>