<?xml version="1.0" encoding="UTF-8"?>
<window>
	<defaultcontrol always="true">11</defaultcontrol>
	<include>transition_Dialog</include>
	<coordinates>
		<system>1</system>
		<left>290</left>
		<top>85</top>
	</coordinates>
	<controls>
		<control type="group">
			<control type="image">
				<width>700</width>
				<height>550</height>
				<include>dialog_Window</include>
			</control>
			<control type="label" id="1">
				<width>692</width>
				<scroll>true</scroll>
				<label>$INFO[VideoPlayer.ChannelGroup]</label>
				<include>dialog_Windowtitle</include>
				<visible>PVR.IsPlayingTV</visible>
			</control>
			<control type="label" id="1">
				<left>4</left>
				<top>55</top>
				<width>692</width>
				<label>$INFO[System.Date]$INFO[System.Time, - ]</label>
				<include>dialog_Header</include>
				<include>dialog_ControlCommons</include>
			</control>
			<control type="image">
				<left>4</left>
				<top>95</top>
				<width>692</width>
				<include>dialog_SectionSeparator</include>
			</control>
			<control type="list" id="11">
				<left>4</left>
				<top>95</top>
				<width>692</width>
				<height>432</height>
				<onleft>PreviousChannelGroup</onleft>
				<onright>NextChannelGroup</onright>
				<onup>11</onup>
				<ondown>11</ondown>
				<include>global_ListScroll</include>
				<itemlayout width="692" height="72">
					<control type="image">
						<width>692</width>
						<height>72</height>
						<include>dialog_CommonList</include>
					</control>
					<control type="group">
						<left>4</left>
						<top>4</top>
						<control type="image">	
							<width>64</width>
							<height>64</height>
							<texture>thumbs/default_Square.png</texture>
							<visible>String.IsEmpty(ListItem.Art(thumb))</visible>
						</control>
						<control type="image">
							<left>8</left>
							<top>8</top>
							<width>48</width>
							<height>48</height>
							<texture colordiffuse="Color1">DefaultIconTV.png</texture>
							<visible>String.IsEmpty(ListItem.Art(thumb))</visible>
						</control>
						<control type="image">
							<width>64</width>
							<height>64</height>
							<texture>$INFO[ListItem.Art(thumb)]</texture>
						</control>
					</control>
					<control type="group">
						<left>70</left>
						<control type="label">
							<width>540</width>
							<label>[B]$VAR[pvr:Title][/B]</label>
							<include>dialog_CommonListItem</include>
						</control>	
						<control type="label">
							<top>30</top>
							<width>540</width>
							<label>$INFO[ListItem.StartTime,, - ]$INFO[ListItem.EndTime]$INFO[ListItem.NextTitle, &#8226; $LOCALIZE[209]: ]</label>
							<selectedcolor>Color4</selectedcolor>
							<include>dialog_CommonListItem</include>
						</control>
					</control>
					<control type="group">
						<right>20</right>
						<top>22</top>
						<width>28</width>
						<height>28</height>
						<control type="image">
							<width>28</width>
							<height>28</height>
							<colordiffuse>Color4</colordiffuse>
							<texture>$VAR[pvr:Progress]</texture>
							<visible>!ListItem.IsRecording</visible>
						</control>
						<control type="image">
							<width>28</width>
							<height>28</height>
							<colordiffuse>rec1</colordiffuse>
							<texture>$VAR[pvr:Progress]</texture>
							<visible>ListItem.IsRecording</visible>
						</control>
					</control>
				</itemlayout>
				<focusedlayout width="692" height="72">
					<control type="image">
						<width>692</width>
						<height>72</height>
						<include>dialog_CommonList</include>
					</control>
					<control type="image">
						<width>692</width>
						<height>72</height>
						<include>dialog_CommonListFocus</include>
					</control>
					<control type="group">
						<left>4</left>
						<top>4</top>
						<control type="image">	
							<width>64</width>
							<height>64</height>
							<texture>thumbs/default_Square.png</texture>
							<visible>String.IsEmpty(ListItem.Art(thumb))</visible>
						</control>
						<control type="image">
							<left>8</left>
							<top>8</top>
							<width>48</width>
							<height>48</height>
							<texture colordiffuse="Color1">DefaultIconTV.png</texture>
							<visible>String.IsEmpty(ListItem.Art(thumb))</visible>
						</control>
						<control type="image">
							<width>64</width>
							<height>64</height>
							<texture>$INFO[ListItem.Art(thumb)]</texture>
						</control>
					</control>
					<control type="group">
						<left>70</left>
						<control type="label">
							<width>540</width>
							<label>[B]$VAR[pvr:Title][/B]</label>
							<include>dialog_CommonListItemFocus</include>
						</control>	
						<control type="label">
							<top>30</top>
							<width>540</width>
							<label>$INFO[ListItem.StartTime,, - ]$INFO[ListItem.EndTime]$INFO[ListItem.NextTitle, &#8226; $LOCALIZE[209]: ]</label>
							<selectedcolor>Color1</selectedcolor>
							<include>dialog_CommonListItemFocus</include>
						</control>
					</control>
					<control type="group">
						<right>20</right>
						<top>22</top>
						<width>28</width>
						<height>28</height>
						<control type="image">
							<width>28</width>
							<height>28</height>
							<colordiffuse>Color1</colordiffuse>
							<texture>$VAR[pvr:Progress]</texture>
							<visible>!ListItem.IsRecording</visible>
						</control>
						<control type="image">
							<width>28</width>
							<height>28</height>
							<colordiffuse>rec2</colordiffuse>
							<texture>$VAR[pvr:Progress]</texture>
							<visible>ListItem.IsRecording</visible>
						</control>
					</control>
				</focusedlayout>
			</control>
		</control>
	</controls>
</window>