<?xml version="1.0" encoding="UTF-8"?>
<window type="dialog">
	<include>transition_Dialog</include>
	<coordinates>
		<system>1</system>
		<left>88</left>
		<top>60</top>
	</coordinates>
	<controls>
		<control type="group" id="250">
			<width>1105</width>
			<height>635</height>
			<include content="dialog_WindowCommons">
				<param name="DialogWidth" value="1105"/>
				<param name="DialogHeight" value="600"/>
				<param name="DialogHeaderID" value="140"/>
			</include>
		
			<!--services-->
			<control type="group">
				<top>60</top>
				<control type="label">
					<width>700</width>
					<label>$LOCALIZE[24018]</label>
					<textoffsetx>15</textoffsetx>
					<include>dialog_Header</include>
					<include>dialog_ControlCommons</include>
					<wrapmultiline>true</wrapmultiline>
				</control>			
				<include content="dialog_Common-List">
					<param name="ID" value="150"/>
					<param name="ContainerTop" value="40"/>
					<param name="ContainerWidth" value="200"/>
					<param name="ContainerHeight" value="480"/>
					<param name="Width" value="200"/>
					<param name="OnRight" value="120"/>
					<param name="OnUp" value="161"/>
					<param name="OnDown" value="160"/>
				</include>
			</control>

			<!--search results-->
			<control type="group">
				<top>60</top>
				<left>215</left>
				<control type="label">
					<width>700</width>
					<label>$INFO[Player.Filename]</label>
					<textoffsetx>15</textoffsetx>
					<include>dialog_Header</include>
					<include>dialog_ControlCommons</include>
					<wrapmultiline>true</wrapmultiline>
				</control>	
				<control type="list" id="120">
					<top>40</top>
					<left>15</left>
					<width>700</width>
					<height>490</height>
					<onleft>150</onleft>
					<onright>9000</onright>
					<onup>120</onup>
					<ondown>120</ondown>
					<include>global_ListScroll</include>
					<itemlayout width="700" height="40">
						<control type="image">
							<width>700</width>
							<height>40</height>
							<include>dialog_CommonList</include>
						</control>
						<control type="label">
							<left>50</left>
							<width>520</width>
							<height>38</height>
							<label>$INFO[ListItem.Label2]</label>
							<include>dialog_CommonListItem</include>
						</control>
						<control type="image">
							<left>10</left>
							<top>5</top>
							<width>32</width>
							<height>32</height>
							<texture>resource://resource.images.languageflags.colour/$INFO[ListItem.Art(thumb)].png</texture>
						</control>
						<control type="grouplist">
							<right>10</right>
							<top>8</top>
							<width>106</width>
							<height>32</height> 
							<itemgap>10</itemgap>
							<orientation>horizontal</orientation>	
							<control type="image">
								<width>48</width>
								<height>24</height>
								<texture colordiffuse="$VAR[subtitles:Flags.nf]">flags/subtitles/icon_cc2.png</texture>
							</control>
							<control type="image">
								<width>48</width>
								<height>24</height>
								<texture colordiffuse="$VAR[subtitles:Flags.nf]">flags/subtitles/icon_sync2.png</texture>
							</control>
						</control>
					</itemlayout>
					<focusedlayout width="700" height="40">
						<control type="group">
							<visible>Control.HasFocus(120)</visible>
							<control type="image">
								<width>700</width>
								<height>40</height>
								<include>dialog_CommonListFocus</include>
							</control>
							<control type="label">
								<left>50</left>
								<width>520</width>
								<height>38</height>
								<label>$INFO[ListItem.Label2]</label>
								<include>dialog_CommonListItemFocus</include>
							</control>
							<control type="image">
								<left>10</left>
								<top>5</top>
								<width>32</width>
								<height>32</height>
								<texture>resource://resource.images.languageflags.colour/$INFO[ListItem.Art(thumb)].png</texture>
							</control>
							<control type="grouplist">
								<right>10</right>
								<top>8</top>
								<width>106</width>
								<height>32</height>
								<itemgap>10</itemgap>
								<orientation>horizontal</orientation>	
								<control type="image">
									<width>48</width>
									<height>24</height>
									<texture colordiffuse="$VAR[subtitles:Flags.fo]">flags/subtitles/icon_cc2.png</texture>
								</control>
								<control type="image">
									<width>48</width>
									<height>24</height>
									<texture colordiffuse="$VAR[subtitles:Flags.fo]">flags/subtitles/icon_sync2.png</texture>
								</control>
							</control>
						</control>
						<control type="group">
							<visible>!Control.HasFocus(120)</visible>
							<control type="image">
								<width>700</width>
								<height>40</height>
								<include>dialog_CommonList</include>
							</control>
							<control type="label">
								<left>50</left>
								<width>520</width>
								<height>38</height>
								<label>$INFO[ListItem.Label2]</label>
								<include>dialog_CommonListItem</include>
							</control>
							<control type="image">
								<left>10</left>
								<top>5</top>
								<width>32</width>
								<height>32</height>
								<texture>resource://resource.images.languageflags.colour/$INFO[ListItem.Art(thumb)].png</texture>
							</control>
							<control type="grouplist">
								<right>10</right>
								<top>8</top>
								<width>106</width>
								<height>32</height>
								<itemgap>10</itemgap>
								<orientation>horizontal</orientation>	
								<control type="image">
									<width>48</width>
									<height>24</height>
									<texture colordiffuse="glyph_nf">flags/subtitles/icon_cc2.png</texture>
									<visible>!ListItem.Property(hearing_imp)</visible>
								</control>
								<control type="image">
									<width>48</width>
									<height>24</height>
									<texture colordiffuse="glyph_nf">flags/subtitles/icon_sync2.png</texture>
									<visible>!ListItem.Property(sync)</visible>
								</control>
							</control>
						</control> 
					</focusedlayout>
				</control>
			</control>

			<!--dialog controls-->
			<control type="grouplist" id="9000">
				<top>100</top>
				<right>15</right>
				<width>150</width>
				<height min="40" max="90">auto</height>
				<itemgap>10</itemgap>
				<onleft>6</onleft>
				<onright>6</onright>
				<orientation>vertical</orientation>
				<!--manual-->
				<include content="dialog_Button">
					<param name="ID" value="5160" />
					<param name="Width" value="150" />
					<param name="Label" value="$LOCALIZE[31330]" />
				</include>
				<!--cancel-->
				<include content="dialog_Button">
					<param name="ID" value="99" />
					<param name="Width" value="150" />
					<param name="Label" value="$LOCALIZE[222]" />
					<param name="OnClick" value="Close" />
				</include>
			</control>
		</control>
	</controls>
</window>