<?xml version="1.0" encoding="UTF-8"?>
<window>
	<defaultcontrol always="true">9</defaultcontrol>
	<include>transition_Dialog</include>
	<coordinates>
		<system>1</system>
		<left>150</left>
		<top>88</top>
	</coordinates>

	<controls>
		<control type="group">
			<width>980</width>
			<height>545</height>
			<include content="dialog_WindowCommons">
				<param name="DialogWidth" value="980" />
				<param name="DialogHeight" value="545" />
				<param name="DialogHeaderID" value="20" />
			</include>
			<!--control-->
			<control type="group">
				<left>15</left>
				<top>60</top>
				<!--button area-->
				<control type="grouplist" id="9">
					<top>1</top>
					<width>200</width>
					<height>440</height>
					<itemgap>0</itemgap>
					<onright>2</onright>
					<onup>9</onup>
					<ondown>9</ondown>
					<include>global_ListScroll</include>
				</control>
				<!--control area--> 
				<control type="grouplist" id="2">
					<left>215</left>
					<top>1</top>
					<width>600</width>
					<height>440</height>
					<itemgap>0</itemgap>
					<onleft>9</onleft>
					<onright>9001</onright>
					<onup>2</onup>
					<ondown>2</ondown>
 					<scrolltime tween="Cubic" easing="Out">200</scrolltime>
				</control>
			</control>

			<!--defaults-->
			<control type="button" id="13">
				<width>250</width>
				<textoffsetx>15</textoffsetx>
				<include>dialog_ControlCommons</include>
			</control>
			<control type="button" id="3">
				<include>dialog_ControlCommons</include>
			</control>
			<control type="radiobutton" id="4">
				<textwidth>460</textwidth>
				<include>dialog_ControlCommons</include>
				<include>dialog_Radio</include>
			</control>
			<control type="spincontrolex" id="5">
				<include>dialog_ControlCommons</include>
				<include>dialog_Spin</include>
			</control>
			<control type="sliderex" id="8">
				<include>dialog_ControlCommons</include>
				<include>dialog_Slider</include>
			</control>
			<!--default separator-->
			<control type="image" id="6">
				<include>dialog_Separator</include>
				<visible>false</visible>
			</control>
			<control type="label" id="7">
				<include>dialog_Header</include>
				<include>dialog_ControlCommons</include>
			</control>

			<!--dialog controls-->
			<control type="grouplist" id="9001">
				<top>60</top>
				<right>20</right>
				<width>120</width>
				<height>140</height>
				<itemgap>10</itemgap>
				<onleft>2</onleft>
				<orientation>vertical</orientation>
				<!--ok-->
				<include content="dialog_Button">
					<param name="Width" value="120" />
					<param name="ID" value="10" />
					<param name="Label" value="$LOCALIZE[186]" />
				</include>
				<!--cancel-->
				<include content="dialog_Button">
					<param name="Width" value="120" />
					<param name="ID" value="11" />
					<param name="Label" value="$LOCALIZE[222]" />
				</include>
				<!--defaults-->
				<include content="dialog_Button">
					<param name="Width" value="120" />
					<param name="ID" value="12" />
					<param name="Label" value="$LOCALIZE[409]" />
				</include>
			</control>
		</control>
	</controls>
</window>