<?xml version="1.0" encoding="utf-8"?>
<window>
	<defaultcontrol always="true">5000</defaultcontrol>
	<controls>
		<control type="group">
			<include>screen_Dimensions</include>

			<!--background-->
			<control type="image">
				<include>screen_Dimensions</include>
				<texture background="true">$VAR[art:Container]</texture>
				<aspectratio>scale</aspectratio>
				<animation type="WindowOpen">
					<effect type="Fade" time="transition_Open" start="0" end="100" />
				</animation>			
				<animation type="WindowClose">
					<effect type="Fade" time="transition_Close" start="100" end="0" />
				</animation>
			</control>

			<control type="image">
				<include>screen_Dimensions</include>
				<texture background="true">overlays/base_color.png</texture>
				<colordiffuse>base_1</colordiffuse>
				<visible>String.IsEmpty(ListItem.Art(fanart))</visible>
			</control>

			<control type="group">
				<include>screen_Dimensions</include>
				<include>transition_Content</include>
				<!--main container-->
				<control type="grouplist" id="4000">
					<include>screen_Dimensions</include>
					<onright>70</onright>
					<pagecontrol>70</pagecontrol>
					<include>global_Scrolltime</include>
					<orientation>vertical</orientation>
					<itemgap>0</itemgap>
					<!--banner window-->
					<control type="group">
						<width>100%</width>
						<height>250</height>
						<control type="image">
							<width>100%</width>
							<height>200</height>
							<texture>overlays/vignette_bottom.png</texture>
							<aspectratio aligny="bottom">stretch</aspectratio>
							<visible>!String.IsEmpty(ListItem.Art(fanart))</visible>
						</control>
						<!--begin main column-->
						<control type="group">
							<left>300</left>
							<top>110</top>
							<control type="label">
								<width min="0" max="900">auto</width>
								<label>$INFO[ListItem.AddonName]</label>
								<selectedcolor>Color1</selectedcolor>
								<include>osd_Title</include>
							</control>
							<control type="label">
								<top>28</top>
								<width>1164</width>
								<label>$INFO[ListItem.Property(Addon.ID)]</label>
								<font>regular_Small-U</font>
								<include>osd_Sub</include>
							</control>
							<control type="label">
								<top>50</top>
								<width min="0" max="900">auto</width>
								<label>$INFO[ListItem.AddonSummary]</label>
								<font>regular_Smaller-U</font>
								<textcolor>Color3</textcolor>
								<include>osd_Sub</include>
							</control>
						</control>

						<control type="group">
							<width>100%</width>
							<height>screen_Height</height>
							<control type="image">
								<top>200</top>	
								<width>screen_Width</width>
								<height>520</height>	
								<aspectratio>stretch</aspectratio>
								<texture background="true">overlays/base_color.png</texture>
								<colordiffuse>base_1</colordiffuse>
								<visible>!String.IsEmpty(ListItem.Art(fanart))</visible>
							</control>
							<!--begin main content area-->
							<control type="group">
								<left>300</left>
								<top>220</top>
								<control type="grouplist" id="5000">
									<width>1200</width>
									<height>40</height>
									<itemgap>10</itemgap>
									<orientation>horizontal</orientation>
									<defaultcontrol always="true">8</defaultcontrol>
									<!--configure-->
									<control type="togglebutton" id="9">
										<width>150</width>
										<label>$LOCALIZE[24020]</label>
										<include>global_Button</include>
										<visible>Control.IsEnabled(9)</visible>
									</control>
									<!--update
									<control type="button" id="8">
										<width>150</width>
										<label>$LOCALIZE[24069]</label>
										<include>global_Button</include>
									</control>
									-->
									<!--auto update
									<control type="button" id="13">
										<width>150</width>
										<label>$LOCALIZE[21340]</label>
										<include>global_Button</include>
									</control>
									-->
									<!--launch-->
									<control type="button" id="12">
										<width>150</width>
										<label>$LOCALIZE[518]</label>
										<include>global_Button</include>
										<visible>Control.IsEnabled(12)</visible>
									</control>
									<!--install/uninstall-->
									<control type="button" id="6">
										<width>150</width>
										<label>$LOCALIZE[24022]</label>
										<include>global_Button</include>
									</control>
									<!--enable/disable-->
									<control type="button" id="7">
										<width>150</width>
										<label>$LOCALIZE[24021]</label>
										<include>global_Button</include>
									</control>
									<!--removed most manage menu items for now as it can't be made to properly show correct labels. revise in Krypton for possible solution-->
									<control type="togglebutton" id="501">
										<width>150</width>
										<label>$LOCALIZE[24069]</label>
										<!--<label>$LOCALIZE[16106]</label>-->
										<include>global_Button</include>
										<onclick condition="String.IsEqual(ListItem.Property(Addon.Installed),True)">Skin.SetString(addon.installed,true)</onclick>
										<onclick>ActivateWindow(1120)</onclick>
									</control>
								</control>
								<!--plot / descriptions-->
								<control type="textbox" id="401">
									<top>70</top>
									<width>900</width>
									<height min="0" max="325">auto</height>
									<label>$INFO[ListItem.AddonDescription,[B]$LOCALIZE[21821][CR][/B]][CR][CR]$INFO[ListItem.AddonDisclaimer,[B]$LOCALIZE[24052][CR][/B]][CR][CR]$INFO[ListItem.AddonBroken,[B]$LOCALIZE[24096][CR][/B]]</label>
									<include>detail_Text</include>
									<visible>!Control.IsVisible(50)</visible>
								</control>
							</control>
						</control>

						<!--begin left column-->
						<control type="group">
							<left>40</left>
							<top>40</top>
							<control type="image">
								<width>207</width>
								<height>207</height>
								<include>art_Frame-nf</include>
							</control>
							<control type="group">
								<left>7</left>
								<top>7</top>
								<control type="image">	
									<width>193</width>
									<height>193</height>
									<texture background="true">thumbs/default_Portrait.png</texture>
									<aspectratio>stretch</aspectratio>
								</control>
								<control type="image">
									<width>193</width>
									<height>193</height>
									<texture>$INFO[ListItem.ActualIcon]</texture>
									<aspectratio align="center" aligny="top">scale</aspectratio>
									<visible>String.IsEmpty(ListItem.Thumb)</visible>
								</control>
								<control type="image">
									<width>193</width>
									<height>193</height>
									<texture>$INFO[ListItem.Art(thumb)]</texture>
									<aspectratio align="center" aligny="top">scale</aspectratio>
								</control>
							</control>
							<control type="textbox" id="401">
								<top>227</top>
								<width>200</width>
								<height min="0" max="325">auto</height>
								<align>right</align>
								<label>$INFO[ListItem.AddonType,[B]$LOCALIZE[467][CR][/B]][CR][CR]$INFO[ListItem.AddonVersion,[B]$LOCALIZE[19114][CR][/B]][CR][CR]$INFO[ListItem.AddonCreator,[B]$LOCALIZE[21863][CR][/B]][CR][CR]$INFO[ListItem.Property(Addon.Status),[B]$LOCALIZE[126][CR][/B]]</label>
								<include>detail_Text</include>
							</control>
						</control>
					</control>		
				</control>
			</control>
		</control>
	</controls>
</window>