<?xml version="1.0" encoding="UTF-8"?>
<window>
	<defaultcontrol>11</defaultcontrol>
	<include>transition_Dialog</include>
	<coordinates>
		<system>1</system>
		<left>390</left>
		<top>425</top>
	</coordinates>
	<controls>
		<control type="group">
			<width>685</width>
			<height>615</height>
			<include content="dialog_WindowCommons">
				<param name="DialogHeaderID" value="10"/>
				<param name="DialogWidth" value="500"/>
				<param name="DialogHeight" value="145"/>
			</include>
			<control type="group">
				<left>15</left>
				<top>60</top>
				<control type="slider" id="11">
					<width>470</width>
					<height>32</height>
					<onup>11</onup>
					<ondown>11</ondown>
					<onleft>11</onleft>
					<onright>11</onright>
					<include>dialog_Slider</include>
				</control>
				<control type="label" id="12">
					<top>38</top>
					<width>470</width>
					<align>center</align>
					<aligny>center</aligny>
					<font>semibold-U</font>
					<textcolor>Color4</textcolor>
				</control>
			</control>
		</control>
	</controls>
</window>