<?xml version="1.0" encoding="UTF-8"?>
<window>
	<include>transition_Dialog</include>
	<coordinates>
		<system>1</system>
		<left>340</left>
		<top>235</top>
	</coordinates>
	<controls>
		<control type="group">
			<width>600</width>
			<height>220</height>
			<include content="dialog_WindowCommons">
				<param name="DialogWidth" value="600" />
				<param name="DialogHeight" value="220" />
				<param name="DialogHeaderID" value="1" />
			</include>

			<!--textbox-->
			<control type="textbox" id="9">
				<centerleft>50%</centerleft>
				<top>55</top>
				<width>560</width>
				<height>90</height>
				<label>-</label>
				<align>center</align>
				<include>dialog_Text</include>
			</control>

			<!--dialog controls-->
			<control type="grouplist" id="9000">
				<bottom>20</bottom>
				<width>600</width>
				<height>40</height>
				<itemgap>10</itemgap>
				<align>center</align>
				<orientation>horizontal</orientation>
				<!--yes-->
				<include content="dialog_Button">
					<param name="ID" value="11" />
					<param name="Label" value="" />
				</include>
				<!--no-->
				<include content="dialog_Button">
					<param name="ID" value="10" />
					<param name="Label" value="" />
				</include>
				<include content="dialog_Button">
					<param name="ID" value="12" />
					<param name="Label" value="" />
				</include>
			</control>

		</control>
	</controls>
</window>