<?xml version="1.0" encoding="UTF-8"?>
<window>
	<defaultcontrol always="true">570</defaultcontrol>
	<menucontrol>6000</menucontrol>
	<views>570</views>
	<controls>
		<include>global_Background</include>
		<include>global_Includes</include>
		<include>global_MenuGuide</include>

	<!--window header-->
		<include content="windowTitle">
			<param name="Label" value="$VAR[window:Title.System]"/>
		</include>
	
		<include>global_Itemcount</include>

		<control type="group">
			<control type="list" id="570">
				<left>30</left>
				<top>90</top>
				<width>1205</width>
				<height>603</height>
				<onup>570</onup>
				<ondown>570</ondown>
				<onleft>6000</onleft>
				<onright>70</onright>
				<pagecontrol>70</pagecontrol>
				<preloaditems>2</preloaditems>
				<include>toggle_Menu</include>
				<include>global_ListScroll</include>
				<include>transition_Info</include>
				<include>transition_Content</include>
				<itemlayout width="1205" height="67">
					<include content="view_List-Icon">
						<param name="IconSize" value="57"/>
					</include>
					<include content="view_List-Data">
						<param name="TextLeft" value="80"/>
						<param name="TextWidth" value="1145"/>
						<param name="Label1" value="$INFO[ListItem.Label]"/>
						<param name="Label2" value="$INFO[ListItem.Label2,, ]$INFO[ListItem.Property(Event.Description),&#8226; ]"/>
					</include>
				</itemlayout>
				<focusedlayout width="1205" height="67">
					<include content="view_List-Focus">
						<param name="Width" default="1205"/>
						<param name="Height" default="67"/>
					</include>
					<include content="view_List-Icon">
						<param name="IconSize" value="57"/>
					</include>
					<include content="view_List-Data">
						<param name="TextLeft" value="80"/>
						<param name="TextWidth" value="1145"/>
						<param name="Label1" value="$INFO[ListItem.Label]"/>
						<param name="Label2" value="$INFO[ListItem.Label2,, ]$INFO[ListItem.Property(Event.Description),&#8226; ]"/>
						<param name="TextColor">$VAR[view:List.TextColor]</param>
						<param name="TextColor2">$VAR[view:List.TextColor2]</param>
					</include>
				</focusedlayout>
			</control>
		</control>

		<!--scrollbars-->
		<include>PageControls</include>

		<!--menu-->
		<include>menu_Other</include>

	</controls>
</window>