<?xml version="1.0" encoding="UTF-8"?>
<includes>	
	<include name="home_Menu-vertical">
		<control type="group">
			<animation effect="Slide" time="250" start="0" end="-320" tween="Quadratic" easing="Out" reversible="false" condition="Control.HasFocus(9200)">Conditional</animation>
			<animation effect="Slide" time="250" start="-320" end="0" tween="Quadratic" easing="Out" reversible="false" condition="!Control.HasFocus(9200)">Conditional</animation>

			<!--insert the widget template-->
			<control type="group">
				<visible>!Skin.HasSetting(widgets.disable)</visible>
				<include content="skinshortcuts-template-widget_Vertical"></include>
			</control>

			<!--MAIN MENU-->
			<control type="group" id="9109">
				<width>320</width>
				<include>transition_Home</include>
				<control type="group">
					<visible>!Skin.HasSetting(widgets.push)</visible>
					<control type="image">
						<width>320</width>
						<height>screen_Height</height>
						<texture background="true">colorize/95.png</texture>
						<colordiffuse>base_3</colordiffuse>
						<visible>!Skin.HasSetting(homemenu.compact)</visible>
					</control>
					<control type="image">
						<width>320</width>
						<height>10</height>
						<texture background="true">colorize/95.png</texture>
						<colordiffuse>base_3</colordiffuse>
					</control>
				</control>
				<control type="group">
					<visible>Skin.HasSetting(widgets.push)</visible>
					<control type="image">
						<width>320</width>
						<height>screen_Height</height>
						<texture background="true">colorize/100.png</texture>
						<colordiffuse>base_3</colordiffuse>
						<visible>!Skin.HasSetting(homemenu.compact)</visible>
					</control>
					<control type="image">
						<width>320</width>
						<height>10</height>
						<texture background="true">colorize/100.png</texture>
						<colordiffuse>base_3</colordiffuse>
					</control>
				</control>
				<!--use fake bottom menu edge when compact menu uses entire screen height-->
				<control type="image">
					<bottom>0</bottom>
					<width>320</width>
					<height>3</height>
					<texture background="true">colorize/100.png</texture>
					<colordiffuse>base_3</colordiffuse>
					<visible>Skin.HasSetting(homemenu.compact) + Integer.IsGreater(Container(9000).NumItems,11)</visible>
				</control>
				<control type="list" id="9000">
					<left>0</left>
					<top>3</top>
					<width>320</width>
					<height>714</height>
					<onback>9000</onback>
					<onup>9000</onup>
					<ondown>9000</ondown>
					<onright condition="Control.IsVisible(9200) + Integer.IsGreater(Container(9200).NumItems,0) + !Container(9200).IsUpdating + ![String.IsEqual(Container(9000).ListItem.Property(widgetType),playingvideo) + !Player.HasVideo] + ![String.IsEqual(Container(9000).ListItem.Property(widgetType),static) + !Player.HasAudio]">9200</onright>
					<onright condition="Control.IsVisible(9200) + Integer.IsGreater(Container(9200).NumItems,0) + !Container(9200).IsUpdating + ![String.IsEqual(Container(9000).ListItem.Property(widgetType),playingvideo) + !Player.HasVideo] + ![String.IsEqual(Container(9000).ListItem.Property(widgetType),static) + !Player.HasAudio]">SetProperty(WidgetState,open,Home)</onright>
					<onleft>RunScript(script.skinshortcuts,type=hidesubmenu&amp;mainmenuID=9000)</onleft>
					<onback>RunScript(script.skinshortcuts,type=hidesubmenu&amp;mainmenuID=9000)</onback>
					<pagecontrol>80</pagecontrol>
					<include>global_ListScroll</include>
					<orientation>vertical</orientation>
					<itemlayout width="320" height="59.5">
						<control type="image">
							<width>320</width>
							<height>62</height>
							<texture colordiffuse="base_3">colorize/100.png</texture>
							<visible>Skin.HasSetting(homemenu.compact)</visible>
						</control>
						<control type="group">
							<left>3</left>
							<control type="image">
								<width>314</width>
								<height>59</height>
								<texture colordiffuse="base_2">colorize/100.png</texture>
								<bordertexture colordiffuse="base_3">colorize/100.png</bordertexture>
								<bordersize>0.35</bordersize>
								<visible>String.IsEmpty(ListItem.Property(isSubmenu))</visible>
							</control>
							<control type="image">
								<width>314</width>
								<height>59</height>
								<texture colordiffuse="accent_2">colorize/100.png</texture>
								<bordertexture colordiffuse="base_3">colorize/100.png</bordertexture>
								<bordersize>0.35</bordersize>
								<visible>!String.IsEmpty(ListItem.Property(isSubmenu))</visible>
							</control>
						</control>
						<control type="group">
							<left>20</left>
							<control type="label">
								<width>260</width>
								<height>55</height>
								<font>condensed_HomeSmall</font>
								<textcolor>Color3</textcolor>
								<label>$INFO[ListItem.Label]</label>
								<visible>String.IsEmpty(ListItem.Property(isSubmenu))</visible>
							</control>
							<control type="label">
								<width>260</width>
								<height>55</height>
								<font>condensed_HomeSub</font>
								<textcolor>Color3</textcolor>
								<label>$INFO[ListItem.Label]</label>
								<visible>!String.IsEmpty(ListItem.Property(isSubmenu))</visible>
							</control>
							<control type="label">
								<right>20</right>
								<width>20</width>
								<height>54</height>
								<label>›</label>
								<font>regular</font>
								<align>right</align>
								<textcolor>Color3</textcolor>
								<visible>String.Contains(ListItem.Property(hasSubmenu),True)</visible>
								<visible>!String.IsEqual(ListItem.Property("submenuVisibility"),Window(10000).Property("submenuVisibility"))</visible>
							</control>
						</control>
					</itemlayout>
					<focusedlayout width="320" height="59.5">
						<control type="image">
							<width>320</width>
							<height>62</height>
							<texture colordiffuse="base_3">colorize/100.png</texture>
							<visible>Skin.HasSetting(homemenu.compact) + String.IsEmpty(Container(9000).ListItemNoWrap(1).Label) + Control.HasFocus(9000) + ![Window.IsActive(virtualkeyboard) | Window.IsActive(script-skinshortcuts.xml)]</visible>
						</control>
						<control type="image">
							<width>320</width>
							<height>60</height>
							<texture colordiffuse="base_3">colorize/100.png</texture>
							<visible>Skin.HasSetting(homemenu.compact)</visible>
						</control>
						<control type="image">
							<left>3</left>
							<width>314</width>
							<height>59</height>
							<texture colordiffuse="Color1">colorize/100.png</texture>
							<bordertexture colordiffuse="base_3">colorize/100.png</bordertexture>
							<bordersize>0.35</bordersize>
						</control>
						<control type="group">
							<left>20</left>
							<control type="label">
								<height>55</height>
								<width>260</width>
								<font>condensed_HomeSmall</font>
								<textcolor>Focused</textcolor>
								<label>$INFO[ListItem.Label]</label>
								<visible>String.IsEmpty(ListItem.Property(isSubmenu))</visible>
							</control>
							<control type="label">
								<height>55</height>
								<width>260</width>
								<font>condensed_HomeSub</font>
								<textcolor>Focused</textcolor>
								<label>$INFO[ListItem.Label]</label>
								<visible>!String.IsEmpty(ListItem.Property(isSubmenu))</visible>
							</control>
							<control type="label">
								<right>20</right>
								<width>20</width>
								<height>54</height>
								<label>›</label>
								<font>regular</font>
								<align>right</align>
								<textcolor>Focused</textcolor>
								<visible>String.Contains(ListItem.Property(hasSubmenu),True)</visible>
								<visible>!String.IsEqual(ListItem.Property("submenuVisibility"),Window(10000).Property("submenuVisibility"))</visible>
							</control>
						</control>
					</focusedlayout>
					<content>
						 <include>skinshortcuts-allmenus</include>
					</content>
				</control>
			</control>
		</control>
		<control type="group">
			<animation effect="Slide" time="250" start="0" end="-320" tween="Quadratic" easing="Out" reversible="false" condition="Control.HasFocus(9200)">Conditional</animation>
			<animation effect="Slide" time="250" start="-320" end="0" tween="Quadratic" easing="Out" reversible="false" condition="!Control.HasFocus(9200)">Conditional</animation>
			<include condition="!Skin.HasSetting(widgets.disable)">widget_Header</include>
		</control>
	</include>
	<include name="home_Menu-horizontal">
		<control type="group">
			
			<!--insert the widget template-->
			<control type="group">
				<visible>!Skin.HasSetting(widgets.disable)</visible>
				<include content="skinshortcuts-template-widget_Horizontal"></include>
			</control>

			<!--MAIN MENU-->
			<control type="group">
				<left>50</left>
				<top>450</top>
				<animation effect="Slide" time="0" start="0,0" end="0,-70" tween="Cubic" reversible="false" condition="Skin.HasSetting(widgets.push)">Conditional</animation>
				<animation effect="Slide" time="250" start="0,0" end="0,340" tween="Cubic" reversible="false" condition="Control.HasFocus(9200)">Conditional</animation>
				<animation effect="Slide" time="250" start="0,340" end="0,0" tween="Cubic" reversible="false" condition="!Control.HasFocus(9200)">Conditional</animation>
				<control type="group">
					<include>transition_Home-horizontal</include>
					<control type="fixedlist" id="9000">
						<width>1182</width>
						<height>70</height>
						<onleft>9000</onleft>
						<onright>9000</onright>
						<onup condition="Control.IsVisible(9200) + Integer.IsGreater(Container(9200).NumItems,0) + !Container(9200).IsUpdating + ![String.IsEqual(Container(9000).ListItem.Property(widgetType),playingvideo) + !Player.HasVideo] + ![String.IsEqual(Container(9000).ListItem.Property(widgetType),static) + !Player.HasAudio]">9200</onup>
						<onup condition="Control.IsVisible(9200) + Integer.IsGreater(Container(9200).NumItems,0) + !Container(9200).IsUpdating + ![String.IsEqual(Container(9000).ListItem.Property(widgetType),playingvideo) + !Player.HasVideo] + ![String.IsEqual(Container(9000).ListItem.Property(widgetType),static) + !Player.HasAudio]">SetProperty(WidgetState,open,Home)</onup>
						<ondown>9100</ondown>
						<focusposition>2</focusposition>
						<movement>2</movement>
						<orientation>horizontal</orientation>
						<include>global_ListScroll</include>
						<animation effect="slide" start="0" end="-118" condition="String.IsEqual(Container(9000).NumItems,2)">Conditional</animation>
						<animation effect="slide" start="0" end="-118" condition="String.IsEqual(Container(9000).NumItems,4)">Conditional</animation>
						<itemlayout width="236" height="70">
							<control type="image">
								<width>238</width>
								<height>65</height>
								<texture colordiffuse="base_2">colorize/100.png</texture>
								<bordertexture colordiffuse="base_3">colorize/100.png</bordertexture>
								<bordersize>2</bordersize>
							</control>
							<control type="label">
								<width>236</width>
								<height>60</height>
								<label>$INFO[ListItem.Label]</label>
								<font>condensed_Home</font>
								<align>center</align>
								<textcolor>Color3</textcolor>
							</control>
						</itemlayout>
						<focusedlayout width="236" height="70">
							<control type="group">
								<visible>Control.HasFocus(9000)</visible>
								<control type="image">
									<width>238</width>
									<height>65</height>
									<texture colordiffuse="Color1">colorize/100.png</texture>
									<bordertexture colordiffuse="base_3">colorize/100.png</bordertexture>
									<bordersize>2</bordersize>
								</control>
								<control type="label">
									<width>236</width>
									<height>60</height>
									<label>$INFO[ListItem.Label]</label>
									<font>condensed_Home</font>
									<align>center</align>
									<textcolor>Color5</textcolor>
								</control>
							</control>
							<control type="group">
								<visible>!Control.HasFocus(9000)</visible>
								<control type="image">
									<width>238</width>
									<height>65</height>
									<texture colordiffuse="base_2">colorize/100.png</texture>
									<bordertexture colordiffuse="base_3">colorize/100.png</bordertexture>
									<bordersize>2</bordersize>
								</control>
								<control type="label">
									<width>236</width>
									<height>60</height>
									<label>$INFO[ListItem.Label]</label>
									<font>condensed_Home</font>
									<align>center</align>
									<textcolor>Color3</textcolor>
								</control>
							</control>
						</focusedlayout>
						<content>
							 <include>skinshortcuts-mainmenu</include>
						</content>
					</control>
					<!--SUB MENU-->
					<control type="fixedlist" id="9100">
						<top>70</top>
						<width>1182</width>
						<height>100</height>
						<onback>9000</onback>
						<onleft>9100</onleft>
						<onright>9100</onright>
						<onup>9000</onup>
						<focusposition>2</focusposition>
						<movement>2</movement>
						<include>global_ListScroll</include>
						<orientation>horizontal</orientation>
						<animation effect="slide" start="0" end="-118" condition="String.IsEqual(Container(9100).NumItems,2)">Conditional</animation>
						<animation effect="slide" start="0" end="-118" condition="String.IsEqual(Container(9100).NumItems,4)">Conditional</animation>
						<itemlayout width="236" height="50">
							<control type="image">
								<width>238</width>
								<height>42</height>
								<texture colordiffuse="base_2">colorize/100.png</texture>
								<bordertexture colordiffuse="base_3">colorize/100.png</bordertexture>
								<bordersize>2</bordersize>
							</control>
							<control type="label">
								<width>230</width>
								<height>40</height>
								<label>$INFO[ListItem.Label]</label>
								<font>condensed_HomeSubSmall</font>
								<align>center</align>
								<textcolor>Color3</textcolor>
							</control>
						</itemlayout>
						<focusedlayout width="236" height="50">
							<control type="group">
								<visible>Control.HasFocus(9100)</visible>
								<control type="image">
									<width>238</width>
									<height>42</height>
									<texture colordiffuse="Color1">colorize/100.png</texture>
									<bordertexture colordiffuse="base_3">colorize/100.png</bordertexture>
									<bordersize>2</bordersize>
								</control>
								<control type="label">
									<width>230</width>
									<height>40</height>
									<label>$INFO[ListItem.Label]</label>
									<font>condensed_HomeSubSmall</font>
									<align>center</align>
									<textcolor>Color5</textcolor>
								</control>
							</control>
							<control type="group">
								<visible>!Control.HasFocus(9100)</visible>
								<control type="image">
									<width>238</width>
									<height>42</height>
									<texture colordiffuse="base_2">colorize/100.png</texture>
									<bordertexture colordiffuse="base_3">colorize/100.png</bordertexture>
									<bordersize>2</bordersize>
								</control>
								<control type="label">
									<width>230</width>
									<height>40</height>
									<label>$INFO[ListItem.Label]</label>
									<font>condensed_HomeSubSmall</font>
									<align>center</align>
									<textcolor>Color3</textcolor>
								</control>
							</control>
						</focusedlayout>
						<content>
							 <include>skinshortcuts-submenu</include>
						</content>
					</control>
				</control>
			</control>
		</control>
		<control type="group">
			<include condition="!Skin.HasSetting(widgets.disable)">widget_Header</include>
		</control>
	</include>
</includes>