<?xml version="1.0" encoding="UTF-8"?>
<includes>
	<include file="Defaults.xml" />
	<include file="HomeMenu.xml" />
	<include file="IncludesAddons.xml" />
	<include file="IncludesAnimations.xml" />
	<include file="IncludesBackgrounds.xml" />
	<include file="IncludesDialogs.xml" />
	<include file="IncludesHome.xml" />
	<include file="IncludesPVR.xml" />
	<include file="Menu.xml" />
	<include file="Variables.xml" />
	<include file="ViewBanner.xml" />
	<include file="ViewCards.xml" />
	<include file="ViewGallery.xml" />
	<include file="ViewIcon.xml" />
	<include file="ViewList.xml" />
	<include file="ViewSlide.xml" />
	<include file="ViewsColumn.xml" />
	<include file="script-skinshortcuts-includes.xml" />

<!--CONSTANTS-->
	<constant name="screen_Width">1280</constant>
	<constant name="screen_Height">720</constant>
	<constant name="screen_Center">640,360</constant>
	<constant name="screen_Centerx">640</constant>
	<constant name="screen_Centery">360</constant>
	<constant name="fadetime_Thumb">200</constant>
	<constant name="fadetime_Fanart">300</constant>
	<constant name="fadetime_Slideshow">900</constant>
	<constant name="transition_Open">300</constant>
	<constant name="transition_Close">200</constant>
	<constant name="transition_Visible">200</constant>
	<constant name="transition_Hidden">100</constant>
	<constant name="transition_Opacity">95</constant>
	<constant name="transition_DialogOpen">200</constant>
	<constant name="transition_DialogClose">200</constant>
	<constant name="slideshow_Timer">20000</constant>
	<constant name="autoscroll_Delay">10000</constant>
	<constant name="autoscroll_Time">3000</constant>
	<constant name="autoscroll_Repeat">10000</constant>
	<constant name="autoscroll_Speed">40</constant>
	<constant name="autoscroll_Widget">15000</constant>

<!--GLOBAL-->
	<include name="TriggerButton">
		<width>1</width>
		<height>1</height>
		<texturenofocus>-</texturenofocus>
		<texturefocus>-</texturefocus>
		<onclick>noop</onclick>
		<visible allowhiddenfocus="true">false</visible>
	</include>

	<include name="global_ListScroll">
		<scrolltime tween="Quadratic" easing="Out">300</scrolltime>
	</include>

	<include name="global_Scrolltime">
		<scrolltime tween="Quadratic" easing="Out">400</scrolltime>
	</include>

	<include name="autoscroll_Line">
		<scroll>true</scroll>
		<scrollspeed>autoscroll_Speed</scrollspeed>
	</include>

	<include name="autoscroll_Dialog">
		<autoscroll delay="2500" time="autoscroll_Time" repeat="5000">true</autoscroll>
	</include>

	<include name="screen_Dimensions">
		<width>screen_Width</width>
		<height>screen_Height</height>
	</include>
	<include name="global_Includes">
		<include>global_Clock</include>
		<include>global_Playing</include>
	</include>

	<include name="global_Clock">
		<control type="group">
			<include>transition_Info</include>
			<include>toggle_Menu</include>
			<visible>[![Player.HasMedia + !Skin.HasSetting(mediaoverlay.disable)] | [Player.HasMedia + !String.IsEmpty(Window(videolibrary).Property(PlayingBackgroundMedia))]] + ![Window.IsActive(Notification) | Window.IsActive(extendedprogressdialog) | Window.IsActive(movieinformation) | Window.IsActive(musicinformation) | Window.IsActive(weather)]</visible>
			<control type="label">
				<label>$VAR[toast:Top]</label>
				<include>toast_Top</include>
			</control>
			<control type="label">
				<label>$VAR[toast:Bottom]</label>
				<textcolor>Color2</textcolor>
				<include>toast_Bottom</include>
			</control>
			<control type="image">
				<top>15</top>
				<include>toast_Icon</include>
				<texture>$VAR[toast:Icon]</texture>
				<visible>!Player.Muted + Integer.IsGreater(Player.Volume,0)</visible>
			</control>
		</control>
	</include>
	<include name="clock">
		<control type="group">
			<include>fadeinout</include>
			<visible>![Library.IsScanningVideo | Library.IsScanningMusic | Window.IsActive(Notification) | [Control.HasFocus(9200) + !String.IsEqual(Skin.String(homemenu.type),alternate) ] | Window.IsVisible(subtitlesearch)]</visible>
			<control type="label">
				<label>$VAR[toast:Top]</label>
				<shadowcolor>black</shadowcolor>
				<include>toast_Top</include>
			</control>
			<control type="label">
				<label>$VAR[toast:Bottom]</label>
				<textcolor>Color1</textcolor>
				<shadowcolor>black</shadowcolor>
				<include>toast_Bottom</include>
			</control>
			<control type="group">
				<visible>!Player.Muted + Integer.IsGreater(Player.Volume,0)</visible>
				<control type="image">
					<top>20</top>
					<colordiffuse>black</colordiffuse>
					<include>toast_Icon</include>
					<texture>$VAR[toast:Icon]</texture>
				</control>
				<control type="image">
					<top>19</top>
					<include>toast_Icon</include>
					<texture>$VAR[toast:Icon]</texture>
				</control>
			</control>
		</control>
	</include>

	<include name="global_Itemcount">
		<param name="Left" default="35"/>
		<param name="InfoLabel" default="[B]$INFO[Container.NumItems][/B] $LOCALIZE[31143], $LOCALIZE[31144] $INFO[Container.SortMethod]"/>
		<param name="Visible" default="true"/>
		<definition>
			<control type="label">
				<left>$PARAM[Left]</left>
				<top>53</top>
				<width>500</width>
				<label>$PARAM[InfoLabel]</label>
				<font>regular_Small-U</font>
				<textcolor>Color3</textcolor>
				<include>transition_WindowTitle</include>
				<include>transition_Info</include>
				<include>toggle_Menu</include>
				<visible>$PARAM[Visible]</visible>
				<visible>!Control.IsVisible(531)</visible>
				<visible>![Window.IsActive(movieinformation) | Window.IsActive(musicinformation) | Window.IsActive(script-ExtendedInfo Script-DialogVideoInfo.xml)]</visible>
			</control>
		</definition>
	</include>

	<include name="global_MenuGuide">
		<control type="group" id="6100">
			<left>20</left>
			<top>16</top>
			<include>toggle_Menu</include>
			<visible>!Skin.HasSetting(global.kiosk) + [Window.IsActive(eventlog) | Window.IsActive(settings) | Window.IsActive(SettingsCategory.xml) | Window.IsActive(profiles) | Window.IsActive(skinsettings) | Window.IsActive(programs) | Window.IsActive(weather) | Window.IsActive(musicplaylist) | Window.IsActive(videoplaylist) | Window.IsActive(addonbrowser) | Window.IsActive(Videos) | Window.IsActive(Music) | Window.IsActive(Music) | Window.IsActive(pictures) | String.Contains(Container.FolderPath,pvr://) | Window.IsActive(tvguide) | Window.IsActive(radioguide) | Window.IsActive(tvsearch) | Window.IsActive(radiosearch)] + !Control.IsVisible(9900)</visible>
			<include>transition_Indicator</include>
			<include>transition_Info</include>
			<control type="image">
				<width>32</width>
				<height>32</height>
				<texture>navigation/left.png</texture>
				<visible>[Control.IsVisible(50) | Control.IsVisible(51) | Control.IsVisible(501) | Control.IsVisible(54) | Control.IsVisible(541) | Control.IsVisible(56) | Control.IsVisible(57) | Control.IsVisible(571) | Control.IsVisible(572) | Control.IsVisible(574) | Control.IsVisible(575) | Window.IsActive(weather) | Window.IsActive(SettingsCategory.xml) | Window.IsActive(profiles) | Window.IsActive(skinsettings) | Window.IsActive(eventlog)] + ![Window.IsActive(movieinformation) | Window.IsActive(musicinformation) | Window.IsActive(script-ExtendedInfo Script-DialogVideoInfo.xml)]</visible>
				<include>nav_IndicatorLeft</include>
			</control>
			<control type="image">
				<width>32</width>
				<height>32</height>
				<texture>navigation/up.png</texture>
				<visible>[Control.IsVisible(52) | Control.IsVisible(521) | Control.IsVisible(522) | Control.IsVisible(53) | Control.IsVisible(58)] + ![Window.IsActive(movieinformation) | Window.IsActive(musicinformation) | Window.IsActive(script-ExtendedInfo Script-DialogVideoInfo.xml)] + !Window.IsActive(weather)</visible>
				<include>nav_IndicatorUp</include>
			</control>
		</control>
	</include>

	<include name="global_Button">
		<width min="125" max="200">auto</width>
		<height>40</height>
		<font>regular</font>
		<align>center</align>
		<textoffsetx>8</textoffsetx>
		<textoffsety>4</textoffsety>
		<textcolor>Color3</textcolor>
		<focusedcolor>Color5</focusedcolor>
		<selectedcolor>Color5</selectedcolor>
		<texturenofocus border="2" colordiffuse="Color3">views/button.png</texturenofocus>
		<texturefocus colordiffuse="Color1">colorize/100.png</texturefocus>
		<alttexturenofocus border="2" colordiffuse="Color3">views/button.png</alttexturenofocus>
		<alttexturefocus colordiffuse="Color1">colorize/100.png</alttexturefocus>
	</include>

	<include name="global_Radio">
		<radiowidth>18</radiowidth>
		<radioheight>18</radioheight>
		<textureradioonnofocus colordiffuse="Color3">dialogs/radio/on-nf.png</textureradioonnofocus>
		<textureradiooffnofocus colordiffuse="Color3">dialogs/radio/off-nf.png</textureradiooffnofocus>
		<textureradioonfocus colordiffuse="Color5">dialogs/radio/on-fo.png</textureradioonfocus>
		<textureradioofffocus colordiffuse="Color5">dialogs/radio/off-fo.png</textureradioofffocus>
	</include>

<!--DETAILS-->
	<include name="detail_Title">
		<height>28</height>
		<aligny>center</aligny>
		<font>semibold_Big-U</font>
		<textcolor>Color1</textcolor>
		<selectedcolor>Selected</selectedcolor>
	</include>
	<include name="detail_Sub">
		<height>25</height>
		<aligny>center</aligny>
		<font>semibold_Small-U</font>
		<textcolor>Color2</textcolor>
		<selectedcolor>Selected</selectedcolor>
		<visible>!String.IsEqual(ListItem.Label,..)</visible>
	</include>
	<include name="detail_Text">
		<textcolor>Color3</textcolor>
		<font>regular</font>
		<aligny>top</aligny>
		<autoscroll delay="autoscroll_Delay" time="autoscroll_Time" repeat="autoscroll_Repeat">Skin.HasSetting(autoscroll.enable)</autoscroll>
	</include>

	<include name="detail_Info">
		<param name="Left" default="770"/>
		<param name="Top" default="100"/>
		<param name="Width"/>
		<param name="ShowPlot" default="true"/>
		<param name="PlotHeight" default="450"/>
		<param name="ShowStudio" default="true"/>
		<param name="StudioBottom" default="60"/>
		<param name="ShowFlags" default="false"/>
		<param name="FlagsBottom" default="30"/>
		<param name="InfoLabel" default="$INFO[ListItem.Label]"/>
		<param name="InfoLabel2" default="$VAR[media:Info]"/>
		<definition>
			<control type="group">
				<left>$PARAM[Left]</left>
				<top>$PARAM[Top]</top>
				<control type="grouplist" id="1000">
					<itemgap>0</itemgap>
					<control type="label">
						<width>$PARAM[Width]</width>
						<height>24</height>
						<label>$PARAM[InfoLabel]</label>
						<font>semibold_Big-U</font>
						<textcolor>Color1</textcolor>
						<aligny>top</aligny>
					</control>
					<control type="textbox">
						<width>$PARAM[Width]</width>
						<height min="34">auto</height>
						<label>$PARAM[InfoLabel2]</label>
						<font>semibold_Small-U</font>
						<textcolor>Color2</textcolor>
						<aligny>top</aligny>
						<visible>!String.Contains(Container.FolderPath,plugin) + !String.IsEqual(ListItem.Label,..)</visible>
					</control>
					<control type="textbox">
						<width>$PARAM[Width]</width>
						<height min="34">auto</height>
						<label>$VAR[media:Info.Addon]</label>
						<font>semibold_Small-U</font>
						<textcolor>Color2</textcolor>
						<visible>String.Contains(Container.FolderPath,plugin) + !String.IsEqual(ListItem.Label,..)</visible>
					</control>
					<control type="textbox">
						<width>$PARAM[Width]</width>
						<height>$PARAM[PlotHeight]</height>
						<label>$VAR[media:Plot]</label>
						<include>detail_Text</include>
						<visible>!String.Contains(ListItem.Icon,DefaultFolder)</visible>
						<visible>$PARAM[ShowPlot]</visible>
					</control>
				</control>
				<control type="image">
					<bottom>$PARAM[StudioBottom]</bottom>
					<aspectratio align="left">keep</aspectratio>
					<include>flag_Studio</include>
					<visible>$PARAM[ShowStudio]</visible>
				</control>
				<!--media flags-->
				<control type="grouplist">
					<bottom>$PARAM[FlagsBottom]</bottom>
					<width>$PARAM[Width]</width>
					<height>30</height>
					<itemgap>10</itemgap>
					<orientation>horizontal</orientation>
					<visible>$PARAM[ShowFlags]</visible>
					<visible>!String.IsEqual(ListItem.Label,..) + !ListItem.IsFolder + [Container.Content(movies) | Container.Content(episodes) | Container.Content(musicvideos) | Container.Content(files)]</visible>
					<include>media_Flags</include>
				</control>
			</control>
		</definition>
	</include>

	<include name="media_Flags">
		<control type="image">
			<width>30</width>
			<height>30</height> 
			<texture>DefaultMovies.png</texture>
			<colordiffuse>Color1</colordiffuse>
			<aspectratio align="center">keep</aspectratio>
		</control>
		<control type="label">
			<width min="50" max="200">auto</width>
			<height>30</height>
			<label>$INFO[ListItem.VideoCodec,, &#8226; ]$INFO[ListItem.VideoResolution,,P]</label>
			<textcolor>Color1</textcolor>
			<include>detail_Sub</include>
		</control>
		<control type="image">
			<width>30</width>
			<height>30</height> 
			<texture>DefaultAudio.png</texture>
			<colordiffuse>Color1</colordiffuse>
			<aspectratio align="center">keep</aspectratio>
		</control>
		<control type="label">
			<width min="50" max="200">auto</width>
			<height>30</height>
			<label>$INFO[ListItem.AudioCodec]$VAR[flag:Channels, &#8226; ]$INFO[ListItem.AudioLanguage, &#8226; ]</label>
			<textcolor>Color1</textcolor>
			<include>detail_Sub</include>
		</control>
		<control type="image">
			<width>30</width>
			<height>30</height> 
			<texture>DefaultIconSubtitles.png</texture>
			<colordiffuse>Color1</colordiffuse>
			<aspectratio align="center">keep</aspectratio>
			<visible>!String.IsEmpty(ListItem.SubtitleLanguage)</visible>
		</control>
		<control type="label">
			<width min="50" max="200">auto</width>
			<height>30</height>
			<label>$INFO[ListItem.SubtitleLanguage]</label>
			<textcolor>Color1</textcolor>
			<include>detail_Sub</include>
			<visible>!String.IsEmpty(ListItem.SubtitleLanguage)</visible>
		</control>
	</include>

	<include name="flag_Studio">
		<width>96</width>
		<height>48</height>
		<aspectratio align="right">keep</aspectratio>
		<colordiffuse>flag_1</colordiffuse>
		<texture>$VAR[flag:Studio]</texture>
	</include>

<!--COLUMN STYLES-->
	<include name="column_Header">
		<height>20</height>
		<font>regular</font>
		<textcolor>Color2</textcolor>
		<aligny>center</aligny>
	</include>
	<include name="column_CommonList">
		<width>98</width>
		<height>44</height>
		<texture colordiffuse="column2">colorize/100.png</texture>
	</include>
	<include name="column_CommonListItem">
		<height>40</height>
		<font>regular</font>
		<textcolor>Color1</textcolor>
		<selectedcolor>Selected</selectedcolor>
	</include>
	<include name="column_CommonListFocus">
		<width>98</width>
		<height>44</height>
		<texture colordiffuse="Color1">colorize/70.png</texture>
	</include>
	<include name="column_CommonListItem-focus">
		<height>40</height>
		<font>regular</font>
		<textcolor>Color5</textcolor>
		<selectedcolor>Selected</selectedcolor>
	</include>

<!--SETTINGS-->
	<include name="settings_Menu">
		<width>300</width>
		<height>44</height>
		<font>light_Settings</font>
		<align>left</align>
		<textoffsety>3</textoffsety>
		<textoffsetx>15</textoffsetx>
		<textcolor>Color1</textcolor>
		<texturenofocus colordiffuse="column2">colorize/70.png</texturenofocus>
		<texturefocus colordiffuse="Color1">colorize/70.png</texturefocus>
		<alttexturenofocus colordiffuse="column2">colorize/70.png</alttexturenofocus>
		<alttexturefocus colordiffuse="Color1">colorize/70.png</alttexturefocus>
	</include>
	<include name="settings_Listbutton">
		<width>850</width>
		<height>44</height>
		<font>regular</font>
		<textoffsetx>15</textoffsetx>
		<textoffsety>6</textoffsety>
		<textcolor>Color1</textcolor>
		<focusedcolor>Focused</focusedcolor>
		<texturenofocus colordiffuse="column2">colorize/70.png</texturenofocus>p
		<texturefocus colordiffuse="Color1">colorize/70.png</texturefocus>
		<radioheight>30</radioheight>
		<radiowidth>30</radiowidth>
	</include>
	<include name="settings_Radiobutton">
		<width>850</width>
		<height>44</height>
		<font>regular</font>
		<textoffsetx>15</textoffsetx>
		<textoffsety>6</textoffsety>
		<textcolor>Color1</textcolor>
		<focusedcolor>Focused</focusedcolor>
		<texturenofocus colordiffuse="column2">colorize/70.png</texturenofocus>
		<texturefocus colordiffuse="Color1">colorize/70.png</texturefocus>
		<textureradioonnofocus colordiffuse="Color3">settings/radio/on.png</textureradioonnofocus>
		<textureradiooffnofocus colordiffuse="Color3">settings/radio/off.png</textureradiooffnofocus>
		<textureradioonfocus colordiffuse="Color5">settings/radio/on.png</textureradioonfocus>
		<textureradioofffocus colordiffuse="Color5">settings/radio/off.png</textureradioofffocus>
		<textureradioondisabled colordiffuse="Color5">settings/radio/on.png</textureradioondisabled>
		<textureradiooffdisabled colordiffuse="Color5">settings/radio/off.png</textureradiooffdisabled>
		<radiowidth>34</radiowidth>
		<radioheight>28</radioheight>
		<disabledcolor>Disabled</disabledcolor>
	</include>

<!--PAGECONTROLS-->
	<include name="PageControls">
		<!--vertical-->
		<control type="scrollbar" id="70">
			<left>1272</left>
			<height>screen_Height</height>
			<onleft condition="Window.IsActive(SettingsCategory.xml)">5</onleft>
			<onleft condition="[Window.IsActive(videoplaylist) | Window.IsActive(tvchannels)] + Player.HasVideo">99</onleft>
			<onleft condition="[Window.IsActive(videoplaylist) | Window.IsActive(tvchannels)] + !Player.HasVideo">50</onleft>
			<onleft>50</onleft>
			<visible>![Control.IsVisible(52) | Control.IsVisible(521) | Control.IsVisible(522) | Control.IsVisible(53) | Control.IsVisible(531) | Control.IsVisible(58)] + ![Window.IsActive(movieinformation)] + ![Window.IsActive(tvguide) + Control.IsVisible(10)]</visible>
		</control>
		<!--horizontal-->
		<control type="scrollbar" id="71">
			<top>712</top>
			<width>screen_Width</width>
			<onup condition="Control.IsVisible(58)">58</onup>
			<onup condition="Control.IsVisible(52) | Control.IsVisible(521)">52</onup>
			<onup condition="Control.IsVisible(522)">522</onup>
			<onup condition="Control.IsVisible(53) | Control.IsVisible(531)">53</onup>
			<orientation>horizontal</orientation>
			<visible>[Control.IsVisible(52) | Control.IsVisible(521) | Control.IsVisible(522) | Control.IsVisible(53) | Control.IsVisible(531) | Control.IsVisible(58)] + ![Window.IsActive(movieinformation) | Window.IsActive(musicinformation)]</visible>
		</control>
	</include>

<!--ART-->
	<include name="art_Logo">
		<texture>$VAR[art:Logo]</texture>
		<aspectratio align="center" aligny="bottom">keep</aspectratio>
	</include>
	<include name="art_DefaultIcon">
		<texture>$INFO[ListItem.ActualIcon]</texture>
		<aspectratio>keep</aspectratio>
		<visible>String.IsEmpty(ListItem.Art(thumb))</visible>
	</include>
	<include name="art_Frame-nf">
		<texture>frames/frame-nf.png</texture>
		<aspectratio>stretch</aspectratio>
	</include>
	<include name="art_Frame-fo">
		<texture>frames/frame-fo.png</texture>
		<aspectratio>stretch</aspectratio>
	</include>


<!--STATUS INDICATORS-->
	<include name="status_List">
		<param name="StatusColor" default="Color1"/>
		<param name="Size" default="32"/>
		<param name="Right" default="10"/>
		<param name="Top" default="10"/>
		<definition>
			<control type="image">
				<top>$PARAM[Top]</top>
				<right>$PARAM[Right]</right>
				<width>$PARAM[Size]</width>
				<height>$PARAM[Size]</height>
				<colordiffuse>$PARAM[StatusColor]</colordiffuse>
				<texture>$VAR[status:List]</texture>
				<visible>[Container.Content(movies) + !Skin.HasSetting(overlay.movies.disable)] | [Container.Content(tvshows) + !Skin.HasSetting(overlay.tvshows.disable)] | [Container.Content(episodes) + !Skin.HasSetting(overlay.episodes.disable)] | [Container.Content(seasons) + !Skin.HasSetting(overlay.tvshows.disable)] | String.Contains(Container.FolderPath,pvr://recordings/) + Container.HasFiles + !Skin.HasSetting(overlay.files.disable) + ![String.Contains(Container.FolderPath,plugin://) | String.Contains(Container.FolderPath,sources://)]</visible>
			</control>
			<control type="group">
				<visible>String.Contains(Container.FolderPath,pvr://channels/) + !String.Contains(ListItem.Icon,DefaultFolder)</visible>
				<control type="image">
					<top>$PARAM[Top]</top>
					<right>$PARAM[Right]</right>
					<width>$PARAM[Size]</width>
					<height>$PARAM[Size]</height>
					<texture>$VAR[pvr:Progress]</texture>
					<colordiffuse>$PARAM[StatusColor]</colordiffuse>
					<visible>!ListItem.IsRecording</visible>
				</control>
				<control type="image">
					<top>$PARAM[Top]</top>
					<right>$PARAM[Right]</right>
					<width>$PARAM[Size]</width>
					<height>$PARAM[Size]</height>
					<colordiffuse>rec1</colordiffuse>
					<texture>$VAR[pvr:Progress]</texture>
					<visible>ListItem.IsRecording</visible>
				</control>
			</control>
		</definition>
	</include>

	<include name="status_Info">
		<param name="Left"/>
		<param name="Right"/>
		<param name="Bottom" default="11"/>
		<param name="Size" default="42"/>
		<param name="Visible" default="[Container.Content(movies) + !Skin.HasSetting(overlay.movies.disable)] | [Container.Content(tvshows) + !Skin.HasSetting(overlay.tvshows.disable)] | [Container.Content(episodes) + !Skin.HasSetting(overlay.episodes.disable)] | [Container.Content(seasons) + !Skin.HasSetting(overlay.tvshows.disable)] | [[Container.Content(Files) | String.Contains(Container.FolderPath,pvr://recordings/)] + Container.HasFiles + !Skin.HasSetting(overlay.files.disable)] + !String.Contains(Container.FolderPath,sources://) + !String.Contains(ListItem.Icon,DefaultFolder)"/>
		<param name="Texture" default="$VAR[status:Info]"/>
		<definition>
			<control type="group">
				<left>$PARAM[Left]</left>
				<right>$PARAM[Right]</right>
				<width>$PARAM[Size]</width>
				<height>$PARAM[Size]</height>
				<bottom>$PARAM[Bottom]</bottom>
				<control type="image">
					<width>$PARAM[Size]</width>
					<height>$PARAM[Size]</height>
					<texture>$PARAM[Texture]</texture>
					<visible>$PARAM[Visible]</visible>
				</control>
			</control>
		</definition>
	</include>


<!--NOTIFICATIONS-->
	<include name="toast_Top">
		<top>4</top>
		<right>70</right>
		<width>400</width>
		<height>40</height>
		<font>regular_Small-U</font>
		<align>right</align>
		<textcolor>Color1</textcolor>
		<include>transition_Toast</include>
	</include>
	<include name="toast_Bottom">
		<right>70</right>
		<top>30</top>
		<width>400</width>
		<align>right</align>
		<font>regular_Small</font>
		<textcolor>Color3</textcolor>
		<scroll>false</scroll>
		<pauseatend>2000</pauseatend>
		<include>transition_Toast</include>
	</include>
	<include name="toast_Icon">
		<right>26</right>
		<top>18</top>
		<width>34</width>
		<height>34</height>
		<aspectratio>keep</aspectratio>
		<include>transition_Toast</include>
	</include>


<!--PLAYER CONTROLS-->
	<include name="player_Button">
		<width>48</width>
		<height>48</height>
	</include>
	<include name="player_Controls-commons">
		<control type="image">
			<width>322</width>
			<height>60</height>
			<texture border="20,0,20,1">dialogs/frame/menu_player.png</texture>
		</control>
		<control type="grouplist" id="700">
			<left>7</left>
			<top>8</top>
			<onup>630</onup>
			<ondown>601</ondown>
			<itemgap>4</itemgap>
			<orientation>horizontal</orientation>
			<!--channel down-->
			<control type="button" id="701">
				<texturenofocus>player/down-nf.png</texturenofocus>
				<texturefocus>player/down-fo.png</texturefocus>
				<include>player_Button</include>
				<onclick>ChannelDown</onclick>
				<visible>VideoPlayer.Content(LiveTV)</visible>
			</control>
			<!--channel up-->
			<control type="button" id="702">
				<texturenofocus>player/up-nf.png</texturenofocus>
				<texturefocus>player/up-fo.png</texturefocus>
				<include>player_Button</include>
				<onclick>ChannelUp</onclick>
				<visible>VideoPlayer.Content(LiveTV)</visible>
			</control>
			<!--previous-->
			<control type="button" id="703">
				<texturenofocus>player/prev-nf.png</texturenofocus>
				<texturefocus>player/prev-fo.png</texturefocus>
				<include>player_Button</include>
				<onclick>PlayerControl(Previous)</onclick>
				<visible>!VideoPlayer.Content(LiveTV)</visible>
			</control>
			<!--rewind-->
			<control type="button" id="704">
				<texturenofocus>player/rwd-nf.png</texturenofocus>
				<texturefocus>player/rwd-fo.png</texturefocus>
				<include>player_Button</include>
				<onclick>PlayerControl(Rewind)</onclick>
				<enable>Player.SeekEnabled</enable>
				<animation effect="fade" start="100" end="50" time="0" condition="!Player.SeekEnabled">Conditional</animation>
			</control>
			<!--pause-->
			<control type="togglebutton" id="705">
				<texturenofocus>player/pause-nf.png</texturenofocus>
				<texturefocus>player/pause-fo.png</texturefocus>
				<alttexturenofocus>player/play-nf.png</alttexturenofocus>
				<alttexturefocus>player/play-fo.png</alttexturefocus>
				<usealttexture>Player.Paused | Player.Forwarding | Player.Rewinding</usealttexture>
				<include>player_Button</include>
				<onclick>PlayerControl(Play)</onclick>
				<visible>!VideoPlayer.Content(LiveTV)</visible>
				<enable>Player.PauseEnabled</enable>
			</control>
			<!--stop-->
			<control type="button" id="706">
				<texturenofocus>player/stop-nf.png</texturenofocus>
				<texturefocus>player/stop-fo.png</texturefocus>
				<include>player_Button</include>
				<onclick>PlayerControl(Stop)</onclick>
			</control>
			<!--forward-->
			<control type="button" id="707">
				<texturenofocus>player/fwd-nf.png</texturenofocus>
				<texturefocus>player/fwd-fo.png</texturefocus>
				<include>player_Button</include>
				<onclick>PlayerControl(Forward)</onclick>
				<enable>Player.SeekEnabled</enable>
				<animation effect="fade" start="100" end="50" time="0" condition="!Player.SeekEnabled">Conditional</animation>
			</control>
			<!--next-->
			<control type="button" id="708">
				<texturenofocus>player/next-nf.png</texturenofocus>
				<texturefocus>player/next-fo.png</texturefocus>
				<include>player_Button</include>
				<onclick>PlayerControl(Next)</onclick>
				<visible>!VideoPlayer.Content(LiveTV)</visible>
			</control>
			<!--record-->
			<control type="togglebutton" id="709">
				<texturenofocus>player/rec-nf.png</texturenofocus>
				<texturefocus>player/rec-fo.png</texturefocus>
				<alttexturenofocus>player/rec-ac-nf.png</alttexturenofocus>
				<alttexturefocus>player/rec-ac-fo.png</alttexturefocus>
				<usealttexture>Player.Recording</usealttexture>
				<include>player_Button</include>
				<onclick>PlayerControl(Record)</onclick>
				<visible>VideoPlayer.Content(LiveTV)</visible>
				<animation effect="fade" start="100" end="50" time="0" condition="!Player.CanRecord">Conditional</animation>
			</control>
		</control>
	</include>

<!-- NOW PLAYING -->
	<include name="global_Playing">
		<control type="group">
			<include>transition_Info</include>
			<visible>Player.HasMedia + !Skin.HasSetting(mediaoverlay.disable) + ![Window.IsActive(Notification) | Window.IsActive(extendedprogressdialog) | Window.IsActive(home) | Window.IsActive(fullscreenvideo) | Window.IsVisible(busydialog)] + String.IsEmpty(Window(videolibrary).Property(PlayingBackgroundMedia))</visible>
			<control type="label">
				<right>70</right>
				<label>$VAR[toast:PlayingTitle]</label>
				<include>toast_Top</include>
			</control>
			<control type="label">
				<right>70</right>
				<label>$VAR[toast:PlayingInfo]</label>
				<include>toast_Bottom</include>
			</control>
			<control type="image">
				<include>toast_Icon</include>
				<texture>toast/play.png</texture>
				<visible>!Player.Muted + Integer.IsGreater(Player.Volume,0)</visible>
			</control>
		</control>
	</include>

<!--OSD / SLIDESHOW-->
	<include name="osd_Title">
		<font>black_Title</font>
		<textcolor>Color1</textcolor>
	</include>
	<include name="osd_Sub">
		<font>semibold_Small-U</font>
		<textcolor>Color1</textcolor>
		<selectedcolor>Color1</selectedcolor>
	</include>
	<include name="osd_Text">
		<font>regular_Small</font>
		<width>275</width>
		<textcolor>Color3</textcolor>
		<autoscroll delay="autoscroll_Delay" time="autoscroll_Time" repeat="autoscroll_Repeat">Skin.HasSetting(autoscroll.enable)</autoscroll>
	</include>
	<include name="osd_Tech">
		<font>regular_Smallest</font>
		<height>18</height>
		<textcolor>Color1</textcolor>
	</include>
	<include name="osd_TechPVR">
		<font>regular_Smallest</font>
		<height>18</height>
		<textcolor>Color1</textcolor>
		<visible>VideoPlayer.Content(LiveTV)</visible>
	</include>
	
	<include name="osd_Seekbar">
		<control type="label">
			<left>40</left>
			<top>30</top>
			<width>screen_Width</width>
			<label>$VAR[player:Status]</label>
			<textcolor>Color1</textcolor>
			<font>light_Header</font>
		</control>
		<control type="group">
			<top>680</top>
			<width>screen_Width</width>
			<height>40</height>
			<top>$PARAM[Height]</top>
			<control type="image">
				<width>screen_Width</width>
				<height>40</height>
				<texture>colorize/100.png</texture>
				<colordiffuse>accent_1</colordiffuse>
			</control>
			<control type="group">
				<left>100</left>
				<top>5</top>
				<!--cache progress-->
				<control type="progress" id="12">
					<width>1080</width>
					<height>32</height>
					<info>$VAR[player:Progress]</info>
					<texturebg colordiffuse="Color3">player/progress_Background.png</texturebg>
					<lefttexture>-</lefttexture>
					<midtexture colordiffuse="Color2">player/progress_Background.png</midtexture>
					<righttexture>-</righttexture>
				</control>
				<control type="slider" id="23">
					<width>1080</width>
					<height>32</height>
					<sliderwidth>125</sliderwidth>
					<info>$VAR[player:Progress]</info>
					<action>seek</action>
					<sliderheight>32</sliderheight>
					<orientation>horizontal</orientation>
					<texturesliderbar>player/progress_Opaque.png</texturesliderbar>
					<textureslidernib colordiffuse="Color3">player/progress_Slider.png</textureslidernib>
					<textureslidernibfocus colordiffuse="Color1">player/progress_Slider.png</textureslidernibfocus>
				</control>
			</control>
			<control type="group">
				<left>20</left>
				<top>6</top>
				<control type="label">
					<width>70</width>
					<label>$VAR[player:Time]</label>
					<font>regular_Small-U</font>
					<align>center</align>
					<textcolor>Color3</textcolor>
				</control>
				<control type="label">
					<right>20</right>
					<width>70</width>
					<label>$VAR[player:Duration]</label>
					<align>center</align>
					<font>regular_Small-U</font>
					<textcolor>Color3</textcolor>
				</control>
			</control>
		</control>
	</include>

	<include name="osd_Info">
		<param name="Icon" default="DefaultVideoCover.png"/>
		<param name="Top" default="545"/>
		<param name="Height" default="135"/>
		<param name="ArtLeft" default="7"/>
		<param name="ArtWidth" default="213"/>
		<param name="ArtHeight" default="120"/>
		<param name="TextLeft" default="235"/>
		<param name="TextTop" default="15"/>
		<param name="IconType" default="220"/>
		<definition>
			<control type="group">
				<top>$PARAM[Top]</top>
				<height>$PARAM[Height]</height>
				<control type="group">
					<width>screen_Width</width>
					<height>175</height>
					<visible>Window.IsVisible(fullscreeninfo) | Player.ShowInfo | Player.Paused</visible>
					<control type="image">
						<width>screen_Width</width>
						<height>$PARAM[Height]</height>
						<texture border="29">colorize/100.png</texture>
						<colordiffuse>base_2</colordiffuse>
					</control>
					<control type="group">
						<left>7</left>
						<top>7</top>
						<width>200</width>
						<height>120</height>
						<control type="image">
							<width>$PARAM[ArtWidth]</width>
							<height>$PARAM[ArtHeight]</height>
							<texture>$VAR[player:Art]</texture>
							<bordertexture border="0">frames/frame-nf.png</bordertexture>
							<bordersize>7</bordersize>
							<aspectratio align="center" aligny="top">scale</aspectratio>
						</control>
						<control type="image">
							<centerleft>50%</centerleft>
							<centertop>50%</centertop>
							<height>64</height>
							<texture>$PARAM[Icon]</texture>
							<aspectratio align="center" aligny="bottom">keep</aspectratio>
							<visible>IsEmpty(VideoPlayer.Cover)</visible>
						</control>
						<control type="image">
							<bottom>10</bottom>
							<width>$PARAM[ArtWidth]</width>
							<height>60</height>
							<texture>$VAR[player:Logo]</texture>
							<aspectratio align="center" aligny="bottom">keep</aspectratio>
						</control>
					</control>
					<control type="group">
						<left>$PARAM[TextLeft]</left>
						<top>$PARAM[TextTop]</top>
						<control type="label">
							<width>1050</width>
							<label>$VAR[player:Title]</label>
							<include>osd_Title</include>
						</control>
						<control type="label">
							<top>25</top>
							<width>1050</width>
							<label>$VAR[player:Info]</label>
							<textcolor>Color2</textcolor>
							<include>osd_Sub</include>
						</control>
						<control type="textbox">
							<top>55</top>
							<width>1050</width>
							<height>55</height>
							<label>$VAR[player:Description]</label>
							<include>osd_Text</include>
						</control>
					</control>
				</control>
				<control type="image">
					<right>20</right>
					<top>17</top>
					<width>120</width>
					<height>24</height>
					<texture>$INFO[Player.StarRating,rating/fo-,]</texture>
					<aspectratio align="right">keep</aspectratio>
					<visible>Player.HasAudio + !Pvr.IsPlayingRadio</visible>
				</control>
			</control>
		</definition>
	</include>

	<include name="progress_Light">
		<texturebg border="0" colordiffuse="Color2">dialogs/progress/bg.png</texturebg>
		<lefttexture border="0" colordiffuse="Color1">colorize/100.png</lefttexture>
		<midtexture border="0" colordiffuse="Color1">colorize/100.png</midtexture>
		<righttexture border="0" colordiffuse="Color1">colorize/100.png</righttexture>
	</include>

	<include name="player_Preview">
		<control type="group">
			<left>680</left>
			<top>90</top>
			<include>toggle_Menu</include>
			<include>transition_Content</include>
			<include>transition_Info</include>
			<control type="grouplist">
				<itemgap>0</itemgap>
				<control type="group">
					<height>327</height>
					<control type="image">
						<width>546</width>
						<height>307</height>
						<include>art_Frame-nf</include>
					</control>
					<control type="image">
						<width>546</width>
						<height>307</height>
						<include>art_Frame-fo</include>
						<visible>Control.HasFocus(99)</visible>
					</control>
					<control type="group">
						<left>7</left>
						<top>7</top>
						<width>532</width>
						<height>293</height>
						<control type="image">
							<width>532</width>
							<height>293</height>
							<texture>thumbs/default_Landscape.png</texture>
							<visible>Window.IsActive(tvchannels) | Window.IsActive(radiochannels)</visible>
						</control>
						<control type="image">
							<width>532</width>
							<height>293</height>
							<texture>black.png</texture>
							<visible>Player.HasVideo</visible>
						</control>
						<control type="image">
							<centerleft>50%</centerleft>
							<centertop>50%</centertop>
							<width>96</width>
							<height>96</height>
							<texture>$VAR[pvr:DefaultIcon]</texture>
							<visible>Window.IsActive(tvchannels) | Window.IsActive(radiochannels)</visible>
						</control>
						<control type="videowindow">
							<width>532</width>
							<height>293</height>
							<include>fadeinout</include>
							<visible>!Window.IsActive(movieinformation)</visible>
						</control>
						<control type="visualisation">
							<width>532</width>
							<height>293</height>
							<include>fadeinout</include>
							<visible>Player.HasAudio</visible>
						</control>
						<control type="group">
							<top>259</top>
							<include>fadeinout</include>
							<visible>Player.HasVideo</visible>
							<control type="image">
								<width>532</width>
								<height>34</height>
								<texture>colorize/100.png</texture>
								<colordiffuse>accent_1</colordiffuse>
							</control>
							<control type="group">
								<left>15</left>
								<top>5</top>
								<!--cache progress-->
								<control type="progress" id="12">
									<width>502</width>
									<height>24</height>
									<info>Player.ProgressCache</info>
									<texturebg colordiffuse="Color3">player/progress_Background.png</texturebg>
									<lefttexture>-</lefttexture>
									<midtexture colordiffuse="Color2">player/progress_Background.png</midtexture>
									<righttexture>-</righttexture>
								</control>
								<control type="slider">
									<width>502</width>
									<height>24</height>
									<sliderwidth>125</sliderwidth>
									<info>$VAR[player:Progress]</info>
									<action>seek</action>
									<sliderheight>32</sliderheight>
									<orientation>horizontal</orientation>
									<texturesliderbar>player/progress_Opaque.png</texturesliderbar>
									<textureslidernib colordiffuse="Color3">player/progress_Slider.png</textureslidernib>
									<textureslidernibfocus colordiffuse="Color1">player/progress_Slider.png</textureslidernibfocus>
								</control>
							</control>
						</control>
					</control>
				</control>
				<control type="label">
					<width>532</width>
					<label>$VAR[media:Title]</label>
					<include>detail_Title</include>
					<visible>!String.Contains(Container.FolderPath,pvr://channels/)</visible>
				</control>
				<control type="label">
					<width>532</width>
					<label>$VAR[pvr:Title]</label>
					<include>detail_Title</include>
					<visible>String.Contains(Container.FolderPath,pvr://channels/)</visible>
				</control>
				<control type="label">
					<width>532</width>
					<label>$VAR[media:Info]</label>
					<include>detail_Sub</include>
					<visible>![Window.IsActive(tvchannels) | Window.IsActive(radiochannels)]</visible>
				</control>
				<control type="label">
					<width>532</width>
					<label>$INFO[ListItem.StartTime,, - ]$INFO[ListItem.EndTime]$INFO[ListItem.Genre, &#8226; ]</label>
					<include>detail_Sub</include>
					<visible>Window.IsActive(tvchannels) | Window.IsActive(radiochannels)</visible>
				</control>
				<control type="textbox">
					<width>532</width>
					<height>220</height>
					<aligny>top</aligny>
					<label>$INFO[ListItem.Plot]</label>
					<include>detail_Text</include>
				</control>
			</control>
		</control>
	</include>


<!--WINDOW TITLES-->
	<include name="windowTitle">
		<param name="Left" default="59"/>
		<param name="Top" default="14"/>
		<param name="Width" default="950"/>
		<param name="Label"/>
		<definition>
			<!--busy label-->
			<control type="list" id="9998">
				<left>$PARAM[Left]</left>
				<top>$PARAM[Top]</top>
				<width>$PARAM[Width]</width>
				<height>60</height>
				<scrolltime>0</scrolltime>
				<autoscroll time="1000">true</autoscroll>
				<orientation>vertical</orientation>
				<visible>Window.IsVisible(busydialog)</visible>
				<itemlayout height="60">
					<control type="label">
						<width>$PARAM[Width]</width>
						<aligny>center</aligny>
						<font>light_Window</font>
						<textcolor>Color1</textcolor>
						<label>$INFO[ListItem.Label]</label>
					</control>
				</itemlayout>
				<focusedlayout height="60">
					<control type="label">
						<width>$PARAM[Width]</width>
						<aligny>center</aligny>
						<font>light_Window</font>
						<textcolor>Color1</textcolor>
						<label>$INFO[ListItem.Label]</label>
					</control>
				</focusedlayout>
				<content>
					<item>
						<label>$LOCALIZE[31712]</label>
						<onclick>noop</onclick>
					</item>
					<item>
						<label>$LOCALIZE[31712].</label>
						<onclick>noop</onclick>
					</item>
					<item>
						<label>$LOCALIZE[31712]..</label>
						<onclick>noop</onclick>
					</item>
					<item>
						<label>$LOCALIZE[31712]...</label>
						<onclick>noop</onclick>
					</item>
				</content>
			</control>
			<control type="label" id="9995">
				<left>$PARAM[Left]</left>
				<top>$PARAM[Top]</top>
				<width>$PARAM[Width]</width>
				<height>28</height>
				<label>$PARAM[Label]</label>
				<aligny>center</aligny>
				<font>light_Window</font>
				<textcolor>Color1</textcolor>
				<include>transition_WindowTitle</include>
				<include>transition_Info</include>
				<include>toggle_Menu</include>
				<visible>![Window.IsActive(movieinformation) | Window.IsActive(musicinformation) | Window.IsActive(script-ExtendedInfo Script-DialogVideoInfo.xml) | Window.IsVisible(busydialog)]</visible>
				<animation effect="slide" start="$PARAM[Left]" end="-28" time="0" condition="Skin.HasSetting(global.kiosk) + ![Window.IsActive(profiles) | Window.IsActive(systeminfo) | Window.IsActive(filemanager)]">Conditional</animation>
			</control>
		</definition>
	</include>

<!--EPG-->
	<include name="epgscroll_Instant">
		<scrolltime>0</scrolltime>
	</include>
	<include name="epgscroll_Fast">
		<scrolltime>150</scrolltime>
	</include>

<!--DEBUG-->
	<include name="debug_Label">
		<font>condensed_Smaller</font>
		<height>16</height>
		<textcolor>magenta</textcolor>
		<shadowcolor>black</shadowcolor>
	</include>

</includes>