<?xml version="1.0" encoding="UTF-8"?>
<includes>
	<include name="home_Background">
		<control type="multiimage">
			<include>screen_Dimensions</include>
			<timeperimage>slideshow_Timer</timeperimage>
			<imagepath background="true">$VAR[home:Background]</imagepath>
			<!--make sure the background does not shine through on every scroll movement when multiimage weather fanart is selected-->
			<visible>![String.IsEqual(Container(9000).ListItem.Property(widgetType),weather) + String.Contains(Skin.String(WeatherFanart.path),.multi) + Control.HasFocus(9200)]</visible>
			<visible>![Skin.HasSetting(widgets.push) + !String.IsEmpty(Container(9000).ListItem.Property(widgetType))]</visible>
		</control>
		<!--fanart slideshow info-->
		<control type="group">
			<animation effect="slide" start="0,0" end="0,-20" time="0" condition="System.GetBool(lookandfeel.enablerssfeeds)">Conditional</animation>
			<visible>Skin.HasSetting(backgrounds.fanart)</visible>
			<visible>![Control.HasFocus(9200) + String.IsEmpty(Container(9000).ListItem.Property(widgetName))]</visible>			
			<visible>![Skin.HasSetting(widgets.push) + !String.IsEmpty(Container(9000).ListItem.Property(widgetType))]</visible>
			<control type="label">
				<right>25</right>
				<bottom>25</bottom>
				<width>850</width>
				<label>$VAR[home:Slideshow.Info]</label>
				<font>condensed-U</font>
				<textcolor>Color1</textcolor>
				<shadowcolor>Color5</shadowcolor>
				<align>right</align>
				<visible>String.IsEqual(Skin.String(fanartinfo),text) | [Player.HasAudio + Skin.HasSetting(home.nowplaying)]</visible>
			</control>
			<control type="image">
				<right>25</right>
				<bottom>25</bottom>
				<width>256</width>
				<height>99</height>
				<texture>$VAR[home:Slideshow.Info]</texture>
				<aspectratio>keep</aspectratio>
				<visible>String.IsEqual(Skin.String(fanartinfo),logo)</visible>
			</control>
		</control>
		
		<!--now playing video-->
		<control type="group">
			<visible>Player.HasVideo + Skin.HasSetting(home.nowplaying)</visible>
			<control type="image">
				<include>screen_Dimensions</include>
				<include>fadeinout</include>
				<texture>black.png</texture>
				<aspectratio>stretch</aspectratio>
			</control>
			<control type="videowindow">
				<include>screen_Dimensions</include>
			</control>
		</control>

		<control type="image">
			<aspectratio>scale</aspectratio>
			<include>screen_Dimensions</include>
			<texture background="true">overlays/base_color.png</texture>
			<colordiffuse>base_1</colordiffuse>
			<visible>String.IsEqual(Skin.String(homemenu.type),alternate)</visible>
		</control>

	</include>

	<include name="widget_Header">
		<control type="group">
			<left>25</left>
			<top>15</top>
			<animation effect="slide" start="0" end="320" time="0" condition="String.IsEqual(Skin.String(homemenu.type),vertical)">Conditional</animation>
			<include>fadeinout</include>
			<visible>!Window.IsActive(busydialog) + !Window.IsActive(script-ExtendedInfo Script-DialogVideoInfo.xml)</visible>
			<visible>!String.IsEmpty(Container(9000).ListItem.Property(Widget)) + ![Skin.HasSetting(widgetheader.disable) + [Control.HasFocus(9000) | Control.HasFocus(9100)]]</visible>
			<visible>![!Player.HasAudio + String.IsEqual(Container(9000).ListItem.Property(widget),playingmusic)]</visible>
			<control type="image">
				<width>48</width>
				<height>48</height>
				<texture>$VAR[widget:Icon]</texture>
				<aspectratio align="center" aligny="center">keep</aspectratio>
			</control>
			<control type="group">
				<left>55</left>
				<control type="label">
					<width>1060</width>
					<label>$INFO[Container(9000).ListItem.Property(widgetName)]</label>
					<font>semibold-U</font>
					<textcolor>Color1</textcolor>
				</control>
				<control type="group">
					<top>21</top>
					<control type="label">
						<width>1060</width>
						<label>$VAR[widget:Header]</label>
						<font>regular_Small-U</font>
						<textcolor>Color1</textcolor>
						<include>fadeinout</include>
					</control>
				</control>
			</control>
		</control>
	</include>

	<include name="widget_Item-Art">
		<definition>
			<control type="image">
				<width>screen_Width</width>
				<height>screen_Height</height>
				<texture>$VAR[widget:ArtFallback]</texture>
				<aspectratio>scale</aspectratio>
			</control>	
			<control type="multiimage">
				<width>screen_Width</width>
				<height>screen_Height</height>
				<imagepath background="true">$INFO[ListItem.Property(MultiImage)]</imagepath>
				<timeperimage>8000</timeperimage>
				<aspectratio>scale</aspectratio>
				<visible>String.Contains(Skin.String(WeatherFanart.path),.multi)</visible>
			</control>
			<control type="image">
				<width>screen_Width</width>
				<height>screen_Height</height>
				<texture>overlays/vignette_full.png</texture>
				<include>fadeinout</include>
				<visible>[Skin.HasSetting(widgets.push) + !Skin.HasSetting(widgetinfo.onfocus)] | [Skin.HasSetting(widgets.push) + Skin.HasSetting(widgetinfo.onfocus) + Control.HasFocus(9200)] | [!Skin.HasSetting(widgets.push) + Control.HasFocus(9200)]</visible>
			</control>
			<!--youtube / add-on thumbnail-->
			<control type="group">
				<top>255</top>
				<left>50</left>
				<visible>String.IsEqual(Container(9000).ListItem.Property(widgetType),YouTube) + !String.IsEmpty(ListItem.Thumb)</visible>
				<control type="image">
					<width>367</width>
					<height>211</height>
					<texture>frames/frame-fo.png</texture>
					<aspectratio>stretch</aspectratio>
				</control>
				<control type="image">
					<top>7</top>
					<left>7</left>
					<width>350</width>
					<height>197</height>
					<texture>$INFO[ListItem.Thumb]</texture>
					<aspectratio>scale</aspectratio>
				</control>
			</control>
		</definition>
	</include>

	<include name="widget_Item-Info">
		<param name="TextWidth" default="860"/>
		<definition>
			<control type="group">
				<left>50</left>
				<top>550</top>
				<animation type="Conditional" condition="Window.IsActive(script-ExtendedInfo Script-DialogVideoInfo.xml)">
					<effect type="Fade" time="200" start="100" end="0" easing="Out" delay="0"/>
				</animation>
				<visible>!String.IsEqual(Window(Home).Property(ExtInfo),open)</visible>
				<visible>[Skin.HasSetting(widgets.push) + !Skin.HasSetting(widgetinfo.onfocus)] | [Skin.HasSetting(widgets.push) + Skin.HasSetting(widgetinfo.onfocus) + Control.HasFocus(9200)] | [!Skin.HasSetting(widgets.push) + Control.HasFocus(9200)]</visible>
				<control type="label">
					<width>$PARAM[TextWidth]</width>
					<label>$VAR[widget:Item.Label1]</label>
					<font>black_Title</font>
					<textcolor>Color1</textcolor>
					<selectedcolor>Color1</selectedcolor>
				</control>
				<control type="label">
					<top>28</top>
					<width>$PARAM[TextWidth]</width>
					<label>$VAR[widget:Item.Label2]</label>
					<font>semibold_Small-U</font>
					<textcolor>Color1</textcolor>
					<selectedcolor>Color1</selectedcolor>
				</control>
				<control type="textbox">
					<top>60</top>
					<width>$PARAM[TextWidth]</width>
					<height>85</height>
					<label>$VAR[widget:Item.Description]</label>
					<include>detail_Text</include>
					<autoscroll delay="autoscroll_Delay" time="autoscroll_Time" repeat="10000">Skin.HasSetting(autoscroll.enable)</autoscroll>
					<visible>[!Control.HasFocus(9200) + String.IsEqual(Skin.String(homemenu.type),vertical)]</visible>
				</control>
				<control type="textbox">
					<top>60</top>
					<width>1170</width>
					<height>85</height>
					<label>$VAR[widget:Item.Description]</label>
					<include>detail_Text</include>
					<autoscroll delay="autoscroll_Delay" time="autoscroll_Time" repeat="10000">Skin.HasSetting(autoscroll.enable)</autoscroll>
					<visible>[Control.HasFocus(9200) + String.IsEqual(Skin.String(homemenu.type),vertical)] | String.IsEqual(Skin.String(homemenu.type),horizontal)</visible>
				</control>
			</control>
		</definition>
	</include>

	<include name="nowplaying-widget">
		<item id="0">
			<label>$INFO[MusicPlayer.Title]</label>
			<label2>$INFO[MusicPlayer.Artist]$INFO[MusicPlayer.Album, &#8226; ]$INFO[MusicPlayer.Year, &#8226; ]</label2>
			<property name="Label3">$VAR[media:PlayingDescription]</property>
			<icon>$INFO[MusicPlayer.Property(Fanart_Image)]</icon>
			<thumb>$INFO[MusicPlayer.Property(Fanart_Image)]</thumb>
			<onclick>ActivateWindow(musicplaylist)</onclick>
		</item>
	</include>

	<include name="weather-widget">
		<item id="0">
			<label>$LOCALIZE[31605]</label>
			<label2>$INFO[Window(Weather).Property(Current.Condition)]</label2>
			<icon>weather/$INFO[Window(Weather).Property(Current.FanartCode)].png</icon>
			<thumb>$INFO[Skin.String(WeatherFanart.path)]/$INFO[Window(Weather).Property(Current.FanartCode)].jpg</thumb>
			<onclick>noop</onclick>
			<property name="Updated">$INFO[Window(Weather).Property(Updated)]</property>
			<property name="Longday">$INFO[Window(Weather).Property(Current.Title)]</property>
			<property name="Temp">$INFO[Window(Weather).Property(Current.Temperature),$LOCALIZE[1375]: ]$INFO[System.TemperatureUnits]</property>
			<property name="Feelslike">$INFO[Window(Weather).Property(Current.Feelslike),$LOCALIZE[402]: ]$INFO[System.TemperatureUnits]</property>
			<property name="MultiImage">$INFO[Skin.String(WeatherFanart.path)]/$INFO[Window(Weather).Property(Current.FanartCode)]</property>
		</item>
		<item id="1">
			<label>$INFO[Window(Weather).Property(Day0.Title)]</label>
			<label2>$INFO[Window(Weather).Property(Day0.Outlook)]</label2>
			<icon>weather/$INFO[Window(Weather).Property(Day0.FanartCode)].png</icon>
			<thumb>$INFO[Skin.String(WeatherFanart.path)]/$INFO[Window(Weather).Property(Current.FanartCode)].jpg</thumb>
			<onclick>noop</onclick>
			<property name="Longday">$INFO[Window(Weather).Property(Day0.Title)]</property>
			<property name="HighTemp">$INFO[Window(Weather).Property(Day0.HighTemp),$LOCALIZE[393]: ]$INFO[System.TemperatureUnits]</property>
			<property name="LowTemp">$INFO[Window(Weather).Property(Day0.LowTemp),$LOCALIZE[391]: ]$INFO[System.TemperatureUnits]</property>
			<property name="MultiImage">$INFO[Skin.String(WeatherFanart.path)]/$INFO[Window(Weather).Property(Current.FanartCode)]</property>
		</item>
		<item id="2">
			<label>$INFO[Window(Weather).Property(Day1.Title)]</label>
			<label2>$INFO[Window(Weather).Property(Day1.Outlook)]</label2>
			<icon>weather/$INFO[Window(Weather).Property(Day1.FanartCode)].png</icon>
			<thumb>$INFO[Skin.String(WeatherFanart.path)]/$INFO[Window(Weather).Property(Day1.FanartCode)].jpg</thumb>
			<onclick>noop</onclick>
			<property name="Longday">$INFO[Window(Weather).Property(Day1.Title)]</property>
			<property name="HighTemp">$INFO[Window(Weather).Property(Day1.HighTemp),$LOCALIZE[393]: ]$INFO[System.TemperatureUnits]</property>
			<property name="LowTemp">$INFO[Window(Weather).Property(Day1.LowTemp),$LOCALIZE[391]: ]$INFO[System.TemperatureUnits]</property>
			<property name="MultiImage">$INFO[Skin.String(WeatherFanart.path)]/$INFO[Window(Weather).Property(Current.FanartCode)]</property>
		</item>
		<item id="3">
			<label>$INFO[Window(Weather).Property(Day2.Title)]</label>
			<label2>$INFO[Window(Weather).Property(Day2.Outlook)]</label2>
			<icon>weather/$INFO[Window(Weather).Property(Day2.FanartCode)].png</icon>
			<thumb>$INFO[Skin.String(WeatherFanart.path)]/$INFO[Window(Weather).Property(Day2.FanartCode)].jpg</thumb>
			<onclick>noop</onclick>
			<property name="Longday">$INFO[Window(Weather).Property(Day2.Title)]</property>
			<property name="HighTemp">$INFO[Window(Weather).Property(Day2.HighTemp),$LOCALIZE[393]: ]$INFO[System.TemperatureUnits]</property>
			<property name="LowTemp">$INFO[Window(Weather).Property(Day2.LowTemp),$LOCALIZE[391]: ]$INFO[System.TemperatureUnits]</property>
			<property name="MultiImage">$INFO[Skin.String(WeatherFanart.path)]/$INFO[Window(Weather).Property(Current.FanartCode)]</property>
		</item>
		<item id="4">
			<label>$INFO[Window(Weather).Property(Day3.Title)]</label>
			<label2>$INFO[Window(Weather).Property(Day3.Outlook)]</label2>
			<icon>weather/$INFO[Window(Weather).Property(Day3.FanartCode)].png</icon>
			<thumb>$INFO[Skin.String(WeatherFanart.path)]/$INFO[Window(Weather).Property(Day3.FanartCode)].jpg</thumb>
			<onclick>noop</onclick>
			<property name="Longday">$INFO[Window(Weather).Property(Day3.Title)]</property>
			<property name="HighTemp">$INFO[Window(Weather).Property(Day3.HighTemp),$LOCALIZE[393]: ]$INFO[System.TemperatureUnits]</property>
			<property name="LowTemp">$INFO[Window(Weather).Property(Day3.LowTemp),$LOCALIZE[391]: ]$INFO[System.TemperatureUnits]</property>
			<property name="MultiImage">$INFO[Skin.String(WeatherFanart.path)]/$INFO[Window(Weather).Property(Current.FanartCode)]</property>
		</item>
		<item id="5">
			<label>$INFO[Window(Weather).Property(Day4.Title)]</label>
			<label2>$INFO[Window(Weather).Property(Day4.Outlook)]</label2>
			<icon>weather/$INFO[Window(Weather).Property(Day4.FanartCode)].png</icon>
			<thumb>$INFO[Skin.String(WeatherFanart.path)]/$INFO[Window(Weather).Property(Day4.FanartCode)].jpg</thumb>
			<onclick>noop</onclick>
			<property name="Longday">$INFO[Window(Weather).Property(Day4.Title)]</property>
			<property name="HighTemp">$INFO[Window(Weather).Property(Day4.HighTemp),$LOCALIZE[393]: ]$INFO[System.TemperatureUnits]</property>
			<property name="LowTemp">$INFO[Window(Weather).Property(Day4.LowTemp),$LOCALIZE[391]: ]$INFO[System.TemperatureUnits]</property>
			<property name="MultiImage">$INFO[Skin.String(WeatherFanart.path)]/$INFO[Window(Weather).Property(Current.FanartCode)]</property>
		</item>
	</include>
</includes>