<?xml version="1.0" encoding="UTF-8"?>
<window>
	<defaultcontrol always="true">50</defaultcontrol>
	<menucontrol>6000</menucontrol>
	<controls>

		<include>global_Background</include>
		<include>global_Clock</include>
		<include>global_Sortletter</include>
		<include>global_Playing</include>
		
		<include content="windowTitle">
			<param name="Left" value="32"/>
			<param name="Label" value="$VAR[window:Title.Music]"/>
		</include>

		<include content="global_Itemcount">
			<param name="InfoLabel" value="[B]$INFO[Container(50).NumItems][/B] $LOCALIZE[31143]"/>
			<param name="Visible" value="Control.HasFocus(50)"/>
		</include>

		<include content="global_Itemcount">
			<param name="InfoLabel" value="[B]$INFO[Container(100).NumItems][/B] $LOCALIZE[31143]"/>
			<param name="Visible" value="Control.HasFocus(100)"/>
		</include>

		<control type="group">
			<left>65</left>
			<top>90</top>
			<include>transition_Content</include>
			<control type="grouplist" id="9001">
				<top>35</top>
				<onleft>100</onleft>
				<onright>50</onright>
				<itemgap>2</itemgap>
				<!--open playlist-->
				<control type="button" id="6">
					<width>200</width>
					<label>$LOCALIZE[502]</label>
					<include>settings_Menu</include>
				</control>
				<!--save playlist-->
				<control type="button" id="7">
					<width>200</width>
					<label>$LOCALIZE[190]</label>
					<include>settings_Menu</include>
				</control>
				<!--clear playlist-->
				<control type="button" id="8">
					<width>200</width>
					<label>$LOCALIZE[192]</label>
					<include>settings_Menu</include>
				</control>
			</control>
			<!--panes-->
			<control type="group">
				<left>202</left>
				<control type="label">
					<left>0</left>
					<width>550</width>
					<label>$LOCALIZE[744]</label>
					<include>column_Header</include>
				</control>
				<control type="list" id="50">
					<top>35</top>
					<width>473</width>
					<height>552</height>
					<onleft>9001</onleft>
					<onright>100</onright>
					<onup>50</onup>
					<ondown>50</ondown>
					<include>global_ListScroll</include>
					<animation effect="fade" start="100" end="60" time="200" condition="Control.HasFocus(100)">Conditional</animation>
					<itemlayout height="46">
						<control type="image">
							<width>510</width>
							<include>column_CommonList</include>
						</control>
						<control type="label">
							<left>15</left>
							<width>450</width>
							<label>$INFO[ListItem.Label]</label>
							<visible>String.IsEmpty(ListItem.Title)</visible>
							<include>column_CommonListItem</include>
						</control>
						<control type="label">
							<left>15</left>
							<width>450</width>
							<label>$INFO[ListItem.Title]</label>
							<visible>!String.IsEmpty(ListItem.Title)</visible>
							<include>column_CommonListItem</include>
						</control>
					</itemlayout>
					<focusedlayout width="550" height="46">
						<control type="group">
							<visible>!Control.HasFocus(50)</visible>
							<control type="image">
								<width>510</width>
								<include>column_CommonList</include>
							</control>
								<control type="label">
								<left>15</left>
								<width>450</width>
								<label>$INFO[ListItem.Label]</label>
								<visible>String.IsEmpty(ListItem.Title)</visible>
								<include>column_CommonListItem</include>
							</control>
							<control type="label">
								<left>15</left>
								<width>450</width>
								<label>$INFO[ListItem.Title]</label>
								<visible>!String.IsEmpty(ListItem.Title)</visible>
								<include>column_CommonListItem</include>
							</control>
						</control>
						<control type="group">
							<visible>Control.HasFocus(50)</visible>
							<control type="image">
								<width>510</width>
								<include>column_CommonListFocus</include>
							</control>
								<control type="label">
								<left>15</left>
								<width>450</width>
								<label>$INFO[ListItem.Label]</label>
								<visible>String.IsEmpty(ListItem.Title)</visible>
								<include>column_CommonListItem-focus</include>
							</control>
							<control type="label">
								<left>15</left>
								<width>450</width>
								<label>$INFO[ListItem.Title]</label>
								<visible>!String.IsEmpty(ListItem.Title)</visible>
								<include>column_CommonListItem-focus</include>
							</control>
						</control>
					</focusedlayout>
				</control>
				<!--right colum label-->
				<control type="label">
					<left>475</left>
					<width>550</width>
					<label>$LOCALIZE[559]</label>
					<include>column_Header</include>
				</control>
				<control type="list" id="100">
					<left>475</left>
					<top>35</top>
					<width>473</width>
					<height>552</height>
					<onleft>50</onleft>
					<onup>100</onup>
					<ondown>100</ondown>
					<include>global_ListScroll</include>
					<animation effect="fade" start="100" end="60" time="200" condition="Control.HasFocus(50)">Conditional</animation>
					<itemlayout height="46">
						<control type="image">
							<width>510</width>
							<include>column_CommonList</include>
						</control>
						<control type="label">
							<left>15</left>
							<width>450</width>
							<label>$INFO[ListItem.Label]</label>
							<visible>String.IsEmpty(ListItem.Title)</visible>
							<include>column_CommonListItem</include>
						</control>
						<control type="label">
							<left>15</left>
							<width>450</width>
							<label>$INFO[ListItem.Title]</label>
							<visible>!String.IsEmpty(ListItem.Title)</visible>
							<include>column_CommonListItem</include>
						</control>
					</itemlayout>
					<focusedlayout width="550" height="46">
						<control type="group">
							<visible>!Control.HasFocus(100)</visible>
							<control type="image">
								<width>510</width>
								<include>column_CommonList</include>
							</control>
								<control type="label">
								<left>15</left>
								<width>450</width>
								<label>$INFO[ListItem.Label]</label>
								<visible>String.IsEmpty(ListItem.Title)</visible>
								<include>column_CommonListItem</include>
							</control>
							<control type="label">
								<left>15</left>
								<width>450</width>
								<label>$INFO[ListItem.Title]</label>
								<visible>!String.IsEmpty(ListItem.Title)</visible>
								<include>column_CommonListItem</include>
							</control>
						</control>
						<control type="group">
							<visible>Control.HasFocus(100)</visible>
							<control type="image">
								<width>510</width>
								<include>column_CommonListFocus</include>
							</control>
								<control type="label">
								<left>15</left>
								<width>450</width>
								<label>$INFO[ListItem.Label]</label>
								<visible>String.IsEmpty(ListItem.Title)</visible>
								<include>column_CommonListItem-focus</include>
							</control>
							<control type="label">
								<left>15</left>
								<width>450</width>
								<label>$INFO[ListItem.Title]</label>
								<visible>!String.IsEmpty(ListItem.Title)</visible>
								<include>column_CommonListItem-focus</include>
							</control>
						</control>
					</focusedlayout>
				</control>
			</control>
		</control>
	</controls>
</window>