<?xml version="1.0" encoding="UTF-8"?>
<window>
	<defaultcontrol always="true">50</defaultcontrol>
	<menucontrol>menu_Control</menucontrol>
	<views>50,51,52,521,522,57,572,574,58</views>
	<controls>

	<!--trigger-->
		<control type="button" id="8000">
			<label>-</label>
			<onup>54</onup>
			<ondown>54</ondown>
			<onleft>54</onleft>
			<onright>54</onright>
			<width>200</width>
			<visible allowhiddenfocus="true">false</visible>
		</control>

	<!--global includes-->
		<include>global_Background</include>
		<include>global_Includes</include>
		<include>global_MenuGuide</include>
		<include>PageControls</include>

	<!--window header-->
		<include content="windowTitle">
			<param name="Label" value="$VAR[window:Title.Music]"/>
		</include>

		<include>global_Itemcount</include>

	<!--view includes-->
		<include>view_List</include><!--50-->
		<include>view_BigList</include><!--51-->
		<include>view_SlideLandscape</include><!--521-->
		<include>view_SlideSquare</include><!--522-->
		<include>view_IconPortrait</include><!--57-->
		<include>view_IconSquare</include><!--572-->
		<include>view_IconSquareSmall</include><!--574-->
		<include>view_Tiles</include><!--58-->

	<!--menu-->
		<include>menu_Music</include>

	</controls>
</window>