<?xml version="1.0" encoding="UTF-8"?>
<window>
	<defaultcontrol always="true">50</defaultcontrol>
	<menucontrol>6000</menucontrol>
	<views>50,522,572,574,58</views>
	<controls>

	<!--global includes-->
		<include>global_Background</include>
		<include>global_Includes</include>
		<include>global_MenuGuide</include>
		<include>PageControls</include>

	<!--window header-->
		<include content="windowTitle">
			<param name="Label" value="$VAR[window:Title.Programs]"/>
		</include>
	
		<include>global_Itemcount</include>

	<!--view includes-->
		<include>view_List</include><!--50-->
		<include>view_SlideSquare</include><!--522-->
		<include>view_IconSquare</include><!--572-->
		<include>view_IconSquareSmall</include><!--574-->
		<include>view_Tiles</include><!--58-->

	<!--menu-->
		<include>menu_Files</include>
	</controls>
</window>