<?xml version="1.0" encoding="UTF-8"?>
<window type="dialog">
	<defaultcontrol>-</defaultcontrol>
	<include>transition_Dialog</include>
	<coordinates>
		<system>1</system>
		<left>305</left>
		<top>63</top>
	</coordinates>
	<controls>
		<control type="list" id="100">
			<left>-10</left>
			<top>-10</top>
			<width>1</width>
			<height>1</height>
			<visible>false</visible>
			<itemlayout width="1" height="1"/>
			<focusedlayout width="1" height="1"/>
		</control>
		<control type="group">
			<width>670</width>
			<height>595</height>

			<include content="dialog_WindowCommons">
				<param name="DialogWidth" value="670" />
				<param name="DialogHeight" value="595" />
				<param name="DialogHeaderID" value="1" />
				<param name="DialogHeader" value="$INFO[Container(100).ListItem.Label]" />
			</include>

		<!--MAIN CONTAINER-->
			<control type="group" id="101">
				<left>15</left>
				<top>60</top>
				<control type="image">
					<width>640</width>
					<include>dialog_Separator</include>
				</control>

			<!--MOVIES-->
				<control type="list" id="110">
					<width>640</width>
					<height>240</height>
					<onleft>190</onleft>
					<onright>190</onright>
					<onup>190</onup>
					<ondown>195</ondown>
					<include>global_ListScroll</include>
					<itemlayout width="640" height="40">
						<include content="dialog_List-layout">
							<param name="ContainerLeft"/>
							<param name="ContainerWidth" value="640"/>
							<param name="Label1" value="[B]$INFO[ListItem.Label][/B] $INFO[ListItem.Label2]"/>
							<param name="Right" value="20"/>
							<param name="Width" value="795"/>
						</include>
					</itemlayout>
					<focusedlayout width="640" height="40">
						<include content="dialog_List-layout">
							<param name="ContainerLeft"/>
							<param name="ContainerWidth" value="640"/>
							<param name="Label1" value="[B]$INFO[ListItem.Label][/B] $INFO[ListItem.Label2]"/>
							<param name="Right" value="20"/>
							<param name="Width" value="795"/>
						</include>
					</focusedlayout>
					<content>
						<item>
							<label>$LOCALIZE[515]</label>
							<label2>$INFO[Container(100).ListItem.Property(Genre)]</label2>
							<onclick>noop</onclick>
							<visible>!String.IsEmpty(Container(100).ListItem.Property(Genre))</visible>
						</item>
						<item>
							<label>$LOCALIZE[2050]</label>
							<label2>$INFO[Container(100).ListItem.Property(Duration),,$LOCALIZE[12391]]</label2>
							<onclick>noop</onclick>
							<visible>!String.IsEmpty(Container(100).ListItem.Property(Duration)) + !String.Contains(Container(100).ListItem.Property(Duration),min)</visible>
						</item>
						<item>
							<label>$LOCALIZE[2050]</label>
							<label2>$INFO[Container(100).ListItem.Property(Duration)]</label2>
							<onclick>noop</onclick>
							<visible>!String.IsEmpty(Container(100).ListItem.Property(Duration)) + String.Contains(Container(100).ListItem.Property(Duration),min)</visible>
						</item>
						<item>
							<label>$LOCALIZE[562]</label>
							<label2>$INFO[Container(100).ListItem.Property(Year)]</label2>
							<onclick>noop</onclick>
							<visible>!String.IsEmpty(Container(100).ListItem.Property(Year))</visible>
						</item>
						<item>
							<label>$LOCALIZE[563]</label>
							<label2>$INFO[Container(100).ListItem.Property(Rating)]</label2>
							<onclick>noop</onclick>
							<visible>!String.IsEmpty(Container(100).ListItem.Property(Rating))</visible>
						</item>
						<item>
							<label>$LOCALIZE[20074]</label>
							<label2>$INFO[Container(100).ListItem.Property(Mpaa)]</label2>
							<onclick>noop</onclick>
							<visible>!String.IsEmpty(Container(100).ListItem.Property(Mpaa))</visible>
						</item>
						<item>
							<label>$LOCALIZE[20339]</label>
							<label2>$INFO[Container(100).ListItem.Property(Director)]</label2>
							<onclick>noop</onclick>
							<visible>!String.IsEmpty(Container(100).ListItem.Property(Director))</visible>
						</item>
						<item>
							<label>$LOCALIZE[572]</label>
							<label2>$INFO[Container(100).ListItem.Property(Studio)]</label2>
							<onclick>noop</onclick>
							<visible>!String.IsEmpty(Container(100).ListItem.Property(Studio))</visible>
						</item>
						<item>
							<label>$LOCALIZE[567]</label>
							<label2>$INFO[Container(100).ListItem.Property(Playcount)]</label2>
							<onclick>noop</onclick>
							<visible>!String.IsEmpty(Container(100).ListItem.Property(Playcount))</visible>
						</item>
						<item>
							<label>$LOCALIZE[15311]</label>
							<label2>$INFO[Container(100).ListItem.Property(Path)]</label2>
							<onclick>noop</onclick>
							<visible>!String.IsEmpty(Container(100).ListItem.Property(Path))</visible>
						</item>
					</content>
				</control>
			<!--TV SHOWS-->
				<control type="list" id="120">
					<width>800</width>
					<height>280</height>
					<onleft>120</onleft>
					<onright>120</onright>
					<onup>120</onup>
					<ondown>195</ondown>
					<include>global_ListScroll</include>
					<itemlayout width="640" height="40">
						<include content="dialog_List-layout">
							<param name="ContainerLeft"/>
							<param name="ContainerWidth" value="640"/>
							<param name="Label1" value="[B]$INFO[ListItem.Label][/B] $INFO[ListItem.Label2]"/>
							<param name="Right" value="20"/>
							<param name="Width" value="795"/>
						</include>
					</itemlayout>
					<focusedlayout width="640" height="40">
						<include content="dialog_List-layout">
							<param name="ContainerLeft"/>
							<param name="ContainerWidth" value="640"/>
							<param name="Label1" value="[B]$INFO[ListItem.Label][/B] $INFO[ListItem.Label2]"/>
							<param name="Right" value="20"/>
							<param name="Width" value="795"/>
						</include>
					</focusedlayout>
					<content>
						<item>
							<label>$LOCALIZE[20360]</label>
							<label2>$INFO[Container(100).ListItem.Property(Episode)]</label2>
							<onclick>noop</onclick>
							<visible>!String.IsEmpty(Container(100).ListItem.Property(Episode))</visible>
						</item>
						<item>
							<label>$LOCALIZE[515]</label>
							<label2>$INFO[Container(100).ListItem.Property(Genre)]</label2>
							<onclick>noop</onclick>
							<visible>!String.IsEmpty(Container(100).ListItem.Property(Genre))</visible>
						</item>
						<item>
							<label>$LOCALIZE[20074]</label>
							<label2>$INFO[Container(100).ListItem.Property(Mpaa)]</label2>
							<onclick>noop</onclick>
							<visible>!String.IsEmpty(Container(100).ListItem.Property(Mpaa))</visible>
						</item>
						<item>
							<label>$LOCALIZE[20416]</label>
							<label2>$INFO[Container(100).ListItem.Property(Premiered)]</label2>
							<onclick>noop</onclick>
							<visible>!String.IsEmpty(Container(100).ListItem.Property(Premiered))</visible>
						</item>
						<item>
							<label>$LOCALIZE[563]</label>
							<label2>$INFO[Container(100).ListItem.Property(Rating)]</label2>
							<onclick>noop</onclick>
							<visible>!String.IsEmpty(Container(100).ListItem.Property(Rating))</visible>
						</item>
						<item>
							<label>$LOCALIZE[572]</label>
							<label2>$INFO[Container(100).ListItem.Property(Studio)]</label2>
							<onclick>noop</onclick>
							<visible>!String.IsEmpty(Container(100).ListItem.Property(Studio))</visible>
						</item>
					</content>
				</control>
			<!--SEASONS-->
				<control type="list" id="130">
					<width>800</width>
					<height>200</height>
					<onleft>130</onleft>
					<onright>130</onright>
					<onup>190</onup>
					<ondown>195</ondown>
					<include>global_ListScroll</include>
					<itemlayout width="640" height="40">
						<include content="dialog_List-layout">
							<param name="ContainerLeft"/>
							<param name="ContainerWidth" value="640"/>
							<param name="Label1" value="[B]$INFO[ListItem.Label][/B] $INFO[ListItem.Label2]"/>
							<param name="Right" value="20"/>
							<param name="Width" value="795"/>
						</include>
					</itemlayout>
					<focusedlayout width="640" height="40">
						<include content="dialog_List-layout">
							<param name="ContainerLeft"/>
							<param name="ContainerWidth" value="640"/>
							<param name="Label1" value="[B]$INFO[ListItem.Label][/B] $INFO[ListItem.Label2]"/>
							<param name="Right" value="20"/>
							<param name="Width" value="795"/>
						</include>
					</focusedlayout>
					<content>
						<item>
							<label>$LOCALIZE[20364]</label>
							<label2>$INFO[Container(100).ListItem.Property(TVShowTitle)]</label2>
							<onclick>noop</onclick>
							<visible>!String.IsEmpty(Container(100).ListItem.Property(TVShowTitle))</visible>
						</item>
						<item>
							<label>$LOCALIZE[20360]</label>
							<label2>$INFO[Container(100).ListItem.Property(Episode)]</label2>
							<onclick>noop</onclick>
							<visible>!String.IsEmpty(Container(100).ListItem.Property(Episode))</visible>
						</item>
						<item>
							<label>$LOCALIZE[567]</label>
							<label2>$INFO[Container(100).ListItem.Property(Playcount)]</label2>
							<onclick>noop</onclick>
							<visible>!String.IsEmpty(Container(100).ListItem.Property(Playcount))</visible>
						</item>
						<item>
							<label>$LOCALIZE[15311]</label>
							<label2>$INFO[Container(100).ListItem.Property(Path)]</label2>
							<onclick>noop</onclick>
							<visible>!String.IsEmpty(Container(100).ListItem.Property(Path))</visible>
						</item>
					</content>
				</control>
			<!--EPISODES-->
				<control type="list" id="140">
					<width>800</width>
					<height>200</height>
					<onleft>140</onleft>
					<onright>140</onright>
					<onup>190</onup>
					<ondown>195</ondown>
					<include>global_ListScroll</include>
					<itemlayout width="640" height="40">
						<include content="dialog_List-layout">
							<param name="ContainerLeft"/>
							<param name="ContainerWidth" value="640"/>
							<param name="Label1" value="[B]$INFO[ListItem.Label][/B] $INFO[ListItem.Label2]"/>
							<param name="Right" value="20"/>
							<param name="Width" value="795"/>
						</include>
					</itemlayout>
					<focusedlayout width="640" height="40">
						<include content="dialog_List-layout">
							<param name="ContainerLeft"/>
							<param name="ContainerWidth" value="640"/>
							<param name="Label1" value="[B]$INFO[ListItem.Label][/B] $INFO[ListItem.Label2]"/>
							<param name="Right" value="20"/>
							<param name="Width" value="795"/>
						</include>
					</focusedlayout>
					<content>
						<item>
							<label>$LOCALIZE[20364]</label>
							<label2>$INFO[Container(100).ListItem.Property(TVShowTitle)]</label2>
							<onclick>noop</onclick>
							<visible>!String.IsEmpty(Container(100).ListItem.Property(TVShowTitle))</visible>
						</item>
						<item>
							<label>$LOCALIZE[20373]</label>
							<label2>$INFO[Container(100).ListItem.Property(Season)]</label2>
							<onclick>noop</onclick>
							<visible>!String.IsEmpty(Container(100).ListItem.Property(Season))</visible>
						</item>
						<item>
							<label>$LOCALIZE[20359]</label>
							<label2>$INFO[Container(100).ListItem.Property(Episode)]</label2>
							<onclick>noop</onclick>
							<visible>!String.IsEmpty(Container(100).ListItem.Property(Episode))</visible>
						</item>
						<item>
							<label>$LOCALIZE[20416]</label>
							<label2>$INFO[Container(100).ListItem.Property(Premiered)]</label2>
							<onclick>noop</onclick>
							<visible>!String.IsEmpty(Container(100).ListItem.Property(Premiered))</visible>
						</item>
						<item>
							<label>$LOCALIZE[2050]</label>
							<label2>$INFO[Container(100).ListItem.Property(Duration),, $LOCALIZE[12391]]</label2>
							<onclick>noop</onclick>
							<visible>!String.IsEmpty(Container(100).ListItem.Property(Duration)) + !String.Contains(Container(100).ListItem.Property(Duration),min)</visible>
						</item>
						<item>
							<label>$LOCALIZE[2050]</label>
							<label2>$INFO[Container(100).ListItem.Property(Duration)]</label2>
							<onclick>noop</onclick>
							<visible>!String.IsEmpty(Container(100).ListItem.Property(Duration)) + String.Contains(Container(100).ListItem.Property(Duration),min)</visible>
						</item>
						<item>
							<label>$LOCALIZE[20339]</label>
							<label2>$INFO[Container(100).ListItem.Property(Director)]</label2>
							<onclick>noop</onclick>
							<visible>!String.IsEmpty(Container(100).ListItem.Property(Director))</visible>
						</item>
						<item>
							<label>$LOCALIZE[563]</label>
							<label2>$INFO[Container(100).ListItem.Property(Rating)]</label2>
							<onclick>noop</onclick>
							<visible>!String.IsEmpty(Container(100).ListItem.Property(Rating))</visible>
						</item>
						<item>
							<label>$LOCALIZE[567]</label>
							<label2>$INFO[Container(100).ListItem.Property(Playcount)]</label2>
							<onclick>noop</onclick>
							<visible>!String.IsEmpty(Container(100).ListItem.Property(Playcount))</visible>
						</item>
						<item>
							<label>$LOCALIZE[15311]</label>
							<label2>$INFO[Container(100).ListItem.Property(Path)]</label2>
							<onclick>noop</onclick>
							<visible>!String.IsEmpty(Container(100).ListItem.Property(Path))</visible>
						</item>
					</content>
				</control>
			<!--MUSIC VIDEOS-->
				<control type="list" id="150">
					<width>800</width>
					<height>200</height>
					<onleft>150</onleft>
					<onright>150</onright>
					<onup>190</onup>
					<ondown>195</ondown>
					<include>global_ListScroll</include>
					<itemlayout width="640" height="40">
						<include content="dialog_List-layout">
							<param name="ContainerLeft"/>
							<param name="ContainerWidth" value="640"/>
							<param name="Label1" value="[B]$INFO[ListItem.Label][/B] $INFO[ListItem.Label2]"/>
							<param name="Right" value="20"/>
							<param name="Width" value="795"/>
						</include>
					</itemlayout>
					<focusedlayout width="640" height="40">
						<include content="dialog_List-layout">
							<param name="ContainerLeft"/>
							<param name="ContainerWidth" value="640"/>
							<param name="Label1" value="[B]$INFO[ListItem.Label][/B] $INFO[ListItem.Label2]"/>
							<param name="Right" value="20"/>
							<param name="Width" value="795"/>
						</include>
					</focusedlayout>
					<content>
						<item>
							<label>$LOCALIZE[557]</label>
							<label2>$INFO[Container(100).ListItem.Property(Artist)]</label2>
							<onclick>noop</onclick>
							<visible>!String.IsEmpty(Container(100).ListItem.Property(Artist))</visible>
						</item>
						<item>
							<label>$LOCALIZE[558]</label>
							<label2>$INFO[Container(100).ListItem.Property(Album)]</label2>
							<onclick>noop</onclick>
							<visible>!String.IsEmpty(Container(100).ListItem.Property(Album))</visible>
						</item>
						<item>
							<label>$LOCALIZE[515]</label>
							<label2>$INFO[Container(100).ListItem.Property(Genre)]</label2>
							<onclick>noop</onclick>
							<visible>!String.IsEmpty(Container(100).ListItem.Property(Genre))</visible>
						</item>
						<item>
							<label>$LOCALIZE[572]</label>
							<label2>$INFO[Container(100).ListItem.Property(Studio)]</label2>
							<onclick>noop</onclick>
							<visible>!String.IsEmpty(Container(100).ListItem.Property(Studio))</visible>
						</item>
						<item>
							<label>$LOCALIZE[20339]</label>
							<label2>$INFO[Container(100).ListItem.Property(Director)]</label2>
							<onclick>noop</onclick>
							<visible>!String.IsEmpty(Container(100).ListItem.Property(Director))</visible>
						</item>
						<item>
							<label>$LOCALIZE[562]</label>
							<label2>$INFO[Container(100).ListItem.Property(Year)]</label2>
							<onclick>noop</onclick>
							<visible>!String.IsEmpty(Container(100).ListItem.Property(Year))</visible>
						</item>
						<item>
							<label>$LOCALIZE[2050]</label>
							<label2>$INFO[Container(100).ListItem.Property(Duration)]</label2>
							<onclick>noop</onclick>
							<visible>!String.IsEmpty(Container(100).ListItem.Property(Duration))</visible>
						</item>
						<item>
							<label>$LOCALIZE[567]</label>
							<label2>$INFO[Container(100).ListItem.Property(Playcount)]</label2>
							<onclick>noop</onclick>
							<visible>!String.IsEmpty(Container(100).ListItem.Property(Playcount))</visible>
						</item>
						<item>
							<label>$LOCALIZE[15311]</label>
							<label2>$INFO[Container(100).ListItem.Property(Path)]</label2>
							<onclick>noop</onclick>
							<visible>!String.IsEmpty(Container(100).ListItem.Property(Path))</visible>
						</item>
					</content>
				</control>

			<!--ARTISTS-->
				<control type="list" id="160">
					<width>800</width>
					<height>200</height>
					<onleft>160</onleft>
					<onright>160</onright>
					<onup>190</onup>
					<ondown>195</ondown>
					<include>global_ListScroll</include>
					<itemlayout width="640" height="40">
						<include content="dialog_List-layout">
							<param name="ContainerLeft"/>
							<param name="ContainerWidth" value="640"/>
							<param name="Label1" value="[B]$INFO[ListItem.Label][/B] $INFO[ListItem.Label2]"/>
							<param name="Right" value="20"/>
							<param name="Width" value="795"/>
						</include>
					</itemlayout>
					<focusedlayout width="640" height="40">
						<include content="dialog_List-layout">
							<param name="ContainerLeft"/>
							<param name="ContainerWidth" value="640"/>
							<param name="Label1" value="[B]$INFO[ListItem.Label][/B] $INFO[ListItem.Label2]"/>
							<param name="Right" value="20"/>
							<param name="Width" value="795"/>
						</include>
					</focusedlayout>
					<content>
						<item>
							<label>$LOCALIZE[21893]</label>
							<label2>$INFO[Container(100).ListItem.Property(Artist_Born)]</label2>
							<onclick>noop</onclick>
							<visible>!String.IsEmpty(Container(100).ListItem.Property(Artist_Born))</visible>
						</item>
						<item>
							<label>$LOCALIZE[21894]</label>
							<label2>$INFO[Container(100).ListItem.Property(Artist_Formed)]</label2>
							<onclick>noop</onclick>
							<visible>!String.IsEmpty(Container(100).ListItem.Property(Artist_Formed))</visible>
						</item>
						<item>
							<label>$LOCALIZE[21897]</label>
							<label2>$INFO[Container(100).ListItem.Property(Artist_Died)]</label2>
							<onclick>noop</onclick>
							<visible>!String.IsEmpty(Container(100).ListItem.Property(Artist_Died))</visible>
						</item>
						<item>
							<label>$LOCALIZE[21896]</label>
							<label2>$INFO[Container(100).ListItem.Property(Artist_Disbanded)]</label2>
							<onclick>noop</onclick>
							<visible>!String.IsEmpty(Container(100).ListItem.Property(Artist_Disbanded))</visible>
						</item>
						<item>
							<label>$LOCALIZE[21898]</label>
							<label2>$INFO[Container(100).ListItem.Property(Artist_YearsActive)]</label2>
							<onclick>noop</onclick>
							<visible>!String.IsEmpty(Container(100).ListItem.Property(Artist_YearsActive))</visible>
						</item>
						<item>
							<label>$LOCALIZE[175]</label>
							<label2>$INFO[Container(100).ListItem.Property(Artist_Mood)]</label2>
							<onclick>noop</onclick>
							<visible>!String.IsEmpty(Container(100).ListItem.Property(Artist_Mood))</visible>
						</item>
						<item>
							<label>$LOCALIZE[176]</label>
							<label2>$INFO[Container(100).ListItem.Property(Artist_Style)]</label2>
							<onclick>noop</onclick>
							<visible>!String.IsEmpty(Container(100).ListItem.Property(Artist_Style))</visible>
						</item>
						<item>
							<label>$LOCALIZE[515]</label>
							<label2>$INFO[Container(100).ListItem.Property(Genre)]</label2>
							<onclick>noop</onclick>
							<visible>!String.IsEmpty(Container(100).ListItem.Property(Genre))</visible>
						</item>
						<item>
							<label>$LOCALIZE[15311]</label>
							<label2>$INFO[Container(100).ListItem.Property(Path)]</label2>
							<onclick>noop</onclick>
							<visible>!String.IsEmpty(Container(100).ListItem.Property(Path))</visible>
						</item>
					</content>
				</control>
			<!--ALBUMS-->
				<control type="list" id="170">
					<width>800</width>
					<height>200</height>
					<onleft>170</onleft>
					<onright>170</onright>
					<onup>190</onup>
					<ondown>195</ondown>
					<include>global_ListScroll</include>
					<itemlayout width="640" height="40">
						<include content="dialog_List-layout">
							<param name="ContainerLeft"/>
							<param name="ContainerWidth" value="640"/>
							<param name="Label1" value="[B]$INFO[ListItem.Label][/B] $INFO[ListItem.Label2]"/>
							<param name="Right" value="20"/>
							<param name="Width" value="795"/>
						</include>
					</itemlayout>
					<focusedlayout width="640" height="40">
						<include content="dialog_List-layout">
							<param name="ContainerLeft"/>
							<param name="ContainerWidth" value="640"/>
							<param name="Label1" value="[B]$INFO[ListItem.Label][/B] $INFO[ListItem.Label2]"/>
							<param name="Right" value="20"/>
							<param name="Width" value="795"/>
						</include>
					</focusedlayout>
					<content>
						<item>
							<label>$LOCALIZE[557]</label>
							<label2>$INFO[Container(100).ListItem.Property(Artist)]</label2>
							<onclick>noop</onclick>
							<visible>!String.IsEmpty(Container(100).ListItem.Property(Artist))</visible>
						</item>
						<item>
							<label>$LOCALIZE[515]</label>
							<label2>$INFO[Container(100).ListItem.Property(Genre)]</label2>
							<onclick>noop</onclick>
							<visible>!String.IsEmpty(Container(100).ListItem.Property(Genre))</visible>
						</item>
						<item>
							<label>$LOCALIZE[563]</label>
							<label2>$INFO[Container(100).ListItem.Property(Album_Rating)]</label2>
							<onclick>noop</onclick>
							<visible>!String.IsEmpty(Container(100).ListItem.Property(Rating))</visible>
						</item>
						<item>
							<label>$LOCALIZE[562]</label>
							<label2>$INFO[Container(100).ListItem.Property(Year)]</label2>
							<onclick>noop</onclick>
							<visible>!String.IsEmpty(Container(100).ListItem.Property(Year))</visible>
						</item>
						<item>
							<label>$LOCALIZE[21899]</label>
							<label2>$INFO[Container(100).ListItem.Property(Album_Label)]</label2>
							<onclick>noop</onclick>
							<visible>!String.IsEmpty(Container(100).ListItem.Property(Album_Label))</visible>
						</item>
						<item>
							<label>$LOCALIZE[146]</label>
							<label2>$INFO[Container(100).ListItem.Property(Album_Type)]</label2>
							<onclick>noop</onclick>
							<visible>!String.IsEmpty(Container(100).ListItem.Property(Album_Type))</visible>
						</item>
						<item>
							<label>$LOCALIZE[175]</label>
							<label2>$INFO[Container(100).ListItem.Property(Album_Mood)]</label2>
							<onclick>noop</onclick>
							<visible>!String.IsEmpty(Container(100).ListItem.Property(Album_Mood))</visible>
						</item>
						<item>
							<label>$LOCALIZE[176]</label>
							<label2>$INFO[Container(100).ListItem.Property(Album_Style)]</label2>
							<onclick>noop</onclick>
							<visible>!String.IsEmpty(Container(100).ListItem.Property(Album_Style))</visible>
						</item>
						<item>
							<label>$LOCALIZE[21895]</label>
							<label2>$INFO[Container(100).ListItem.Property(Album_Theme)]</label2>
							<onclick>noop</onclick>
							<visible>!String.IsEmpty(Container(100).ListItem.Property(Album_Theme))</visible>
						</item>
						<item>
							<label>$LOCALIZE[15311]</label>
							<label2>$INFO[Container(100).ListItem.Property(Path)]</label2>
							<onclick>noop</onclick>
							<visible>!String.IsEmpty(Container(100).ListItem.Property(Path))</visible>
						</item>
					</content>
				</control>
			<!--SONGS-->
				<control type="list" id="180">
					<width>800</width>
					<height>200</height>
					<onleft>180</onleft>
					<onright>180</onright>
					<onup>190</onup>
					<ondown>195</ondown>
					<include>global_ListScroll</include>
					<itemlayout width="640" height="40">
						<include content="dialog_List-layout">
							<param name="ContainerLeft"/>
							<param name="ContainerWidth" value="640"/>
							<param name="Label1" value="[B]$INFO[ListItem.Label][/B] $INFO[ListItem.Label2]"/>
							<param name="Right" value="20"/>
							<param name="Width" value="795"/>
						</include>
					</itemlayout>
					<focusedlayout width="640" height="40">
						<include content="dialog_List-layout">
							<param name="ContainerLeft"/>
							<param name="ContainerWidth" value="640"/>
							<param name="Label1" value="[B]$INFO[ListItem.Label][/B] $INFO[ListItem.Label2]"/>
							<param name="Right" value="20"/>
							<param name="Width" value="795"/>
						</include>
					</focusedlayout>
					<content>
						<item>
							<label>$LOCALIZE[557]</label>
							<label2>$INFO[Container(100).ListItem.Property(Artist)]</label2>
							<onclick>noop</onclick>
							<visible>!String.IsEmpty(Container(100).ListItem.Property(Artist))</visible>
						</item>
						<item>
							<label>$LOCALIZE[558]</label>
							<label2>$INFO[Container(100).ListItem.Property(Album)]</label2>
							<onclick>noop</onclick>
							<visible>!String.IsEmpty(Container(100).ListItem.Property(Album))</visible>
						</item>
						<item>
							<label>$LOCALIZE[554]</label>
							<label2>$INFO[Container(100).ListItem.Property(Track)]</label2>
							<onclick>noop</onclick>
							<visible>!String.IsEmpty(Container(100).ListItem.Property(Track))</visible>
						</item>
						<item>
							<label>$LOCALIZE[2050]</label>
							<label2>$INFO[Container(100).ListItem.Property(Duration),, $LOCALIZE[12391]]</label2>
							<onclick>noop</onclick>
							<visible>!String.IsEmpty(Container(100).ListItem.Property(Duration)) + !String.Contains(Container(100).ListItem.Property(Duration),min)</visible>
						</item>
						<item>
							<label>$LOCALIZE[2050]</label>
							<label2>$INFO[Container(100).ListItem.Property(Duration)]</label2>
							<onclick>noop</onclick>
							<visible>!String.IsEmpty(Container(100).ListItem.Property(Duration)) + String.Contains(Container(100).ListItem.Property(Duration),min)</visible>
						</item>
						<item>
							<label>$LOCALIZE[563]</label>
							<label2>$INFO[Container(100).ListItem.Property(Rating)]</label2>
							<onclick>noop</onclick>
							<visible>!String.IsEmpty(Container(100).ListItem.Property(Rating))</visible>
						</item>
						<item>
							<label>$LOCALIZE[515]</label>
							<label2>$INFO[Container(100).ListItem.Property(Genre)]</label2>
							<onclick>noop</onclick>
							<visible>!String.IsEmpty(Container(100).ListItem.Property(Genre))</visible>
						</item>
						<item>
							<label>$LOCALIZE[562]</label>
							<label2>$INFO[Container(100).ListItem.Property(Year)]</label2>
							<onclick>noop</onclick>
							<visible>!String.IsEmpty(Container(100).ListItem.Property(Year))</visible>
						</item>
						<item>
							<label>$LOCALIZE[567]</label>
							<label2>$INFO[Container(100).ListItem.Property(Playcount)]</label2>
							<onclick>noop</onclick>
							<visible>!String.IsEmpty(Container(100).ListItem.Property(Playcount))</visible>
						</item>
						<item>
							<label>$LOCALIZE[15311]</label>
							<label2>$INFO[Container(100).ListItem.Property(Path)]</label2>
							<onclick>noop</onclick>
							<visible>!String.IsEmpty(Container(100).ListItem.Property(Path))</visible>
						</item>
					</content>
				</control>
			<!--DESCRIPTION-->
				<control type="group">
					<left>15</left>	
					<control type="textbox">
						<top>250</top>
						<width>620</width>
						<height>190</height>
						<label>$INFO[Container(100).ListItem.Property(Plot)]</label>
						<include>dialog_Text</include>
						<visible>Control.IsVisible(110) | Control.IsVisible(120) | Control.IsVisible(150)</visible>
					</control>
					<control type="textbox">
						<top>210</top>
						<width>620</width>
						<height>230</height>
						<label>$INFO[Container(100).ListItem.Property(Plot)]</label>
						<include>dialog_Text</include>
						<visible>Control.IsVisible(140)</visible>
					</control>
					<control type="textbox">
						<top>250</top>
						<width>620</width>
						<height>190</height>
						<label>$INFO[Container(100).ListItem.Property(Artist_Description)]</label>
						<include>dialog_Text</include>
						<visible>Control.IsVisible(160)</visible>
					</control>
					<control type="textbox">
						<top>210</top>
						<width>620</width>
						<height>230</height>
						<label>$INFO[Container(100).ListItem.Property(Album_Description)]</label>
						<include>dialog_Text</include>
						<visible>Control.IsVisible(170)</visible>
					</control>
					<control type="textbox">
						<top>250</top>
						<width>620</width>
						<height>190</height>
						<label>$INFO[Container(100).ListItem.Property(Comment)]</label>
						<include>dialog_Text</include>
					</control>
				</control>
			</control>

		<!--dialog controls-->
			<control type="grouplist" id="190">
				<left>80</left>
				<bottom>20</bottom>
				<width>510</width>
				<height>40</height>
				<onup>5</onup>
				<ondown>5</ondown>
				<itemgap>10</itemgap>
				<orientation>horizontal</orientation>
				<!--ok-->
				<include content="dialog_Button">
					<param name="Width" value="120" />
					<param name="ID" value="191" />
					<param name="Label" value="$LOCALIZE[186]" />
				</include>
				<!--play-->
				<include content="dialog_Button">
					<param name="Width" value="120" />
					<param name="ID" value="192" />
					<param name="Label" value="-" />
				</include>
				<!--trailer-->
				<include content="dialog_Button">
					<param name="Width" value="120" />
					<param name="ID" value="193" />
					<param name="Label" value="-" />
				</include>
				<!--tmdb-->
				<include content="dialog_Button">
					<param name="Width" value="120" />
					<param name="ID" value="194" />
					<param name="Label" value="tMDB" />
				</include>
			</control>
		</control>

		<!--unused-->
		<control type="spincontrol" id="195">
			<visible>false</visible>
		</control>
		<control type="image" id="199">
			<visible>false</visible>
		</control>
	</controls>
</window>