<?xml version="1.0" encoding="UTF-8"?>
<window>
	<defaultcontrol>9050</defaultcontrol>
    <controls>
    <!--fanart-->
	    <control type="group">
	    	<include>transition_Background</include>
	    	<visible>!Skin.HasSetting(fanart.global)</visible>
			<control type="image">
				<include>screen_Dimensions</include>
				<texture background="true">$INFO[Container(200).ListItem.Property(Art(fanart))]</texture>
				<fadetime>fadetime_Fanart</fadetime>
				<include>fadeinout</include>
				<visible>String.IsEqual(Window(Home).Property(tvguide),monday)</visible>
			</control>
			<control type="image">
				<include>screen_Dimensions</include>
				<texture background="true">$INFO[Container(201).ListItem.Property(Art(fanart))]</texture>
				<fadetime>fadetime_Fanart</fadetime>
				<include>fadeinout</include>
				<visible>String.IsEqual(Window(Home).Property(tvguide),tuesday)</visible>
			</control>
			<control type="image">
				<include>screen_Dimensions</include>
				<texture background="true">$INFO[Container(202).ListItem.Property(Art(fanart))]</texture>
				<fadetime>fadetime_Fanart</fadetime>
				<include>fadeinout</include>
				<visible>String.IsEqual(Window(Home).Property(tvguide),wednesday)</visible>
			</control>
			<control type="image">
				<include>screen_Dimensions</include>
				<texture background="true">$INFO[Container(203).ListItem.Property(Art(fanart))]</texture>
				<fadetime>fadetime_Fanart</fadetime>
				<include>fadeinout</include>
				<visible>String.IsEqual(Window(Home).Property(tvguide),thursday)</visible>
			</control>
			<control type="image">
				<include>screen_Dimensions</include>
				<texture background="true">$INFO[Container(204).ListItem.Property(Art(fanart))]</texture>
				<fadetime>fadetime_Fanart</fadetime>
				<include>fadeinout</include>
				<visible>String.IsEqual(Window(Home).Property(tvguide),friday)</visible>
			</control>
			<control type="image">
				<include>screen_Dimensions</include>
				<texture background="true">$INFO[Container(205).ListItem.Property(Art(fanart))]</texture>
				<fadetime>fadetime_Fanart</fadetime>
				<include>fadeinout</include>
				<visible>String.IsEqual(Window(Home).Property(tvguide),saturday)</visible>
			</control>
			<control type="image">
				<include>screen_Dimensions</include>
				<texture background="true">$INFO[Container(206).ListItem.Property(Art(fanart))]</texture>
				<fadetime>fadetime_Fanart</fadetime>
				<include>fadeinout</include>
				<visible>String.IsEqual(Window(Home).Property(tvguide),sunday)</visible>
			</control>
		</control>

	<!--global includes-->
		<include>global_Background</include>
		<include>global_Includes</include>

	<!--window header-->
		<include content="windowTitle">
			<param name="Left" value="32"/>
			<param name="Label" value="$LOCALIZE[31606]"/>
		</include>

	<!--content-->
	<control type="group">
		<include>transition_Content</include>
		<!--day label-->
			<control type="label">
				<left>362</left>
				<top>65</top>
				<width>550</width>
				<label>$VAR[nextaired_Header]</label>
				<include>column_Header</include>
			</control>
			
		<!--day list-->
			<control type="grouplist" id="9050">
				<left>40</left>
				<top>98</top>
				<width>300</width>
				<height>600</height>
				<itemgap>2</itemgap>
				<control type="group">
					<height>44</height>
					<control type="button" id="9001">
						<label>$LOCALIZE[11]</label>
						<label2>$INFO[Container(200).NumItems]</label2>
						<onfocus>SetProperty(tvguide,monday,Home)</onfocus>
						<onright>SetFocus(200)</onright>
						<onup>9007</onup>
						<ondown>9002</ondown>
						<include>settings_Menu</include>
						<enable>Integer.IsGreater(Container(200).NumItems,0)</enable>
					</control>
				</control>
				<control type="group">
					<height>44</height>
					<control type="button" id="9002">
						<label>$LOCALIZE[12]</label>
						<label2>$INFO[Container(201).NumItems]</label2>
						<onfocus>SetProperty(tvguide,tuesday,Home)</onfocus>
						<onright>SetFocus(201)</onright>
						<onup>9001</onup>
						<ondown>9003</ondown>
						<include>settings_Menu</include>
						<enable>Integer.IsGreater(Container(201).NumItems,0)</enable>
					</control>
				</control>
				<control type="group">
					<height>44</height>
					<control type="button" id="9003">
						<label>$LOCALIZE[13]</label>
						<label2>$INFO[Container(202).NumItems]</label2>
						<onfocus>SetProperty(tvguide,wednesday,Home)</onfocus>
						<onright>SetFocus(202)</onright>
						<onup>9002</onup>
						<ondown>9004</ondown>
						<include>settings_Menu</include>
						<enable>Integer.IsGreater(Container(202).NumItems,0)</enable>
					</control>
				</control>
				<control type="group">
					<height>44</height>
					<control type="button" id="9004">
						<label>$LOCALIZE[14]</label>
						<label2>$INFO[Container(203).NumItems]</label2>
						<onfocus>SetProperty(tvguide,thursday,Home)</onfocus>
						<onright>SetFocus(203)</onright>
						<onup>9003</onup>
						<ondown>9005</ondown>
						<include>settings_Menu</include>
						<enable>Integer.IsGreater(Container(203).NumItems,0)</enable>
					</control>
				</control>
				<control type="group">
					<height>44</height>
					<control type="button" id="9005">
						<label>$LOCALIZE[15]</label>
						<label2>$INFO[Container(204).NumItems]</label2>
						<onfocus>SetProperty(tvguide,friday,Home)</onfocus>
						<onright>SetFocus(204)</onright>
						<onup>9004</onup>
						<ondown>9006</ondown>
						<include>settings_Menu</include>
						<enable>Integer.IsGreater(Container(204).NumItems,0)</enable>
					</control>
				</control>
				<control type="group">
					<height>44</height>
					<control type="button" id="9006">
						<label>$LOCALIZE[16]</label>
						<label2>$INFO[Container(205).NumItems]</label2>
						<onfocus>SetProperty(tvguide,saturday,Home)</onfocus>
						<onright>SetFocus(205)</onright>
						<onup>9005</onup>
						<ondown>9007</ondown>
						<include>settings_Menu</include>
						<enable>Integer.IsGreater(Container(205).NumItems,0)</enable>
					</control>
				</control>
				<control type="group">
					<height>44</height>
					<control type="button" id="9007">
						<label>$LOCALIZE[17]</label>
						<label2>$INFO[Container(206).NumItems]</label2>
						<onfocus>SetProperty(tvguide,sunday,Home)</onfocus>
						<onright>SetFocus(206)</onright>
						<onup>9006</onup>
						<ondown>9001</ondown>
						<include>settings_Menu</include>
						<enable>Integer.IsGreater(Container(206).NumItems,0)</enable>
					</control>
				</control>
			</control>
		<!--results list-->
			<control type="group" id="199">
				<left>360</left>
				<top>98</top>
				<control type="list" id="200">
					<width>880</width>
					<height>600</height>
					<onup>200</onup>
					<ondown>200</ondown>
					<onleft>9050</onleft>
					<onright>70</onright>
					<pagecontrol>70</pagecontrol>
					<orientation>vertical</orientation>
					<include>fadeinout</include>
					<include>TVGuideLayout</include>
					<visible>String.IsEqual(Window(Home).Property(tvguide),monday) + Integer.IsGreater(Container(200).NumItems,0)</visible>
				</control>
				<control type="list" id="201">
					<width>880</width>
					<height>600</height>
					<onup>200</onup>
					<ondown>200</ondown>
					<onleft>9050</onleft>
					<onright>70</onright>
					<include>fadeinout</include>
					<include>TVGuideLayout</include>
					<visible>String.IsEqual(Window(Home).Property(tvguide),tuesday) + Integer.IsGreater(Container(201).NumItems,0)</visible>
				</control>
				<control type="list" id="202">
					<width>880</width>
					<height>600</height>
					<onup>200</onup>
					<ondown>200</ondown>
					<onleft>9050</onleft>
					<onright>70</onright>
					<include>fadeinout</include>
					<include>TVGuideLayout</include>
					<visible>String.IsEqual(Window(Home).Property(tvguide),wednesday) + Integer.IsGreater(Container(202).NumItems,0)</visible>
				</control>
				<control type="list" id="203">
					<width>880</width>
					<height>600</height>
					<onup>200</onup>
					<ondown>200</ondown>
					<onleft>9050</onleft>
					<onright>70</onright>
					<include>fadeinout</include>
					<include>TVGuideLayout</include>
					<visible>String.IsEqual(Window(Home).Property(tvguide),thursday) + Integer.IsGreater(Container(203).NumItems,0)</visible>
				</control>
				<control type="list" id="204">
					<width>880</width>
					<height>600</height>
					<onup>200</onup>
					<ondown>200</ondown>
					<onleft>9050</onleft>
					<onright>70</onright>
					<include>fadeinout</include>
					<include>TVGuideLayout</include>
					<visible>String.IsEqual(Window(Home).Property(tvguide),friday) + Integer.IsGreater(Container(204).NumItems,0)</visible>
				</control>
				<control type="list" id="205">
					<width>880</width>
					<height>600</height>
					<onup>200</onup>
					<ondown>200</ondown>
					<onleft>9050</onleft>
					<onright>70</onright>
					<include>fadeinout</include>
					<include>TVGuideLayout</include>
					<visible>String.IsEqual(Window(Home).Property(tvguide),saturday) + Integer.IsGreater(Container(205).NumItems,0)</visible>
				</control>
				<control type="list" id="206">
					<width>880</width>
					<height>600</height>
					<onup>200</onup>
					<ondown>200</ondown>
					<onleft>9050</onleft>
					<onright>70</onright>
					<include>fadeinout</include>
					<include>TVGuideLayout</include>
					<visible>String.IsEqual(Window(Home).Property(tvguide),sunday) + Integer.IsGreater(Container(206).NumItems,0)</visible>
				</control>
			</control>
		</control>
		<control type="scrollbar" id="70">
			<left>1272</left>
			<height>screen_Height</height>
			<onleft>199</onleft>
		</control>
    </controls>
</window>