<?xml version="1.0" encoding="UTF-8"?>
<window>
	<defaultcontrol always="true">300</defaultcontrol>
	<include>transition_Dialog</include>
	<coordinates>
		<system>1</system>
		<left>198</left>
		<top>68</top>
	</coordinates>
	<controls>
		<control type="group">
			<width>883</width>
			<height>665</height>

			<include content="dialog_WindowCommons">
				<param name="DialogHeaderID" value="500"/>
				<param name="DialogWidth" value="883"/>
				<param name="DialogHeight" value="585"/>
			</include>

			<control type="group">
				<left>14</left>
				<top>60</top>		

			<!--shortcuts-->	
				<control type="list" id="211">
					<width>350</width>
					<height>520</height>
					<onright>303</onright>
					<onup>211</onup>
					<ondown>211</ondown>
					<include>global_ListScroll</include>
					<itemlayout width="350" height="40">
						<control type="image">
							<width>350</width>
							<include>dialog_CommonList</include>
						</control>
						<control type="label">
							<width>210</width>
							<label>$INFO[ListItem.Label]</label>
							<include>dialog_CommonListItem</include>
						</control>
					</itemlayout>
					<focusedlayout width="350" height="40">
						<control type="image">
							<width>231</width>
							<height>40</height>
							<include>dialog_CommonListFocus</include>
							<visible>Control.HasFocus(211)</visible>
						</control>
						<control type="image">
							<width>350</width>
							<include>dialog_CommonList</include>
						</control>
						<control type="label">
							<width>210</width>
							<label>$INFO[ListItem.Label]</label>
							<include>dialog_CommonListItemFocus</include>
							<visible>Control.HasFocus(211)</visible>
						</control>
						<control type="label">
							<width>210</width>
							<label>$INFO[ListItem.Label]</label>
							<textcolor>Selected</textcolor>
							<include>dialog_CommonListItem</include>
							<visible>!Control.HasFocus(211)</visible>
						</control>
					</focusedlayout>
				</control>
			<!--inline controls-->
				<control type="group" id="1000">
					<left>230</left>
					<animation effect="slide" end="0,40" time="0" condition="Container(211).Row(1)">Conditional</animation>
					<animation effect="slide" end="0,80" time="0" condition="Container(211).Row(2)">Conditional</animation>
					<animation effect="slide" end="0,120" time="0" condition="Container(211).Row(3)">Conditional</animation>
					<animation effect="slide" end="0,160" time="0" condition="Container(211).Row(4)">Conditional</animation>
					<animation effect="slide" end="0,200" time="0" condition="Container(211).Row(5)">Conditional</animation>
					<animation effect="slide" end="0,240" time="0" condition="Container(211).Row(6)">Conditional</animation>
					<animation effect="slide" end="0,280" time="0" condition="Container(211).Row(7)">Conditional</animation>
					<animation effect="slide" end="0,320" time="0" condition="Container(211).Row(8)">Conditional</animation>
					<animation effect="slide" end="0,360" time="0" condition="Container(211).Row(9)">Conditional</animation>
					<animation effect="slide" end="0,400" time="0" condition="Container(211).Row(10)">Conditional</animation>
					<animation effect="slide" end="0,440" time="0" condition="Container(211).Row(11)">Conditional</animation>
					<animation effect="slide" end="0,480" time="0" condition="Container(211).Row(12)">Conditional</animation>
					<animation effect="slide" end="0,520" time="0" condition="Container(211).Row(13)">Conditional</animation>
					<animation effect="slide" end="0,560" time="0" condition="Container(211).Row(14)">Conditional</animation>
					<animation effect="slide" end="0,600" time="0" condition="Container(211).Row(15)">Conditional</animation>
					<animation effect="slide" end="0,640" time="0" condition="Container(211).Row(16)">Conditional</animation>
					<animation effect="slide" end="0,680" time="0" condition="Container(211).Row(17)">Conditional</animation>
					<animation effect="slide" end="0,720" time="0" condition="Container(211).Row(18)">Conditional</animation>
					<animation effect="slide" end="0,760" time="0" condition="Container(211).Row(19)">Conditional</animation>
					<animation effect="slide" end="0,800" time="0" condition="Container(211).Row(20)">Conditional</animation>
	
					<!--move up-->
					<control type="button" id="303">
						<label>-</label>
						<onup>211</onup>
						<onleft>211</onleft>
						<onright>304</onright>
						<ondown>211</ondown>
						<include>dialog_Inline-up</include>
					</control>
					<!--move down-->
					<control type="button" id="304">
						<left>40</left>
						<label>-</label>
						<onup>211</onup>
						<onleft>303</onleft>
						<onright>302</onright>
						<ondown>211</ondown>
						<include>dialog_Inline-down</include>
					</control>
					<!--remove-->
					<control type="button" id="302">
						<left>80</left>
						<label>-</label>
						<onup>211</onup>
						<onleft>304</onleft>
						<onright>300</onright>
						<ondown>211</ondown>
						<include>dialog_Inline-remove</include>
					</control>
				</control>
			<!---control area-->	
				<control type="grouplist" id="300">
					<left>365</left>
					<width>350</width>
					<height>520</height>
					<onleft>302</onleft>
					<onright>9000</onright>
					<onup>300</onup>
					<ondown>300</ondown>
					<itemgap>0</itemgap>
					<include>global_ListScroll</include>
					<!--add item-->
					<control type="button" id="301">
						<width>350</width>
						<label>$ADDON[script.skinshortcuts 32000]</label>
						<onclick>SetFocus(401)</onclick>
						<include>dialog_ControlCommons</include>
					</control>
					<!--change shortcut-->
					<control type="button" id="401">
						<width>350</width>
						<label>$ADDON[script.skinshortcuts 32048]</label>
						<include>dialog_ControlCommons</include>
					</control>
					<!--change label-->
					<control type="label" id="402">
						<width>350</width> 
						<label>$ADDON[script.skinshortcuts 32025]</label>
						<include>dialog_Header</include>
						<include>dialog_ControlCommons</include>
					</control>
					<control type="button" id="305">
						<width>350</width>
						<label fallback="$LOCALIZE[31611]:">$INFO[Container(211).ListItem.Label]</label>
						<include>dialog_ControlCommons</include>
					</control>		
					<!--change action-->
					<control type="label" id="306">
						<width>350</width> 
						<label>$ADDON[script.skinshortcuts 32027]</label>
						<include>dialog_Header</include>
						<include>dialog_ControlCommons</include>
					</control>
					<control type="button" id="307">
						<width>350</width>
						<label fallback="$LOCALIZE[31611]:">$INFO[Container(211).ListItem.Property(displaypath)]</label>
						<include>dialog_ControlCommons</include>
					</control>
					<!--edit sub-menu-->
					<control type="label" id="404">
						<width>350</width> 
						<label>$ADDON[script.skinshortcuts 32072]</label>
						<include>dialog_Header</include>
						<include>dialog_ControlCommons</include>
						<visible>String.IsEqual(Window.Property(groupname),mainmenu)</visible>
					</control>
					<control type="button" id="405">
						<width>350</width>
						<label>$LOCALIZE[31037]</label>
						<include>dialog_ControlCommons</include>
						<visible>String.IsEqual(Window.Property(groupname),mainmenu)</visible>
					</control>
					<!--set background-->
					<control type="label" id="309">
						<width>350</width> 
						<label>$ADDON[script.skinshortcuts 32045]</label>
						<include>dialog_Header</include>
						<include>dialog_ControlCommons</include>
						<visible>String.IsEqual(Window.Property(groupname),mainmenu) + !Skin.HasSetting(backgrounds.fanart)</visible>
					</control>
					<control type="button" id="310">
						<width>350</width>
						<label fallback="$LOCALIZE[31611]:">$INFO[Container(211).ListItem.Property(Background)]</label>
						<include>dialog_ControlCommons</include>
						<visible>String.IsEqual(Window.Property(groupname),mainmenu) + !Skin.HasSetting(backgrounds.fanart)</visible>
					</control>
					<!--set widget-->
					<control type="label" id="311">
						<width>350</width> 
						<label>$ADDON[script.skinshortcuts 32044]</label>
						<include>dialog_Header</include>
						<include>dialog_ControlCommons</include>
						<visible>String.IsEqual(Window.Property(groupname),mainmenu) + !Skin.HasSetting(widgets.disable)</visible>
					</control>
					<control type="button" id="312">
						<width>350</width>
						<label fallback="$LOCALIZE[31611]:">$INFO[Container(211).ListItem.Property(widgetName)]</label>
						<include>dialog_ControlCommons</include>
						<visible>String.IsEqual(Window.Property(groupname),mainmenu) + !Skin.HasSetting(widgets.disable)</visible>
					</control>
				</control>
			</control>
			
			<!--build menu trigger button-->
			<control type="button" id="8000">
				<onfocus>RunScript(script.skinshortcuts,type=buildxml&amp;mode=single&amp;options=clonewidgets|clonebackgrounds&amp;mainmenuID=9000)</onfocus>
				<onfocus>Close</onfocus>
				<include>TriggerButton</include>
			</control>

			<!--dialog controls-->
			<control type="grouplist" id="9000">
				<top>60</top>
				<right>20</right>
				<width>120</width>
				<height>140</height>
				<itemgap>10</itemgap>
				<onleft>300</onleft>
				<orientation>vertical</orientation>
				<!--apply-->
				<include content="dialog_Button">
					<param name="Width" value="120" />
					<param name="ID" value="10" />
					<param name="Label" value="$LOCALIZE[31405]" />
					<param name="OnClick" value="SetFocus(8000)" />
					<param name="Visible" value="String.IsEqual(Window.Property(groupname),mainmenu)"/>
				</include>
				<!--ok-->
				<include content="dialog_Button">
					<param name="Width" value="120" />
					<param name="ID" value="11" />
					<param name="Label" value="$LOCALIZE[186]" />
					<param name="OnClick" value="Close" />
				</include>
				<!--reset-->
				<include content="dialog_Button">
					<param name="Width" value="120" />
					<param name="ID" value="308" />
					<param name="Label" value="$LOCALIZE[10035]" />
				</include>
			</control>
		</control>
	</controls>
</window>
