<?xml version="1.0" encoding="UTF-8"?>
<window>
	<defaultcontrol always="true">22</defaultcontrol>
	<include>transition_Dialog</include>
	<coordinates>
		<system>1</system>
		<left>223</left>
		<top>60</top>
	</coordinates>
	<controls>
		<control type="group">
			<width>835</width>
			<height>600</height>

			<include content="dialog_WindowCommons">
				<param name="DialogWidth" value="839"/>
				<param name="DialogHeight" value="600"/>
				<param name="DialogHeaderID" value="2"/>
				<param name="DialogHeader" value="21432"/>
			</include>

			<control type="group" id="5000">
				<left>15</left>
				<top>60</top>
				<control type="image">
					<width>642</width>
					<include>dialog_Separator</include>
				</control>
				<!--name & type-->
				<control type="group">
					<!--set playlist type-->
					<control type="button" id="22">
						<width>642</width>
						<label>$LOCALIZE[467]</label>
						<onleft>22</onleft>
						<onright>9001</onright>
						<onup>24</onup>
						<ondown>12</ondown>
						<include>dialog_ControlCommons</include>
						<include>dialog_Spin</include>
					</control>
					<!--set playlist name-->
					<control type="button" id="12">
						<top>40</top>
						<width>642</width>
						<onup>22</onup>
						<ondown>9000</ondown>
						<onleft>noop</onleft>
						<onright>9001</onright>
						<label>$LOCALIZE[551]</label>
						<hinttext>$LOCALIZE[16012]</hinttext>
						<include>dialog_ControlCommons</include>
					</control>
				</control>
				<!--rules-->
				<control type="group">
					<top>80</top>
					<control type="label">
						<width>642</width>
						<label>$LOCALIZE[21434]:</label>
						<include>dialog_Header</include>
						<include>dialog_ControlCommons</include>
					</control>
					<control type="image">
						<top>38</top>
						<width>642</width>
						<include>dialog_SectionSeparator</include>
					</control>
					<control type="image">
						<top>80</top>
						<width>642</width>
						<include>dialog_Separator</include>
					</control>
					<control type="image">
						<top>120</top>
						<width>642</width>
						<include>dialog_Separator</include>
					</control>
					<control type="image">
						<top>160</top>
						<width>642</width>
						<include>dialog_Separator</include>
					</control>
					<!--rules list control-->
					<include name="dialog_Common-List">
						<param name="ID" value="10"/>
						<param name="ContainerTop" value="40"/>
						<param name="ContainerWidth" value="522"/>
						<param name="ContainerHeight" value="120"/>
						<param name="Width" value="522"/>
						<param name="OnUp" value="12"/>
						<param name="OnDown" value="16"/>
						<param name="OnLeft" value="22"/>
						<param name="OnRight" value="9001"/>
					</include>
				
					<!--list controls-->
					<control type="group" id="9000">
						<left>522</left>
						<top>40</top>
						<animation effect="slide" end="0,40" time="0" condition="Container(10).Row(1)">Conditional</animation>
						<animation effect="slide" end="0,80" time="0" condition="Container(10).Row(2)">Conditional</animation>
						<animation effect="slide" end="0,120" time="0" condition="Container(10).Row(3)">Conditional</animation>
						<control type="image">
							<height>39</height>
							<include>dialog_Separator-y</include>
						</control>
						<control type="image">
							<left>40</left>
							<height>40</height>
							<include>dialog_Separator-y</include>
						</control>
						<control type="image">
							<left>80</left>
							<height>40</height>
							<include>dialog_Separator-y</include>
						</control>
						<control type="image">
							<left>120</left>
							<height>40</height>
							<include>dialog_Separator-y</include>
						</control>
						<!--edit rule button-->
						<control type="button" id="15">
							<label>-</label>
							<onleft>10</onleft>
							<onright>14</onright>
							<onup>12</onup>
							<ondown>16</ondown>
							<include>dialog_Inline-edit</include>
						</control>
						<!--remove rule button-->
						<control type="button" id="14">
							<left>40</left>
							<label>-</label>
							<onleft>15</onleft>
							<onright>13</onright>
							<onup>12</onup>
							<ondown>16</ondown>
							<include>dialog_Inline-remove</include>
						</control>
						<!--add rule button-->
						<control type="button" id="13">
							<left>80</left>
							<label>-</label>
							<onleft>14</onleft>
							<onright>9001</onright>
							<onup>12</onup>
							<ondown>16</ondown>
							<include>dialog_Inline-add</include>
						</control>
					</control>
				</control>
				<!--options-->
				<control type="group">
					<top>240</top>
					<control type="label" id="0">
						<width>512</width>
						<height>40</height>
						<label>$LOCALIZE[33063]</label>
						<include>dialog_Header</include>
						<include>dialog_ControlCommons</include>
					</control>
					<control type="image">
						<top>38</top>
						<width>642</width>
						<include>dialog_SectionSeparator</include>
					</control>
					<control type="group" id="9002">
						<top>40</top>	
						<control type="button" id="16">
							<width>642</width>
							<label>$LOCALIZE[21424]</label>
							<onleft>10</onleft>
							<onright>9001</onright>
							<onup>9000</onup>
							<ondown>17</ondown>
							<include>dialog_ControlCommons</include>
							<include>dialog_Spin</include>
						</control>
						<!--limit to-->
						<control type="button" id="17">
							<top>40</top>
							<width>642</width>
							<label>$LOCALIZE[21427]</label>
							<onleft>10</onleft>
							<onright>9001</onright>
							<onup>16</onup>
							<ondown>18</ondown>
							<include>dialog_ControlCommons</include>
							<include>dialog_Spin</include>
						</control>
						<!--order by-->
						<control type="button" id="18">
							<top>80</top>
							<width>642</width>
							<label>$LOCALIZE[21429]</label>
							<onleft>10</onleft>
							<onright>9001</onright>
							<onup>17</onup>
							<ondown>19</ondown>
							<include>dialog_ControlCommons</include>
							<include>dialog_Spin</include>
						</control>
						<!--direction-->
						<control type="button" id="19">
							<top>120</top>
							<width>642</width>
							<label>- $LOCALIZE[31141] $LOCALIZE[21431]</label>
							<altlabel>- $LOCALIZE[31141] $LOCALIZE[21430]</altlabel>
							<onleft>10</onleft>
							<onright>9001</onright>
							<onup>18</onup>
							<ondown>23</ondown>
							<include>dialog_ControlCommons</include>
							<include>dialog_Spin</include>
						</control>
						<!--group by-->
						<control type="button" id="23">
							<top>160</top>
							<width>642</width>
							<label>$LOCALIZE[21458]</label>
							<onleft>10</onleft>
							<onright>24</onright>
							<onup>18</onup>
							<ondown>24</ondown>
							<include>dialog_ControlCommons</include>
							<include>dialog_Spin</include>
						</control>
						<!--mixed-->
						<control type="radiobutton" id="24">
							<top>200</top>
							<width>642</width>
							<label>- $LOCALIZE[21459]</label>
							<onleft>10</onleft>
							<onright>9001</onright>
							<onup>23</onup>
							<ondown>22</ondown>
							<include>dialog_ControlCommons</include>
							<include>dialog_Radio</include>
						</control>
					</control>
				</control>
			</control>

			<!--dialog controls-->
			<control type="grouplist" id="9001">
				<top>60</top>
				<right>15</right>
				<width>150</width>
				<height min="40" max="90">auto</height>
				<itemgap>10</itemgap>
				<onleft>5000</onleft>
				<onright>5000</onright>
				<orientation>vertical</orientation>
				<!--ok-->
				<include content="dialog_Button">
					<param name="ID" value="20" />
					<param name="Width" value="150" />
					<param name="Label" value="$LOCALIZE[186]" />
				</include>
				<!--cancel-->
				<include content="dialog_Button">
					<param name="ID" value="21" />
					<param name="Width" value="150" />
					<param name="Label" value="$LOCALIZE[222]" />
				</include>
			</control>

		</control>
	</controls>
</window>