<?xml version="1.0" encoding="UTF-8"?>
<window>
	<defaultcontrol always="true">9001</defaultcontrol>
	<include>transition_Dialog</include>
	<coordinates>
		<system>1</system>
		<left>303</left>
		<top>253</top>
	</coordinates>
	<controls>
		<control type="group">
			<width>675</width>
			<height>264</height>

			<include content="dialog_WindowCommons">
				<param name="DialogHeaderID" value="1"/>
				<param name="DialogHeader" value="21421"/>
				<param name="DialogWidth" value="660"/>
				<param name="DialogHeight" value="215"/>
			</include>
	
			<control type="group" id="9001">
				<left>15</left>
				<top>60</top>
				<control type="image">
					<width>492</width>
					<include>dialog_Separator</include>
				</control>
				<!--rule-->
				<control type="button" id="15">
					<width>492</width>
					<onright>9000</onright>
					<onleft>noop</onleft>
					<onup>20</onup>
					<ondown>16</ondown>
					<include>dialog_ControlCommons</include>
					<include>dialog_Spin</include>
				</control>
				<!--rule operator-->
				<control type="button" id="16">
					<top>40</top>
					<width>492</width>
					<onright>9000</onright>
					<onleft>noop</onleft>
					<onup>15</onup>
					<ondown>17</ondown>
					<include>dialog_ControlCommons</include>
					<include>dialog_Spin</include>
				</control>
				<!--value-->
				<control type="group">
					<top>80</top>
					<control type="edit" id="17">
						<width>371</width>
						<height>40</height>
						<onup>16</onup>
						<onleft>noop</onleft>
						<onright>20</onright>
						<ondown>15</ondown>
						<textoffsetx>10</textoffsetx>
						<include>dialog_ControlCommons</include>
					</control>
					<control type="image">
						<left>371</left>
						<height>40</height>
						<include>dialog_Separator-y</include>
					</control>
					<!--browse-->
					<control type="button" id="20">
						<left>372</left>
						<width>120</width>
						<align>center</align>
						<label>$LOCALIZE[1024]</label>
						<onup>16</onup>
						<onleft>17</onleft>
						<onright>9000</onright>
						<ondown>15</ondown>
						<include>dialog_ControlCommons</include>
					</control>
				</control>
			</control>

		<!--dialog controls-->
			<control type="grouplist" id="9000">
				<right>15</right>
				<top>60</top>
				<width>140</width>
				<height min="40" max="140">auto</height>
				<itemgap>10</itemgap>
				<onleft>9001</onleft>
				<onright>noop</onright>
				<orientation>vertical</orientation>
				<!--more / defaults-->
				<include content="dialog_Button">
					<param name="ID" value="18" />
					<param name="Label" value="$LOCALIZE[186]" />
				</include>
				<!--cancel-->
				<include content="dialog_Button">
					<param name="ID" value="19" />
					<param name="Label" value="$LOCALIZE[222]" />
				</include>
			</control>

		</control>
	</controls>
</window>