<?xml version="1.0" encoding="UTF-8"?>
<includes>

	<variable name="subtitles:Flags.nf">
		<value condition="ListItem.Property(hearing_imp) | ListItem.Property(sync)">glyph_nf</value>
		<value>Color3</value>
	</variable>
	<variable name="subtitles:Flags.fo">
		<value condition="ListItem.Property(hearing_imp) | ListItem.Property(sync)">glyph_fo</value>
		<value>Color5</value>
	</variable>

<!--STARTUP-->
	<variable name="login:Hello">
		<value condition="System.Time(00:00,12:00)">$LOCALIZE[31718]</value>
		<value condition="System.Time(12:00,18:00)">$LOCALIZE[31719]</value>
		<value>$LOCALIZE[31720]</value>
	</variable>

<!--HOME-->
	<variable name="home:Background">
		<value condition="Player.HasAudio + Skin.HasSetting(home.nowplaying) + !String.IsEmpty(Window(Visualisation).Property(ArtistSlideshow)) + !String.IsEmpty(Window.Property(ArtistSlideshow.ArtworkReady))">$INFO[Window(Visualisation).Property(ArtistSlideshow)]</value>
		<value condition="Player.HasAudio + Skin.HasSetting(home.nowplaying) + !String.IsEmpty(Player.Art(fanart))">$INFO[Player.Art(fanart)]</value>
		<value condition="Player.HasAudio + Skin.HasSetting(home.nowplaying) + !String.IsEmpty(MusicPlayer.Cover)">$INFO[MusicPlayer.Cover]</value>
		<value condition="Player.HasAudio + Skin.HasSetting(home.nowplaying)">special://skin/backgrounds/music.jpg</value>
		<value condition="!Skin.HasSetting(backgrounds.fanart) + !String.IsEmpty(Container(9000).ListItem.Property(Background))">$INFO[Container(9000).ListItem.Property(Background)]</value>
		<value condition="Skin.HasSetting(backgrounds.fanart) + [Skin.String(fanarttype,video) | String.IsEmpty(Skin.String(fanarttype))]">$INFO[Window(Home).Property(script.grab.fanart.Video.FanArt)]</value>
		<value condition="Skin.HasSetting(backgrounds.fanart) + Skin.String(fanarttype,music)">$INFO[Window(Home).Property(script.grab.fanart.Music.FanArt)]</value>
		<value condition="Skin.HasSetting(backgrounds.fanart) + Skin.String(fanarttype,mixed)">$INFO[Window(Home).Property(script.grab.fanart.Global.FanArt)]</value>
		<value>special://skin/backgrounds/kodi.jpg</value>
	</variable>

	<variable name="home:Slideshow.Info">
		<value condition="Player.HasAudio + Skin.HasSetting(home.nowplaying)">$INFO[MusicPlayer.Artist,, - ]$INFO[MusicPlayer.Title]</value>
		<value condition="![Player.HasAudio + Skin.HasSetting(home.nowplaying)] + Skin.String(fanarttype,video) + Skin.String(fanartinfo,text)">$INFO[Window(Home).Property(script.grab.fanart.Video.Title)]</value>
		<value condition="![Player.HasAudio + Skin.HasSetting(home.nowplaying)] + Skin.String(fanarttype,music) + Skin.String(fanartinfo,text)">$INFO[Window(Home).Property(script.grab.fanart.Music.Title)]</value>
		<value condition="![Player.HasAudio + Skin.HasSetting(home.nowplaying)] + Skin.String(fanarttype,mixed) + Skin.String(fanartinfo,text)">$INFO[Window(Home).Property(script.grab.fanart.Global.Title)]</value>
		<value condition="![Player.HasAudio + Skin.HasSetting(home.nowplaying)] + Skin.String(fanarttype,video) + Skin.String(fanartinfo,logo)">$INFO[Window(Home).Property(script.grab.fanart.Video.Logo)]</value>
		<value condition="![Player.HasAudio + Skin.HasSetting(home.nowplaying)] + Skin.String(fanarttype,music) + Skin.String(fanartinfo,logo)">$INFO[Window(Home).Property(script.grab.fanart.Music.Logo)]</value>
		<value condition="![Player.HasAudio + Skin.HasSetting(home.nowplaying)] + Skin.String(fanarttype,mixed) + Skin.String(fanartinfo,logo)">$INFO[Window(Home).Property(script.grab.fanart.Global.Logo)]</value>
	</variable>

<!--WIDGETS-->
	<variable name="widget:OnInfo">
		<value condition="String.Contains(Container(9000).ListItem.Property(widgetType),movies) + !String.IsEmpty(Container(9200).ListItem.Property(DBID))">RunScript(script.skin.helper.service,action=showinfo,movieid=$INFO[Container(9200).ListItem.Property(dbid)])</value>
		<value condition="String.Contains(Container(9000).ListItem.Property(widgetType),tvshows) + !String.IsEmpty(Container(9200).ListItem.Property(DBID))">RunScript(script.skin.helper.service,action=showinfo,tvshowid=$INFO[Container(9200).ListItem.TVShowTitle)</value>
		<value condition="String.Contains(Container(9000).ListItem.Property(widgetType),episodes) + !String.IsEmpty(Container(9200).ListItem.Property(DBID))">RunScript(script.skin.helper.service,action=showinfo,episodeid=$INFO[Container(9200).ListItem.Property(dbid)])</value>
		<value>RunScript(script.extendedinfo,info=extendedinfo,name=$INFO[Container(9200).ListItem.Title])</value>
	</variable>

	<variable name="widget:Header">
		<value condition="!Integer.IsGreater(Container(9200).NumItems,0)">$LOCALIZE[284]</value>
		<value condition="Container(9200).IsUpdating">$LOCALIZE[31710]...</value>
		<value condition="String.IsEqual(Container(9000).ListItem.Property(widgetType),weather)">$INFO[Weather.Location]</value>
		<value condition="String.IsEqual(Container(9000).ListItem.Property(widgetType),static) + Player.HasAudio">$INFO[MusicPlayer.Title]</value>
		<value condition="!String.IsEqual(Container(9000).ListItem.Property(widgetType),weather) + String.IsEqual(Window(Home).Property(WidgetState),open) | Skin.HasSetting(widgets.push)">$LOCALIZE[31033] [B]$INFO[Container(9200).CurrentItem][/B] $LOCALIZE[20163] [B]$INFO[Container(9200).NumItems][/B]</value>
		<value condition="!String.IsEqual(Container(9000).ListItem.Property(widgetType),weather) + !String.IsEqual(Window(Home).Property(WidgetState),open) | Skin.HasSetting(widgets.push)">$INFO[Container(9200).ListItem(0).TVShowTitle,,: ]$INFO[Container(9200).ListItem(0).Title]</value>
	</variable>

	<variable name="widget:Item.Label1">
		<value condition="String.IsEqual(Container(9000).ListItem.Property(widgetType),playingmusic)">$INFO[Player.Filename]</value>
		<value condition="String.IsEqual(Container(9000).ListItem.Property(widgetType),albums)">$INFO[ListItem.Label]</value>
		<value condition="String.IsEqual(Container(9000).ListItem.Property(widgetType),episodes)">[COLOR=Color3]$INFO[ListItem.TVShowTitle,,: ][/COLOR]$INFO[ListItem.Title]</value>
		<value>$INFO[ListItem.Label]</value>
	</variable>

	<variable name="widget:Item.Label2">
		<value condition="String.IsEqual(Container(9000).ListItem.Property(widgetType),YouTube)">$INFO[ListItem.Premiered]$INFO[ListItem.Duration, &#8226; , $LOCALIZE[31701]]</value>
		<value condition="String.IsEqual(Container(9000).ListItem.Property(widgetType),songs) | String.IsEqual(Container(9000).ListItem.Property(widgetType),musicvideos)">$INFO[ListItem.Artist]$INFO[ListItem.Album, &#8226; ]</value>
		<value condition="String.IsEqual(Container(9000).ListItem.Property(widgetType),tvshows) + Skin.HasSetting(ratings.tvshows.enable)">$INFO[ListItem.Property(Status)]$INFO[ListItem.Year &#8226; ]$INFO[ListItem.Duration, &#8226; , $LOCALIZE[31701]]$INFO[ListItem.Genre, &#8226; ]$INFO[ListItem.Studio, &#8226; ]$VAR[widget:Rating, &#8226; ]</value>
		<value condition="String.IsEqual(Container(9000).ListItem.Property(widgetType),tvshows)">$INFO[ListItem.Property(Status)]$INFO[ListItem.Year &#8226; ]$INFO[ListItem.Duration, &#8226; , $LOCALIZE[31701]]$INFO[ListItem.Genre, &#8226; ]$INFO[ListItem.Studio, &#8226; ]</value>
		<value condition="String.IsEqual(Container(9000).ListItem.Property(widgetType),movies)">$VAR[flag:Type.Video,, &#8226; ]$INFO[ListItem.Year]$INFO[ListItem.Duration, &#8226; , $LOCALIZE[31701]]$INFO[ListItem.Genre, &#8226; ]$INFO[ListItem.Studio, &#8226; ]$VAR[widget:Rating, &#8226; ]</value>
		<value condition="StringCompare(Container(9000).ListItem.Property(widgetType),episodes)">$INFO[ListItem.Season,$LOCALIZE[20373] ]$INFO[ListItem.Episode, - $LOCALIZE[20359] ]$INFO[ListItem.Studio, &#8226; ]$VAR[widget:Rating, &#8226; ]</value>
		<value condition="String.IsEqual(Container(9000).ListItem.Property(widgetType),videos)">$INFO[ListItem.TVShowTitle,,: ]$INFO[ListItem.Season,$LOCALIZE[20373] ]$INFO[ListItem.Episode, - $LOCALIZE[20359] ]$INFO[ListItem.Genre]$INFO[ListItem.Director, &#8226; ]$INFO[ListItem.Studio, &#8226; ]$INFO[ListItem.Year, &#8226; ]$VAR[widget:Rating, &#8226; ]</value>
		<value condition="String.IsEqual(Container(9000).ListItem.Property(widgetType),albums)">$INFO[ListItem.Artist]</value>
		<value condition="String.IsEqual(Container(9000).ListItem.Property(widgetType),playlist)">$INFO[ListItem.Season,$LOCALIZE[20373]]$INFO[ListItem.Episode, - $LOCALIZE[20359] , &#8226; ]$INFO[ListItem.Genre,, &#8226; ]$INFO[ListItem.Studio,, &#8226; ]$INFO[ListItem.Year]</value>
		<value condition="String.IsEqual(Container(9000).ListItem.Property(widgetType),playingmusic)">$INFO[ListItem.Artist]$INFO[ListItem.Album, &#8226; ]</value>
		<value>$INFO[ListItem.Label2]</value>
	</variable>

	<variable name="widget:Item.Description">
		<value condition="String.IsEqual(Container(9000).ListItem.Property(widgetType),weather)">$INFO[ListItem.Property(Temp)]$INFO[ListItem.Property(Feelslike), &#8226; ]$INFO[ListItem.Property(HighTemp)]$INFO[ListItem.Property(LowTemp), &#8226; ]$INFO[ListItem.Property(Wind), &#8226; ][CR]$INFO[ListItem.Property(Updated)]</value>
		<value condition="String.IsEqual(Container(9000).ListItem.Property(widgetType),static)">$INFO[ListItem.Property(Label3)]</value>
		<value condition="!String.IsEmpty(ListItem.Property(Description))">$INFO[ListItem.Property(Description)]</value>
		<value condition="!String.IsEmpty(ListItem.Property(Album_Description))">$INFO[ListItem.Property(Album_Description)]</value>
		<value condition="!String.IsEmpty(ListItem.Property(Artist_Description))">$INFO[ListItem.Property(Artist_Description)]</value>
		<value condition="!String.IsEmpty(ListItem.PlotOutline)">$INFO[ListItem.PlotOutline]</value>
		<value condition="!String.IsEmpty(ListItem.Plot)">$INFO[ListItem.Plot]</value>
		<value>$INFO[ListItem.Year]</value>
	</variable>

	<variable name="widget:Container.Label1">
		<value condition="String.IsEqual(Container(9000).ListItem.Property(widgetType),playingmusic)">$INFO[Player.Filename]</value>
		<value condition="String.IsEqual(Container(9000).ListItem.Property(widgetType),albums)">$INFO[Container(9200).ListItem(0).Label]</value>
		<value condition="String.IsEqual(Container(9000).ListItem.Property(widgetType),episodes)">[COLOR=Color3]$INFO[Container(9200).ListItem(0).TVShowTitle,,: ][/COLOR]$INFO[Container(9200).ListItem(0).Title]</value>
		<value>$INFO[Container(9200).ListItem(0).Label]</value>
	</variable>

	<variable name="widget:Container.Label2">
		<value condition="String.IsEqual(Container(9000).ListItem.Property(widgetType),YouTube)">$INFO[Container(9200).ListItem.Premiered]$INFO[Container(9200).ListItem.Duration, &#8226; , $LOCALIZE[31701]]</value>
		<value condition="String.IsEqual(Container(9000).ListItem.Property(widgetType),songs) | String.IsEqual(Container(9000).ListItem.Property(widgetType),musicvideos)">$INFO[Container(9200).ListItem.Artist]$INFO[Container(9200).ListItem.Album, &#8226; ]</value>
		<value condition="String.IsEqual(Container(9000).ListItem.Property(widgetType),tvshows)">$INFO[Container(9200).ListItem.Property(Status)]$INFO[Container(9200).ListItem.Year &#8226; ]$INFO[Container(9200).ListItem.Duration, &#8226; , $LOCALIZE[31701]]$INFO[Container(9200).ListItem.Genre, &#8226; ]$INFO[Container(9200).ListItem.Studio, &#8226; ]</value>
		<value condition="String.IsEqual(Container(9000).ListItem.Property(widgetType),movies)">$VAR[flag:Type.Video,, &#8226; ]$INFO[Container(9200).ListItem.Year]$INFO[Container(9200).ListItem.Duration, &#8226; , $LOCALIZE[31701]]$INFO[Container(9200).ListItem.Genre, &#8226; ]$VAR[widget:Rating, &#8226; ]</value>
		<value condition="StringCompare(Container(9000).ListItem.Property(widgetType),episodes)">$INFO[Container(9200).ListItem.Season,$LOCALIZE[20373] ]$INFO[Container(9200).ListItem.Episode, - $LOCALIZE[20359] ]$VAR[widget:Rating, &#8226; ]</value>
		<value condition="String.IsEqual(Container(9000).ListItem.Property(widgetType),videos)">$INFO[Container(9200).ListItem.TVShowTitle,,: ]$INFO[Container(9200).ListItem.Season,$LOCALIZE[20373] ]$INFO[Container(9200).ListItem.Episode, - $LOCALIZE[20359] ]$INFO[Container(9200).ListItem.Genre]$INFO[Container(9200).ListItem.Year, &#8226; ]$VAR[widget:Rating, &#8226; ]</value>
		<value condition="String.IsEqual(Container(9000).ListItem.Property(widgetType),albums)">$INFO[Container(9200).ListItem.Artist]</value>
		<value condition="String.IsEqual(Container(9000).ListItem.Property(widgetType),playlist)">$INFO[Container(9200).ListItem.Season,$LOCALIZE[20373]]$INFO[Container(9200).ListItem.Episode, - $LOCALIZE[20359] , &#8226; ]$INFO[Container(9200).ListItem.Genre,, &#8226; ]$INFO[Container(9200).ListItem.Studio,, &#8226; ]$INFO[Container(9200).ListItem.Year]</value>
		<value condition="String.IsEqual(Container(9000).ListItem.Property(widgetType),playingmusic)">$INFO[Container(9200).ListItem.Artist]$INFO[Container(9200).ListItem.Album, &#8226; ]</value>
		<value>$INFO[Container(9200).ListItem.Label2]</value>
	</variable>

	<variable name="widget:Rating">
		<value condition="!Skin.HasSetting(ratings.enable) + Skin.HasSetting(ratings.pg.enable)">$INFO[Container(9200).ListItem.MPAA]</value>
		<value condition="Skin.HasSetting(ratings.enable) + Skin.HasSetting(ratings.user.enable) + Skin.HasSetting(ratings.pg.enable) + !IsEmpty(ListItem.UserRating)">$INFO[Container(9200).ListItem.UserRating,$LOCALIZE[563]: ]$INFO[Container(9200).ListItem.MPAA, &#8226; ]</value>
		<value condition="Skin.HasSetting(ratings.enable) + Skin.HasSetting(ratings.user.enable)">$INFO[Container(9200).ListItem.UserRating,$LOCALIZE[563]: ]</value>
		<value condition="Skin.HasSetting(ratings.enable) + Skin.HasSetting(ratings.pg.enable)">$INFO[Container(9200).ListItem.Rating]$INFO[Container(9200).ListItem.MPAA, &#8226; ]</value>
		<value condition="Skin.HasSetting(ratings.enable)">$INFO[Container(9200).ListItem.Rating]</value>
		<value></value>
	</variable>


	<variable name="widget:Icon">
		<value condition="!Integer.IsGreater(Container(9200).NumItems,0)">navigation/D-None.png</value>
		<value condition="String.IsEqual(Skin.String(homemenu.type),horizontal) + ![Control.HasFocus(9000) | Control.HasFocus(9100)]">navigation/D-LeftRight.png</value>
		<value condition="String.IsEqual(Skin.String(homemenu.type),horizontal)">navigation/D-Up.png</value>
		<value condition="String.IsEqual(Skin.String(homemenu.type),vertical) + ![Control.HasFocus(9000) | Control.HasFocus(9100)]">navigation/D-UpDown.png</value>
		<value condition="String.IsEqual(Skin.String(homemenu.type),vertical)">navigation/D-Right.png</value>
	</variable>

	<variable name="widget:ArtFallback">
		<value condition="String.IsEqual(Skin.String(homemenu.type),alternate)">$INFO[ListItem.Art(poster)]</value>
		<value condition="String.IsEmpty(ListItem.Art(fanart))">$INFO[ListItem.Art(thumb)]</value>
		<value condition="!String.IsEmpty(ListItem.Art(fanart))">$INFO[ListItem.Art(fanart)]</value>
		<value>$INFO[ListItem.FilenameAndPath]</value>
	</variable>


<!--MENU-->
	<variable name="menu:LayoutSwitch">
		<value condition="Control.IsVisible(52)">$LOCALIZE[31120]: $LOCALIZE[31122]</value>
		<value condition="Control.IsVisible(521)">$LOCALIZE[31120]: $LOCALIZE[31121]</value>
		<value condition="Control.IsVisible(522)">$LOCALIZE[31120]: $LOCALIZE[31122]</value>
		<value condition="Control.IsVisible(53)">$LOCALIZE[31120]: $LOCALIZE[31126]</value>
		<value condition="Control.IsVisible(531)">$LOCALIZE[31120]: $LOCALIZE[31125]</value>
		<value condition="Control.IsVisible(54)">$LOCALIZE[31120]: $LOCALIZE[31124]</value>
		<value condition="Control.IsVisible(541)">$LOCALIZE[31120]: $LOCALIZE[31123]</value>
		<value condition="Control.IsVisible(57)">$LOCALIZE[31120]: $LOCALIZE[31123]</value>
		<value condition="Control.IsVisible(571)">$LOCALIZE[31120]: $LOCALIZE[31124]</value>
		<value condition="Control.IsVisible(572)">$LOCALIZE[31120]: $LOCALIZE[31123]</value>
		<value condition="Control.IsVisible(574)">$LOCALIZE[31120]: $LOCALIZE[31124]</value>
	</variable>

	<variable name="menu:Playing">
		<value condition="Player.HasVideo">$LOCALIZE[31125]</value>
		<value condition="Player.HasAudio">$LOCALIZE[31035]</value>
		<value condition="Player.HasAudio | !Player.HasMedia">$LOCALIZE[13350]</value>
	</variable>

<!--GLOBAL-->
	<variable name="media:Title">
		<value condition="Window.IsActive(videoplaylist) + !String.IsEmpty(ListItem.TVShowTitle)">$INFO[ListItem.Title]</value>
		<value condition="Window.IsActive(videoplaylist) + String.IsEmpty(ListItem.TVShowTitle)">$INFO[ListItem.Label]</value>
		<value condition="Container.Content(tvshows) + String.Contains(Container.FolderPath,plugin://script.skin.helper.service/?action=nextairedtvshows)">$INFO[ListItem.TVShowTitle,,: ]$INFO[ListItem.Label]</value>
		<value condition="Container.Content(episodes) + [String.Contains(Container.FolderName,$LOCALIZE[20387]) | String.Contains(Container.FolderPath,special://skin/playlists/) | String.Contains(Container.FolderPath,special://profile/playlists/) | String.Contains(Container.FolderPath,plugin://script.skin.helper.service/?action=nextepisodes)] + !String.IsEmpty(ListItem.Title)">$INFO[ListItem.TVShowTitle]$INFO[ListItem.Title,: ]</value>
		<value condition="Container.Content(episodes) + !String.IsEmpty(ListItem.Title)">$INFO[ListItem.Title]</value>
		<value condition="Window.IsActive(tvrecordings) | Window.IsActive(radiorecordings)">[B]$INFO[ListItem.ChannelNumber,,  ][/B]$INFO[ListItem.Label]</value>
		<value condition="Container.Content(musicvideos) + !String.IsEmpty(ListItem.Title)">$INFO[ListItem.Title]</value>
		<value condition="[String.Contains(Container.FolderPath,musicdb://singles/) | String.Contains(Container.FolderPath,musicdb://top100/songs/)] + !String.IsEmpty(ListItem.Title)">$INFO[ListItem.Title]</value>
		<value condition="Container.Content(songs) + !String.IsEmpty(ListItem.Title)">$INFO[ListItem.Tracknumber,,. ]$INFO[ListItem.Title]</value>
		<value condition="Window.IsActive(tvchannels)">$INFO[ListItem.ChannelNumber]$INFO[ListItem.Label,. ]</value>
		<value>$INFO[ListItem.Label]</value>
	</variable>

	<variable name="media:Rating">
		<value condition="!Skin.HasSetting(ratings.enable) + Skin.HasSetting(ratings.pg.enable)">$INFO[ListItem.MPAA]</value>
		<value condition="Skin.HasSetting(ratings.enable) + Skin.HasSetting(ratings.user.enable) + Skin.HasSetting(ratings.pg.enable) + !IsEmpty(ListItem.UserRating)">$INFO[ListItem.UserRating,$LOCALIZE[563]: ]$INFO[ListItem.MPAA, &#8226; ]</value>
		<value condition="Skin.HasSetting(ratings.enable) + Skin.HasSetting(ratings.user.enable)">$INFO[ListItem.UserRating,$LOCALIZE[563]: ]</value>
		<value condition="Skin.HasSetting(ratings.enable) + Skin.HasSetting(ratings.pg.enable)">$INFO[ListItem.Rating]$INFO[ListItem.MPAA, &#8226; ]</value>
		<value condition="Skin.HasSetting(ratings.enable)">$INFO[ListItem.Rating]</value>
		<value condition="Skin.HasSetting(ratings.enable)">$INFO[ListItem.Rating]</value>
		<value></value>
	</variable>

	<variable name="media:Info">
		<value condition="Container.Content(movies)">$VAR[flag:Type.Video,, &#8226; ]$INFO[ListItem.Year]$INFO[ListItem.Duration, &#8226; , $LOCALIZE[31701]]$VAR[media:Rating, &#8226; ]$INFO[ListItem.Genre, &#8226; ]</value>
		<value condition="Container.Content(sets)">$INFO[ListItem.Year]</value>
		<value condition="Container.Content(tvshows) + String.Contains(Container.FolderPath,plugin://script.skin.helper.service/?action=nextairedtvshows)">$INFO[ListItem.Season,$LOCALIZE[20373] , - ]$INFO[ListItem.Episode,$LOCALIZE[20359] ]$VAR[media:Rating, &#8226; ]</value>
		<value condition="Container.Content(tvshows) + !String.IsEmpty(ListItem.Property(UnWatchedEpisodes))">$INFO[ListItem.Property(UnWatchedEpisodes)] $VAR[media:UnwatchedCount]$VAR[media:Rating, &#8226; ]</value>
  		<value condition="Container.Content(seasons) + !String.IsEmpty(ListItem.Property(UnWatchedEpisodes))">$INFO[ListItem.Property(UnWatchedEpisodes)] $VAR[media:UnwatchedCount]</value>
  		<value condition="Container.Content(seasons)">$INFO[ListItem.Genre]</value>
 +		<value condition="Container.Content(episodes) + ListItem.Property(IsSpecial)">$LOCALIZE[20381]$INFO[ListItem.Episode, - ]$INFO[ListItem.Premiered, &#8226; ]$INFO[ListItem.Rating, &#8226; ]$VAR[flag:Type.Video, &#8226; ]$VAR[media:Rating, &#8226; ]</value>
 +		<value condition="Container.Content(episodes) + !IsEmpty(ListItem.Season)">$INFO[ListItem.Season,$LOCALIZE[20373] , - ]$INFO[ListItem.Episode,$LOCALIZE[20359] ]$INFO[ListItem.Premiered, &#8226; ]$VAR[media:Rating, &#8226; ]$VAR[flag:Type.Video, &#8226; ]</value>
 +		<value condition="Container.Content(episodes)">$INFO[ListItem.Studio]$INFO[ListItem.Genre,,&#8226; ]$INFO[ListItem.Duration, &#8226; , $LOCALIZE[12391]]$INFO[ListItem.Date, &#8226; ]$VAR[media:Rating, &#8226; ]</value>
  		<value condition="Container.Content(musicvideos)">$INFO[ListItem.Artist]$INFO[ListItem.Album, &#8226; ]$VAR[flag:Type.Video, &#8226; ]</value>
  		<value condition="Container.Content(files) + !String.Contains(Container.FolderPath,plugin://)">$VAR[flag:Type.Video,, &#8226; ]$INFO[ListItem.Date]$INFO[ListItem.Size, &#8226; ]$INFO[ListItem.Duration, &#8226; , $LOCALIZE[12391]]</value>
		<value condition="Container.Content(artists) + !String.IsEmpty(ListItem.Property(Artist_Genre))">$INFO[ListItem.Property(Artist_Genre)]</value>
		<value condition="Container.Content(artists) + !String.IsEmpty(ListItem.Artist)">$LOCALIZE[31145]</value>
		<value condition="Container.Content(albums)">$INFO[ListItem.Artist]$INFO[ListItem.Year, &#8226; ]</value>
		<value condition="Container.Content(songs) + String.Contains(Container.FolderPath,addons://sources/)">$INFO[ListItem.AddonSummary]</value>
		<value condition="Container.Content(songs)">$INFO[ListItem.Artist]$INFO[ListItem.FileExtension, &#8226; ]</value>
		<value condition="Container.Content(addons) + String.Contains(Container.FolderPath,addons://sources/)">$INFO[ListItem.AddonSummary]</value>
		<value condition="Container.Content(addons) + [String.Contains(Container.FolderPath,addons://outdated/) | String.Contains(Container.FolderPath,//disabled/) | String.Contains(Container.FolderPath,//enabled/)]">$INFO[ListItem.AddonVersion,$LOCALIZE[24051] ]</value>
		<value condition="Container.Content(addons)">$INFO[ListItem.AddonVersion,$LOCALIZE[24051] ]$INFO[ListItem.Property(Addon.Status), &#8226; ]</value>
		<!--aa-->
		<value condition="Window.IsActive(programs) + Container.HasFiles">$INFO[ListItem.Writer]$INFO[ListItem.Genre, &#8226; ]$INFO[ListItem.Studio, &#8226; ]</value>
		<!---->
		<value condition="Window.IsActive(pictures) + !String.IsEmpty(ListItem.PictureLongDateTime)">$INFO[ListItem.PictureLongDateTime]</value>
		<value condition="Window.IsActive(pictures) + !String.Contains(Container.FolderPath,addons://sources/)">$INFO[ListItem.Date]</value>
		<value condition="Window.IsActive(videoplaylist) + String.IsEmpty(ListItem.Title)">$VAR[flag:Type.Video,, &#8226; ]$INFO[ListItem.Duration,, $LOCALIZE[31701]] $INFO[ListItem.Size, &#8226; ]$INFO[ListItem.Date, &#8226; ]</value>
		<value condition="Window.IsActive(videoplaylist) + !String.IsEmpty(ListItem.TVShowTitle) + String.IsEmpty(ListItem.Artist)">$INFO[ListItem.TVShowTitle,,: ]$INFO[ListItem.Season,$LOCALIZE[20373] , -] $INFO[ListItem.Episode,$LOCALIZE[20359] ]</value>
		<value condition="Window.IsActive(videoplaylist) + String.IsEmpty(ListItem.TVShowTitle) + String.IsEmpty(ListItem.Artist)">$VAR[flag:Type.Video,, &#8226; ]$INFO[ListItem.Genre]</value>
		<value condition="Window.IsActive(videoplaylist) + !String.IsEmpty(ListItem.Artist)">$INFO[ListItem.Artist]</value>
		<value condition="Window.IsActive(videoplaylist) + String.IsEmpty(ListItem.TVShowTitle) + String.IsEmpty(ListItem.Artist) + String.IsEmpty(Listitem.Genre)">$INFO[ListItem.Path]</value>
		<value condition="Window.IsActive(tvrecordings) | Window.IsActive(radiorecordings)">$INFO[ListItem.StartDate,, - ]$INFO[ListItem.StartTime]$INFO[ListItem.ChannelName, &#8226; ]</value>
		<value condition="Window.IsActive(tvchannels) | Window.IsActive(radiochannels)">$INFO[ListItem.Title,, &#8226; ]$INFO[ListItem.NextTitle,$LOCALIZE[209]: ]</value>
		<value condition="!String.Contains(ListItem.Icon,DefaultFolder) + Container.HasFiles">$LOCALIZE[31151]</value>
	</variable>

	<variable name="media:Info.Addon">
		<value condition="[Container.Content(movies) | Container.Content(tvshows)] + !String.IsEmpty(ListItem.Duration)">$INFO[ListItem.Duration,, $LOCALIZE[31701]]$INFO[ListItem.Genre, &#8226; ]</value>
		<value condition="[Container.Content(movies) | Container.Content(tvshows)] + !String.IsEmpty(ListItem.Genre)">$INFO[ListItem.Genre]</value>
		<value condition="Container.Content(episodes) + !String.IsEmpty($INFO[ListItem.Season)">$INFO[ListItem.Season,$LOCALIZE[20373] , - ]$INFO[ListItem.Episode,, &#8226; $LOCALIZE[20359]]$INFO[ListItem.Premiered]</value>
		<value>$INFO[ListItem.Studio]$INFO[ListItem.Genre, &#8226; ]$INFO[ListItem.Duration, &#8226; , $LOCALIZE[12391]]$INFO[ListItem.Date, &#8226; ]</value>
	</variable>

	<variable name="media:Tagline">
		<value condition="!String.IsEmpty(ListItem.Property(Tagline))">$INFO[ListItem.Property(Tagline)]</value>
		<value condition="String.IsEmpty(ListItem.Property(Tagline)) + !String.IsEmpty(ListItem.Property(PlotOutline))">$INFO[ListItem.Property(PlotOutline)]</value>
		<value condition="String.IsEmpty(ListItem.Property(Tagline)) + String.IsEmpty(ListItem.Property(PlotOutline))">$INFO[ListItem.Property(Plot)]</value>
	</variable>

	<variable name="media:Plot">
		<value condition="Container.Content(artists) + !String.IsEmpty(ListItem.Property(Artist_Description))">$INFO[ListItem.Property(Artist_Description)]</value>
		<value condition="Container.Content(albums) + !String.IsEmpty(ListItem.Property(Album_Description))">$INFO[ListItem.Property(Album_Description)]</value>
		<value condition="Container.Content(seasons) + !String.IsEmpty(ListItem.Title) + !String.IsEmpty(ListItem.Property(UnWatchedEpisodes))">$INFO[Container.ShowPlot]</value>
		<value condition="[Container.Content(addons) | Window.IsActive(programs)] + !String.Contains(ListItem.Icon,DefaultFolder)">$INFO[ListItem.AddonDescription]</value>
		<value condition="Control.IsVisible(50) + Container.Content(movies) + !String.IsEmpty(ListItem.Plotoutline)">[UPPERCASE][B]$INFO[ListItem.Tagline,,[CR]][/B][/UPPERCASE]$INFO[ListItem.Plotoutline]</value>
		<value condition="Control.IsVisible(50) + Container.Content(movies) + String.IsEmpty(ListItem.Plotoutline)">[UPPERCASE][B]$INFO[ListItem.Tagline,,[CR]][/B][/UPPERCASE]$INFO[ListItem.Plot]</value>
		<value condition="Control.IsVisible(50) + Container.Content(tvshows) + !String.IsEmpty(ListItem.Plot)">[UPPERCASE][B]$VAR[media:NextAired.Info,,[CR]][/B][/UPPERCASE]$INFO[ListItem.Plot]</value>
		<value condition="!String.IsEmpty(ListItem.Plotoutline)">$INFO[ListItem.Plotoutline]</value>
		<value>$INFO[ListItem.Plot]</value>
	</variable>

	<variable name="media:PlayingDescription">
		<value condition="!String.IsEmpty(MusicPlayer.Property(Album_Description))">$INFO[MusicPlayer.Property(Album_Description)]</value>
		<value condition="!String.IsEmpty(MusicPlayer.Property(Artist_Description))">$INFO[MusicPlayer.Property(Artist_Description)]</value>
	</variable>

	<variable name="media:NextAired.Info">
		<value condition="String.IsEqual(Window(Home).Property(NextAired.Status),cancelled/ended)">$INFO[Window(Home).Property(NextAired.Status)]</value>
		<value condition="!String.IsEmpty(Window(Home).Property(NextAired.NextDate))">$INFO[Window(Home).Property(NextAired.Status)]$INFO[Window(Home).Property(NextAired.NextDate), &#8226; $LOCALIZE[31502] ]</value>
		<value condition="String.IsEmpty(Window(Home).Property(NextAired.NextDate))">$INFO[Window(Home).Property(NextAired.Status)]$INFO[Window(Home).Property(NextAired.LatestDate), &#8226; $LOCALIZE[31501] ]</value>
	</variable>

	<variable name="media:EpisodeCount">
		<value condition="Integer.IsGreater(ListItem.Episode,1) | String.IsEqual(ListItem.Episode,0)">$LOCALIZE[20360]</value>
		<value condition="String.IsEqual(ListItem.Episode,1)">$LOCALIZE[20359]</value>
	</variable>

	<variable name="media:UnwatchedCount">
		<value condition="Integer.IsGreater(ListItem.Property(UnWatchedEpisodes),1) | String.IsEqual(ListItem.Property(UnWatchedEpisodes),0)">$LOCALIZE[31148]</value>
		<value condition="String.IsEqual(ListItem.Property(UnWatchedEpisodes),1)">$LOCALIZE[31147]</value>
	</variable>

	<variable name="info:MovieCount">
		<value condition="Integer.IsGreater(Window.Property(actor.DBMovies),1) | String.IsEqual(Window.Property(actor.DBMovies),0)">$LOCALIZE[36901]</value>
		<value condition="String.IsEqual(Window.Property(actor.DBMovies),1)">$LOCALIZE[36900]</value>
	</variable>

	<variable name="info:AlbumCount">
		<value condition="Integer.IsGreater(Container(50).NumItems,1) | String.IsEqual(Container(50).NumItems,0)">$LOCALIZE[132]</value>
		<value condition="String.IsEqual(Container(50).NumItems,1)">$LOCALIZE[558]</value>
	</variable>

	<variable name="info:DiscCount">
		<value condition="Integer.IsGreater(Window(Home).Property(Album.Songs.Discs),1) | String.IsEqual(Window(Home).Property(Album.Songs.Discs),0)">$LOCALIZE[14087]</value>
		<value condition="String.IsEqual(Window(Home).Property(Album.Songs.Discs),1)">$LOCALIZE[427]</value>
	</variable>

	<variable name="info:SongCount">
		<value condition="Integer.IsGreater(Window(Home).Property(Album.Songs.Count),1) | String.IsEqual(Window(Home).Property(Album.Songs.Count),0)">$LOCALIZE[134]</value>
		<value condition="String.IsEqual(Window(Home).Property(Album.Songs.Count),1)">$LOCALIZE[179]</value>
	</variable>


<!--ART TYPES-->
	<variable name="art:Logo">
		<value condition="[Container.Content(movies) | Container.Content(tvshows)] + Control.IsVisible(531)">$INFO[ListItem.Art(clearlogo)]</value>
		<value condition="Container.Content(movies) + Skin.HasSetting(logos.movies.enable) + [String.IsEmpty(ListItem.Art(landscape)) | [!String.IsEmpty(ListItem.Art(landscape)) + !Skin.HasSetting(landscapethumb.enable)]]">$INFO[ListItem.Art(clearlogo)]</value>
		<value condition="Container.Content(tvshows) + Skin.HasSetting(logos.tvshows.enable) + [String.IsEmpty(ListItem.Art(landscape)) | [!String.IsEmpty(ListItem.Art(landscape)) + !Skin.HasSetting(landscapethumb.enable)]]">$INFO[ListItem.Art(clearlogo)]</value>
		<value condition="Container.Content(episodes) + Skin.HasSetting(logos.tvshows.enable) + [String.IsEqual(Container.FolderPath,videodb://recentlyaddedepisodes/) | String.IsEqual(Container.FolderPath,special://skin/playlists/video/episodes-unwatched.xsp) | String.Contains(Container.FolderPath,plugin://script.skin.helper.service/?action=nextepisodes)]">$INFO[ListItem.Art(tvshow.clearlogo)]</value>
		<value condition="Window.IsActive(script-NextAired-TVGuide.xml) | Window.IsActive(script-NextAired-TVGuide2.xml)">$INFO[ListItem.Property(Art(clearlogo))]</value>
	</variable>

	<variable name="art:Container">
		<value condition="!String.IsEmpty(ListItem.Art(fanart))">$INFO[ListItem.Art(fanart)]</value>
		<value>backgrounds/defaults/video.jpg</value>
	</variable>

	<variable name="art:Landscape">
		<value condition="Window.IsActive(pictures)">$INFO[ListItem.FilenameAndPath]</value>
		<value condition="Container.Content(sets)">$INFO[Container.Art(set.fanart)]</value>
		<value condition="[Container.Content(artists) | [Control.IsVisible(531) + [Container.Content(movies) | Container.Content(tvshows)]] | String.Contains(Container.FolderPath,pvr://recordings/)] + !String.IsEmpty(ListItem.Art(fanart))">$INFO[ListItem.Art(fanart)]</value>
		<value condition="[Container.Content(artists) | [Control.IsVisible(531) + [Container.Content(movies) | Container.Content(tvshows)]] | String.Contains(Container.FolderPath,pvr://recordings/)] + String.IsEmpty(ListItem.Art(fanart))">$INFO[ListItem.Art(thumb)]</value>
		<value condition="Container.Content(episodes) | Container.Content(files) | String.Contains(Container.FolderPath,plugin://plugin.)">$INFO[ListItem.Art(thumb)]</value>
		<value condition="[Container.Content(movies) | Container.Content(tvshows)] + !Skin.HasSetting(landscapethumb.enable) | [Skin.HasSetting(landscapethumb.enable) + String.IsEmpty(ListItem.Art(landscape))]">$INFO[ListItem.Art(fanart)]</value>
		<value condition="[Container.Content(movies) | Container.Content(tvshows)] + Skin.HasSetting(landscapethumb.enable)">$INFO[ListItem.Art(landscape)]</value>
		<value>$INFO[ListItem.Art(thumb)]</value>
	</variable>

	<variable name="art:Cards">
		<value condition="[Container.Content(movies) | Container.Content(tvshows)] + String.IsEmpty(ListItem.Art(landscape))">$INFO[ListItem.Art(fanart)]</value>
		<value condition="Container.Content(movies) | Container.Content(tvshows)">$INFO[ListItem.Art(landscape)]</value>
		<value>$INFO[ListItem.Art(thumb)]</value>
	</variable>

	<variable name="art:Portrait">
		<value condition="Container.Content(actors) + String.IsEmpty(ListItem.Art(thumb))">thumbs/default_Actor.png</value>
		<value condition="Container.Content(actors) + !String.IsEmpty(ListItem.Art(thumb))">$INFO[ListItem.Art(thumb)]</value>
		<value condition="!String.IsEmpty(ListItem.Art(season.poster))">$INFO[ListItem.Art(season.poster)]</value>
		<value condition="!String.IsEmpty(ListItem.Art(tvshow.poster)) + !Container.Content(seasons)">$INFO[ListItem.Art(tvshow.poster)]</value>
		<value condition="!String.IsEmpty(ListItem.Art(poster))">$INFO[ListItem.Art(poster)]</value>
		<value condition="String.IsEmpty(ListItem.Art(poster))">$INFO[ListItem.Art(thumb)]</value>
		<value>$INFO[Container.SeasonThumb]</value>
	</variable>

	<variable name="art:Banner">
		<value condition="!String.IsEmpty(ListItem.Art(banner))">$INFO[ListItem.Art(banner)]</value>
		<value condition="String.IsEmpty(ListItem.Art(banner)) + !String.IsEmpty(ListItem.Art(fanart))">$INFO[ListItem.Art(fanart)]</value>
		<value>$INFO[ListItem.Art(thumb)]</value>
	</variable>

	<variable name="art:Square">
		<value condition="!String.IsEmpty(ListItem.Art(thumb))">$INFO[ListItem.Art(thumb)]</value>
		<value condition="!String.Contains(ListItem.Icon,Default)">$INFO[ListItem.Icon]</value>
	</variable>

	<variable name="weather:LongDay">
		<value condition="String.IsEqual(Container(9200).ListItem.Property(Longday),$LOCALIZE[41])">$LOCALIZE[11]</value>
		<value condition="String.IsEqual(Container(9200).ListItem.Property(Longday),$LOCALIZE[42])">$LOCALIZE[12]</value>
		<value condition="String.IsEqual(Container(9200).ListItem.Property(Longday),$LOCALIZE[43])">$LOCALIZE[13]</value>
		<value condition="String.IsEqual(Container(9200).ListItem.Property(Longday),$LOCALIZE[44])">$LOCALIZE[14]</value>
		<value condition="String.IsEqual(Container(9200).ListItem.Property(Longday),$LOCALIZE[45])">$LOCALIZE[15]</value>
		<value condition="String.IsEqual(Container(9200).ListItem.Property(Longday),$LOCALIZE[46])">$LOCALIZE[16]</value>
		<value condition="String.IsEqual(Container(9200).ListItem.Property(Longday),$LOCALIZE[47])">$LOCALIZE[17]</value>
		<value>$LOCALIZE[31605]</value>
	</variable>


<!--OSD-->
	<variable name="player:Title">
		<value condition="Window.IsActive(visualisation) | Window.IsActive(slideshow)">$INFO[MusicPlayer.Title]</value>
		<value condition="VideoPlayer.Content(livetv)">$INFO[VideoPlayer.ChannelNumber,,. ]$INFO[VideoPlayer.Title]</value>
		<value condition="VideoPlayer.Content(episodes)">[COLOR=Color3]$INFO[VideoPlayer.TVShowTitle,,: ][/COLOR]$INFO[VideoPlayer.Title]</value>
		<value condition="VideoPlayer.Content(movies) | VideoPlayer.Content(musicvideos) | VideoPlayer.Content(files)">$INFO[VideoPlayer.Title]</value>
	</variable>

	<variable name="player:Info">
		<value condition="Player.HasAudio">$INFO[MusicPlayer.Artist]</value>
		<value condition="Player.HasAudio">$INFO[MusicPlayer.Artist]</value>
  		<value condition="VideoPlayer.Content(files)">$INFO[Player.FolderPath]$INFO[VideoPlayer.VideoResolution, &#8226; ,P]</value>
  		<value condition="VideoPlayer.Content(movies)">$INFO[VideoPlayer.Genre]$INFO[VideoPlayer.Director, &#8226; ]$INFO[VideoPlayer.Studio, &#8226; ]$INFO[VideoPlayer.Year, &#8226; ]$INFO[VideoPlayer.VideoResolution, &#8226; ,P]</value>
 +		<value condition="VideoPlayer.Content(episodes) + Skin.HasSetting(ratings.tvshows.enable)">$INFO[VideoPlayer.Season,$LOCALIZE[20373] , - ]$INFO[VideoPlayer.Episode,$LOCALIZE[20359] ]$INFO[VideoPlayer.Rating, &#8226; , &#8226; ]$INFO[VideoPlayer.VideoResolution,,P]</value>
  		<value condition="VideoPlayer.Content(episodes)">$INFO[VideoPlayer.Season,$LOCALIZE[20373] , - ]$INFO[VideoPlayer.Episode,$LOCALIZE[20359] ]$INFO[VideoPlayer.VideoResolution, &#8226; ,P]</value>
  		<value condition="VideoPlayer.Content(musicvideos)">$INFO[VideoPlayer.Artist]$INFO[VideoPlayer.Album, &#8226; ]$INFO[VideoPlayer.Year, &#8226; ]$INFO[VideoPlayer.VideoResolution, &#8226; ,P]</value>
  		<value condition="VideoPlayer.Content(livetv)">$INFO[VideoPlayer.ChannelName,, &#8226; ]$INFO[VideoPlayer.NextTitle,$LOCALIZE[209]: ] ($INFO[VideoPlayer.Endtime])</value>
	</variable>

	<variable name="player:Art">
		<value condition="Player.HasAudio">$INFO[MusicPlayer.Cover]</value>
		<value condition="VideoPlayer.Content(LiveTV)">$INFO[Player.Art(thumb)]</value>
		<value condition="VideoPlayer.Content(movies) + [[Skin.HasSetting(landscapethumb.enable) + String.IsEmpty(Player.Art(landscape))] | !Skin.HasSetting(landscapethumb.enable)]">$INFO[Player.Art(fanart)]</value>
		<value condition="VideoPlayer.Content(movies) + Skin.HasSetting(landscapethumb.enable) + !String.IsEmpty(Player.Art(landscape))">$INFO[Player.Art(landscape)]</value>
		<value condition="VideoPlayer.Content(episodes) + [[Skin.HasSetting(landscapethumb.enable) + String.IsEmpty(Player.Art(landscape))] | !Skin.HasSetting(landscapethumb.enable)]">$INFO[Player.Art(fanart)]</value>
		<value condition="VideoPlayer.Content(episodes) + Skin.HasSetting(landscapethumb.enable) + !String.IsEmpty(Player.Art(tvshow.landscape))">$INFO[Player.Art(tvshow.landscape)]</value>
		<value condition="!String.IsEmpty(Player.Art(fanart))">$INFO[Player.Art(fanart)]</value>
		<value condition="!String.IsEmpty(Player.Art(poster))">$INFO[Player.Art(poster)]</value>
		<value condition="!String.IsEmpty(Player.Art(thumb))">$INFO[Player.Art(thumb)]</value>
		<value condition="String.IsEmpty(Player.Art(thumb))">thumbs/default_Landscape.png</value>
	</variable>

	<variable name="player:Logo">
		<value condition="VideoPlayer.Content(movies) + Skin.HasSetting(logos.movies.enable) + [!Skin.HasSetting(landscapethumb.enable) | [Skin.HasSetting(landscapethumb.enable) + String.IsEmpty(Player.Art(landscape))]]">$INFO[Player.Art(clearlogo)]</value>
		<value condition="VideoPlayer.Content(episodes) + Skin.HasSetting(logos.tvshows.enable) + [!Skin.HasSetting(landscapethumb.enable) | [Skin.HasSetting(landscapethumb.enable) + String.IsEmpty(Player.Art(landscape))]]">$INFO[Player.Art(tvshow.clearlogo)]</value>
	</variable>

	<variable name="player:Fanart">
		<value condition="!String.IsEmpty(Window(Visualisation).Property(ArtistSlideshow)) + !String.IsEmpty(Window.Property(ArtistSlideshow.ArtworkReady))">$INFO[Window(Visualisation).Property(ArtistSlideshow)]</value>
		<value condition="!String.IsEmpty(Player.Art(fanart))">$INFO[Player.Art(fanart)]</value>
		<value condition="!String.IsEmpty(MusicPlayer.Cover)">$INFO[MusicPlayer.Cover]</value>
		<value>special://skin/backgrounds/music.jpg</value>
	</variable>

	<variable name="player:Description">
		<value condition="Player.HasAudio + Window.IsVisible(visualisation) + MusicPlayer.HasNext">$INFO[MusicPlayer.Offset(1).Artist,[B]$LOCALIZE[209]: [/B]]$INFO[MusicPlayer.Offset(1).Title, - ] ($INFO[MusicPlayer.PlaylistPosition,]$INFO[MusicPlayer.PlaylistLength,/])</value>
		<value condition="Player.HasAudio + !String.IsEmpty(MusicPlayer.Property(Album_Description))">$INFO[MusicPlayer.Property(Album_Description)]</value>
		<value condition="Player.HasAudio + !String.IsEmpty(MusicPlayer.Property(Artist_Description))">$INFO[MusicPlayer.Property(Artist_Description)]</value>
		<value condition="Player.HasVideo + !String.IsEmpty(VideoPlayer.Plotoutline)">$INFO[VideoPlayer.Plotoutline]</value>
		<value condition="Player.HasVideo">$INFO[VideoPlayer.Plot]</value>
		<value>$LOCALIZE[3152]</value>
	</variable>

	<variable name="player:Status">
		<value condition="[Player.Paused + !Player.Caching] + !Player.Seeking">$LOCALIZE[112]</value>
		<value condition="!String.IsEmpty(Player.SeekStepSize) + ![Player.Forwarding | Player.Rewinding]">$LOCALIZE[773] $INFO[Player.SeekStepSize]</value>
		<value condition="Player.DisplayAfterSeek + ![Player.Forwarding | Player.Rewinding]">$LOCALIZE[31034] $INFO[Player.SeekOffset]</value>
		<value condition="!Player.DisplayAfterSeek + Player.Seeking">$LOCALIZE[773]</value>
		<value condition="Player.Rewinding">$LOCALIZE[31300] $VAR[player:Speed]</value>
		<value condition="Player.Forwarding">$LOCALIZE[31301] $VAR[player:Speed]</value>
	</variable>

	<variable name="player:Speed">
		<value condition="Player.Forwarding2x | Player.Rewinding2x">2x</value>
		<value condition="Player.Forwarding4x | Player.Rewinding4x">4x</value>
		<value condition="Player.Forwarding8x | Player.Rewinding8x">8x</value>
		<value condition="Player.Forwarding16x | Player.Rewinding16x">16x</value>
		<value condition="Player.Forwarding32x | Player.Rewinding32x">32x</value>
	</variable>

	<variable name="player:Subtitles">
		<value condition="!String.IsEmpty(VideoPlayer.SubtitlesLanguage)">$LOCALIZE[31321] ($INFO[VideoPlayer.SubtitlesLanguage])</value>
		<value>$LOCALIZE[31321]</value>
	</variable>

	<variable name="player:Time">
		<value condition="!VideoPlayer.Content(LiveTV)">$INFO[Player.Time(hh:mm:ss)]</value>
		<value>$INFO[Player.StartTime(hh:mm:ss)]</value>
	</variable>

	<variable name="player:Duration">
		<value condition="!VideoPlayer.Content(LiveTV)">$INFO[Player.Duration(hh:mm:ss)]</value>
		<value>$INFO[Player.FinishTime(hh:mm:ss)]</value>
	</variable>

	<variable name="player:Progress">
		<value condition="!VideoPlayer.Content(LiveTV)">Player.Progress</value>
		<value>Pvr.Progress</value>
	</variable>

	<variable name="player:Decoder">
		<value condition="Player.Process(videohwdecoder)">$LOCALIZE[31303]</value>
		<value>$LOCALIZE[31304]</value>
	</variable>

	<variable name="player:InfoToggle">
		<value condition="VideoPlayer.Content(livetv)">$LOCALIZE[19047]</value>
		<value condition="VideoPlayer.Content(movies)">$LOCALIZE[24007]</value>
		<value condition="VideoPlayer.Content(episodes)">$LOCALIZE[20352]</value>
		<value condition="VideoPlayer.Content(musicvideos)">$LOCALIZE[20393]</value>
		<value>$LOCALIZE[20159]</value>
	</variable>

	<variable name="playlist_Type">
		<value condition="Window.IsActive(Videos) + !String.IsEqual(Playlist.Length(video),0)">ActivateWindow(videoplaylist)</value>
		<value condition="Window.IsActive(Music) + !String.IsEqual(Playlist.Length(music),0)">ActivateWindow(musicplaylist)</value>
	</variable>


<!--MEDIA VIEWS-->
	<variable name="nextaired_Header">
		<value condition="String.IsEqual(Window(Home).Property(tvguide),monday)">$INFO[Container(200).Listitem.Property(NextDate),$LOCALIZE[11] ]</value>
		<value condition="String.IsEqual(Window(Home).Property(tvguide),tuesday)">$INFO[Container(201).Listitem.Property(NextDate),$LOCALIZE[12] ]</value>
		<value condition="String.IsEqual(Window(Home).Property(tvguide),wednesday)">$INFO[Container(202).Listitem.Property(NextDate),$LOCALIZE[13] ]</value>
		<value condition="String.IsEqual(Window(Home).Property(tvguide),thursday)">$INFO[Container(203).Listitem.Property(NextDate),$LOCALIZE[14] ]</value>
		<value condition="String.IsEqual(Window(Home).Property(tvguide),friday)">$INFO[Container(204).Listitem.Property(NextDate),$LOCALIZE[15] ]</value>
		<value condition="String.IsEqual(Window(Home).Property(tvguide),saturday)">$INFO[Container(205).Listitem.Property(NextDate),$LOCALIZE[16] ]</value>
		<value condition="String.IsEqual(Window(Home).Property(tvguide),sunday)">$INFO[Container(206).Listitem.Property(NextDate),$LOCALIZE[17] ]</value>
		<value condition="String.IsEqual(Window(Home).Property(tvguide),yesterday)">$INFO[Window(home).Property(NextAired.YesterdayText)]</value>
		<value condition="String.IsEqual(Window(Home).Property(tvguide),today)">$INFO[Window(home).Property(NextAired.TodayText)]</value>
		<value condition="String.IsEqual(Window(Home).Property(tvguide),tomorrow)">$INFO[Window(home).Property(NextAired.TomorrowText)]</value>
		<value condition="String.IsEqual(Window(Home).Property(tvguide),nplus2)">$INFO[Window(home).Property(NextAired.203.Weekday)] $INFO[Window(home).Property(NextAired.203.Date)]</value>
		<value condition="String.IsEqual(Window(Home).Property(tvguide),nplus3)">$INFO[Window(home).Property(NextAired.204.Weekday)] $INFO[Window(home).Property(NextAired.204.Date)]</value>
		<value condition="String.IsEqual(Window(Home).Property(tvguide),nplus4)">$INFO[Window(home).Property(NextAired.205.Weekday)] $INFO[Window(home).Property(NextAired.205.Date)]</value>
		<value condition="String.IsEqual(Window(Home).Property(tvguide),nplus5)">$INFO[Window(home).Property(NextAired.206.Weekday)] $INFO[Window(home).Property(NextAired.206.Date)]</value>
		<value condition="String.IsEqual(Window(Home).Property(tvguide),nplus6)">$INFO[Window(home).Property(NextAired.207.Weekday)] $INFO[Window(home).Property(NextAired.207.Date)]</value>
		<value condition="String.IsEqual(Window(Home).Property(tvguide),nplus7)">$INFO[Window(home).Property(NextAired.208.Weekday)] $INFO[Window(home).Property(NextAired.208.Date)]</value>
		<value condition="String.IsEqual(Window(Home).Property(tvguide),nplus8)">$INFO[Window(home).Property(NextAired.209.Weekday)] $INFO[Window(home).Property(NextAired.209.Date)]</value>
		<value condition="String.IsEqual(Window(Home).Property(tvguide),nplus9)">$INFO[Window(home).Property(NextAired.210.Weekday)] $INFO[Window(home).Property(NextAired.210.Date)]</value>
		<value condition="String.IsEqual(Window(Home).Property(tvguide),nplus10)">$INFO[Window(home).Property(NextAired.211.Weekday)] $INFO[Window(home).Property(NextAired.211.Date)]</value>
		<value condition="String.IsEqual(Window(Home).Property(tvguide),nplus11)">$INFO[Window(home).Property(NextAired.212.Weekday)] $INFO[Window(home).Property(NextAired.212.Date)]</value>
		<value condition="String.IsEqual(Window(Home).Property(tvguide),nplus12)">$INFO[Window(home).Property(NextAired.213.Weekday)] $INFO[Window(home).Property(NextAired.213.Date)]</value>
		<value condition="String.IsEqual(Window(Home).Property(tvguide),nplus13)">$INFO[Window(home).Property(NextAired.214.Weekday)] $INFO[Window(home).Property(NextAired.214.Date)]</value>
		<value condition="String.IsEqual(Window(Home).Property(tvguide),nplus14)">$INFO[Window(home).Property(NextAired.215.Weekday)] $INFO[Window(home).Property(NextAired.215.Date)]</value>
	</variable>

	<variable name="gallery_Header">
		<value condition="Container.Content(tvshows)">$INFO[ListItem.Genre]</value>
		<value condition="Container.Content(movies) + ListItem.IsFolder + String.Contains(Container.FolderPath,videodb) + !String.IsEmpty(ListItem.Title)">$INFO[ListItem.Year]</value><!--movie set-->
		<value condition="Container.Content(movies) + !String.IsEmpty(ListItem.Tagline)">$INFO[ListItem.Tagline]</value>
		<value condition="Container.Content(movies) + String.IsEmpty(ListItem.Tagline) + !String.IsEmpty(ListItem.PlotOutline)">$INFO[ListItem.PlotOutline]</value>
		<value condition="Container.Content(movies) + String.IsEmpty(ListItem.Tagline) + String.IsEmpty(ListItem.PlotOutline)">$INFO[ListItem.Plot]</value>
		<value condition="Window.IsActive(pictures) + !String.IsEmpty(ListItem.PictureLongDateTime)">$INFO[ListItem.PictureLongDateTime]</value>
		<value condition="Window.IsActive(pictures) + String.IsEmpty(ListItem.PictureLongDateTime)">$LOCALIZE[31146]</value>
		<value>$INFO[ListItem.Year]</value>
	</variable>


<!--INFORMATION-->
	<variable name="information:Title">
		<value condition="Container.Content(artists)">$INFO[ListItem.Artist]</value>
		<value condition="Container.Content(albums)">$INFO[ListItem.Album]</value>
	</variable>
	
	<variable name="information:Header">
		<value condition="Container.Content(artists)">$INFO[ListItem.Genre]</value>
		<value condition="Container.Content(movies)">$INFO[ListItem.Year]$INFO[ListItem.Duration, &#8226; , $LOCALIZE[31701]]$INFO[ListItem.Genre, &#8226; ]$INFO[ListItem.MPAA, &#8226; ]</value>
		<value condition="Container.Content(tvshows) + !Skin.HasSetting(nextaired.disable) + !String.IsEmpty(Window(Home).Property(NextAired.Status))">$INFO[Window(Home).Property(NextAired.Status)]$INFO[Window(Home).Property(NextAired.NextDate), &#8226; $LOCALIZE[31153]: ]$INFO[ListItem.Studio, &#8226; ]</value>
		<value condition="Container.Content(tvshows) + !Skin.HasSetting(nextaired.disable)">$INFO[ListItem.Property(TotalSeasons),, $LOCALIZE[33054]]</value>
		<value condition="Container.Content(tvshows) + Skin.HasSetting(nextaired.disable) | String.IsEmpty(ListItem.Property(TotalEpisodes))">$INFO[ListItem.Property(TotalEpisodes),, ]$VAR[media:EpisodeCount,, &#8226; $LOCALIZE[31153]: ]</value>
		<value condition="Container.Content(episodes)">$INFO[ListItem.TVShowTitle]</value>
		<value condition="Container.Content(albums)">$INFO[ListItem.Artist]</value>
		<value condition="Container.Content(musicvideos)">$INFO[ListItem.Artist]</value>
	</variable>

	<variable name="information:Sub">
		<value condition="Container.Content(movies)">$INFO[ListItem.Studio]</value>
		<value condition="Container.Content(tvshows) + !Skin.HasSetting(nextaired.disable)">$INFO[ListItem.Property(TotalEpisodes),, ]$VAR[media:EpisodeCount,, ]$INFO[ListItem.Property(UnwatchedEpisodes),(, $LOCALIZE[16101])]</value>
		<value condition="Container.Content(tvshows) + Skin.HasSetting(nextaired.disable)">$INFO[ListItem.Premiered,$LOCALIZE[20416]: ]</value>
		<value condition="Container.Content(episodes)">$INFO[ListItem.Season,$LOCALIZE[20373] , - ]$INFO[ListItem.Episode,$LOCALIZE[20359] ]$INFO[ListItem.Premiered, &#8226; ]</value>
		<value condition="Container.Content(artists)">$VAR[information:Origin.Prefix] $VAR[information:Origin]</value>
		<value condition="Container.Content(albums)">$INFO[ListItem.Year]$INFO[ListItem.Genre, &#8226; ]</value>
		<value condition="Container.Content(musicvideos)">$INFO[ListItem.Year]$INFO[ListItem.Genre, &#8226; ]$INFO[ListItem.Studio, &#8226; ]</value>
	</variable>

	<variable name="information:Consensus">
		<value condition="!String.IsEqual(Window(Home).Property(SkinHelper.RottenTomatoesConsensus),N/A)">$INFO[Window(Home).Property(SkinHelper.RottenTomatoesConsensus),","]</value>
		<value></value>
	</variable>

	<variable name="information:Origin">
		<value condition="!String.IsEmpty(ListItem.Property(Artist_Born))">$INFO[ListItem.Property(Artist_Born)]</value>
		<value condition="!String.IsEmpty(ListItem.Property(Artist_Formed))">$INFO[ListItem.Property(Artist_Formed)]</value>
		<value condition="!String.IsEmpty(ListItem.Property(Artist_Died))">$INFO[ListItem.Property(Artist_Died)]</value>
		<value condition="!String.IsEmpty(ListItem.Property(Artist_Disbanded))">$INFO[ListItem.Property(Artist_Disbanded)]</value>
	</variable>

	<variable name="information:Origin.Prefix">
		<value condition="!String.IsEmpty(ListItem.Property(Artist_Born))">$LOCALIZE[21893]</value>
		<value condition="!String.IsEmpty(ListItem.Property(Artist_Formed))">$LOCALIZE[21894]</value>
		<value condition="!String.IsEmpty(ListItem.Property(Artist_Died))">$LOCALIZE[21897]</value>
		<value condition="!String.IsEmpty(ListItem.Property(Artist_Disbanded))">$LOCALIZE[21896]</value>
	</variable>

	<variable name="information:Toggle">
		<value condition="String.IsEqual(Skin.String(info.toggle),plot)">$LOCALIZE[206]</value>
		<value condition="String.IsEqual(Skin.String(info.toggle),cast)">$LOCALIZE[207]</value>
		<value>$LOCALIZE[206]</value>
	</variable>

	<variable name="extContent:Poster">
		<value condition="String.IsEqual(Window(Home).Property(extContent),$LOCALIZE[31622])">plugin://script.extendedinfo?info=similarmovies&amp;&amp;imdb_id=$INFO[Window(Home).Property(extDBID)]</value>
		<value condition="String.IsEqual(Window(Home).Property(extContent),$LOCALIZE[31620])">plugin://script.extendedinfo?info=personmovies&amp;&amp;person=$INFO[Window(Home).Property(extQuery)]</value>
		<value condition="String.IsEqual(Window(Home).Property(extContent),$LOCALIZE[31621])">plugin://script.extendedinfo?info=writermovies&amp;&amp;writer=$INFO[Window(Home).Property(extQuery)]</value>
	</variable>

	<variable name="extContent:Square">
		<value condition="String.IsEqual(Window(Home).Property(extContent),$LOCALIZE[21888])">plugin://script.extendedinfo?info=discography&amp;&amp;artistname=$INFO[Window(Home).Property(extQuery)]</value>
		<value condition="String.IsEqual(Window(Home).Property(extContent),similarartists)">plugin://script.extendedinfo?info=discography&amp;&amp;artistname=$INFO[Window(Home).Property(extQuery)]</value>
	</variable>

	<variable name="extContent:Thumbnail">
		<value condition="String.IsEqual(Window(Home).Property(extContent),youtube)">plugin://script.extendedinfo?info=youtubesearchvideos&amp;&amp;id=$INFO[Window(Home).Property(extQuery)]</value>
	</variable>


<!--RATINGS-->
	<variable name="rating:Song">
		<value condition="Container.Content(songs) + !String.IsEmpty(ListItem.Rating) + String.Contains(ListItem.Rating,5)">&#9733;&#9733;&#9733;&#9733;&#9733;</value>
		<value condition="Container.Content(songs) + !String.IsEmpty(ListItem.Rating) + String.Contains(ListItem.Rating,4)">&#9733;&#9733;&#9733;&#9733;&#9734;</value>
		<value condition="Container.Content(songs) + !String.IsEmpty(ListItem.Rating) + String.Contains(ListItem.Rating,3)">&#9733;&#9733;&#9733;&#9734;&#9734;</value>
		<value condition="Container.Content(songs) + !String.IsEmpty(ListItem.Rating) + String.Contains(ListItem.Rating,2)">&#9733;&#9733;&#9734;&#9734;&#9734;</value>
		<value condition="Container.Content(songs) + !String.IsEmpty(ListItem.Rating) + String.Contains(ListItem.Rating,1)">&#9733;&#9734;&#9734;&#9734;&#9734;</value>
		<value condition="Container.Content(songs) + !String.IsEmpty(ListItem.Rating)">&#9734;&#9734;&#9734;&#9734;&#9734;</value>
	</variable>

<!--FLAGS-->
	<variable name="flag:Studio">
		<value condition="Container.Content(movies)">resource://resource.images.studios.white/$INFO[ListItem.Studio,,.png]</value>
		<value condition="Container.Content(tvshows) | Container.Content(seasons) | Container.Content(episodes)">$INFO[Listitem.Studio,flags/networks/,.png]</value>
		<value condition="Container.Content(musicvideos)">resource://resource.images.recordlabels.white/$INFO[ListItem.Studio,,.png]</value>
		<value condition="Container.Content(albums)">resource://resource.images.recordlabels.white/$INFO[Listitem.Property(Album_Label),,.png]</value>
	</variable>

	<variable name="flag:Type.Video">
		<value condition="ListItem.IsStereoscopic">3D</value>
		<value condition="Integer.IsGreater(ListItem.VideoResolution,540)">HD</value>
		<value condition="String.IsEqual(ListItem.VideoResolution,4K)">4K</value>
	</variable>

	<variable name="flag:Channels">
		<value condition="String.IsEqual(ListItem.AudioChannels,1)">1.0</value>
		<value condition="String.IsEqual(ListItem.AudioChannels,2)">2.0</value>
		<value condition="String.IsEqual(ListItem.AudioChannels,3)">2.1</value>
		<value condition="String.IsEqual(ListItem.AudioChannels,4)">4.0</value>
		<value condition="String.IsEqual(ListItem.AudioChannels,5)">4.1</value>
		<value condition="String.IsEqual(ListItem.AudioChannels,6)">5.1</value>
		<value condition="String.IsEqual(ListItem.AudioChannels,8)">7.1</value>
	</variable>


<!--STATUS-->
	<variable name="status:List">
		<value condition="String.IsEqual(ListItem.Overlay,OverlayUnwatched.png)">status/list/OverlayUnwatched.png</value>
		<value condition="ListItem.IsResumable + !Skin.HasSetting(overlay.resumable.disable)">status/list/OverlayWatching.png</value>
		<value condition="String.IsEqual(ListItem.Overlay,OverlayWatched.png)">status/list/OverlayWatched.png</value>
	</variable>

	<variable name="status:Info">
		<value condition="ListItem.IsResumable + !Skin.HasSetting(overlay.resumable.disable)">status/info/OverlayWatching.png</value>
		<value condition="String.IsEqual(ListItem.Overlay,OverlayUnwatched.png)">status/info/OverlayUnwatched.png</value>
		<value condition="String.IsEqual(ListItem.Overlay,OverlayWatched.png)">status/info/OverlayWatched.png</value>
	</variable>


<!--PVR-->
	<variable name="pvr:Title">
		<value condition="!String.IsEmpty(ListItem.Title)">$INFO[ListItem.Title]</value>
		<value>$INFO[ListItem.Label]</value>
	</variable>

	<variable name="pvr:DefaultIcon">
		<value condition="Window.IsActive(tvchannels)">DefaultIconTV.png</value>
		<value>DefaultIconRadio.png</value>
	</variable>

	<variable name="pvr:Status">
		<value condition="!ListItem.HasTimer">pvr/status/recording.png</value>
		<value condition="ListItem.HasTimer + ListItem.IsRecording">pvr/status/timer.png</value>
		<value condition="ListItem.HasTimer + !ListItem.IsRecording">pvr/status/timer.png</value>
		<value condition="!Control.IsVisible(10)">pvr/status/none-nf.png</value>
	</variable>

	<variable name="pvr:Progress">
		<value condition="Integer.IsGreater(ListItem.Progress,90)">status/progress/90.png</value>
		<value condition="Integer.IsGreater(ListItem.Progress,80)">status/progress/80.png</value>
		<value condition="Integer.IsGreater(ListItem.Progress,70)">status/progress/70.png</value>
		<value condition="Integer.IsGreater(ListItem.Progress,60)">status/progress/60.png</value>
		<value condition="Integer.IsGreater(ListItem.Progress,50)">status/progress/50.png</value>
		<value condition="Integer.IsGreater(ListItem.Progress,40)">status/progress/40.png</value>
		<value condition="Integer.IsGreater(ListItem.Progress,30)">status/progress/30.png</value>
		<value condition="Integer.IsGreater(ListItem.Progress,20)">status/progress/20.png</value>
		<value condition="Integer.IsGreater(ListItem.Progress,10)">status/progress/10.png</value>
		<value condition="Integer.IsGreater(ListItem.Progress,0)">status/progress/00.png</value>
		<value>status/progress/none.png</value>
	</variable>


<!--TOAST-->
	<variable name="toast:Top">
		<value condition="String.Contains(System.Time,AM,right)">[B]$INFO[System.Time(h),,:]$INFO[System.Time(mm)][/B]AM</value>
		<value condition="String.Contains(System.Time,PM,right)">[B]$INFO[System.Time(h),,:]$INFO[System.Time(mm)][/B]PM</value>
		<value>[B]$INFO[System.Time][/B]</value>
	</variable>

	<variable name="toast:Bottom">
		<value condition="[Window.IsActive(Home)] + Skin.HasSetting(overlay.pvr) + PVR.HasNonRecordingTimer">$LOCALIZE[19157]$INFO[Pvr.NextRecordingTitle,: ]</value>
		<value condition="[Window.IsActive(Home)] + Skin.HasSetting(overlay.pvr) + PVR.IsRecording">$LOCALIZE[19043]$INFO[Pvr.NowRecordingTitle,: ]</value>
		<value condition="!Window.IsActive(fullscreenvideo)">$INFO[System.Date(DDD)] $INFO[System.Date(d)] $INFO[System.Date(MMM)]</value>
		<value condition="Window.IsActive(fullscreenvideo)">$LOCALIZE[31323] $INFO[Player.FinishTime]</value>
	</variable>

	<variable name="toast:Icon">
		<value condition="Integer.IsGreater(Player.Volume,0) + Window.IsActive(Home) + Skin.HasSetting(overlay.pvr) + PVR.HasNonRecordingTimer">$INFO[Pvr.NextRecordingChannelIcon]</value>
		<value condition="Integer.IsGreater(Player.Volume,0) + Window.IsActive(Home) + Skin.HasSetting(overlay.pvr) + PVR.IsRecording">$INFO[Pvr.NowRecordingChannelIcon]</value>
		<value condition="Integer.IsGreater(Player.Volume,0) + Weather.IsFetched">$INFO[Window(weather).Property(Current.FanartCode),weather/small/,.png]</value>
		<value>weather/small/na.png</value>
	</variable>

	<variable name="toast:PlayingTitle">
		<value condition="Player.HasVideo">$INFO[VideoPlayer.Title]</value>
		<value condition="Player.HasAudio + !Player.IsInternetStream">$INFO[MusicPlayer.Title]</value>
		<value condition="Player.HasAudio">$INFO[MusicPlayer.Duration,, $LOCALIZE[31701]]</value>
	</variable>

	<variable name="toast:PlayingInfo">
		<value condition="Player.HasVideo + VideoPlayer.Content(livetv)">$LOCALIZE[209]$INFO[VideoPlayer.NextTitle,: ]</value>
		<value condition="Player.HasVideo + VideoPlayer.Content(episodes) + !String.IsEmpty(VideoPlayer.TVShowTitle)">$INFO[VideoPlayer.TVShowTitle]</value>
		<value condition="Player.HasVideo + VideoPlayer.Content(movies) + !String.IsEmpty(VideoPlayer.Director)">$INFO[VideoPlayer.Director]</value>
		<value condition="Player.HasVideo + VideoPlayer.Content(musicvideos) + !String.IsEmpty(VideoPlayer.Artist)">$INFO[VideoPlayer.Artist]</value>
		<value condition="Player.HasVideo">$INFO[VideoPlayer.Duration,, $LOCALIZE[31701]]</value>
		<value condition="Player.HasAudio + !Player.IsInternetStream">$INFO[MusicPlayer.Artist]</value>
		<value condition="Player.HasAudio">$INFO[MusicPlayer.Duration,, $LOCALIZE[31701]]</value>
	</variable>


<!--WINDOW-->
	<variable name="window:Background">
		<value condition="!Skin.HasSetting(fanart.global) + !IsEmpty(ListItem.Property(Fanart_Image))">$INFO[ListItem.Property(Fanart_Image)]</value>
		<value condition="Window.IsActive(custom_Youtube.xml)">special://skin/backgrounds/youtube.jpg</value>
		<value condition="Window.IsActive(custom_Browser.xml)">special://skin/backgrounds/video.jpg</value>
		<value condition="[Window.IsActive(Videos) | Window.IsActive(Videos)]">special://skin/backgrounds/video.jpg</value>
		<value condition="[String.Contains(Container.FolderPath,pvr://) | Window.IsActive(tvguide) | Window.IsActive(radioguide) | Window.IsActive(tvsearch) | Window.IsActive(radiosearch)]">special://skin/backgrounds/livetv.jpg</value>
		<value condition="[Window.IsActive(Music) | Window.IsActive(musicplaylisteditor)]">special://skin/backgrounds/music.jpg</value>
		<value condition="Window.IsActive(pictures) + !Control.IsVisible(531)">special://skin/backgrounds/pictures.jpg</value>
		<value condition="Window.IsActive(programs)">special://skin/backgrounds/programs.jpg</value>
		<value condition="Window.IsActive(weather) + !Skin.HasSetting(fanart.weather)">special://skin/backgrounds/weather.jpg</value>
		<value condition="Window.IsActive(settings) | Window.IsActive(SettingsCategory.xml) | Window.IsActive(filemanager) | Window.IsActive(systeminfo) | Window.IsActive(profiles) | Window.IsActive(skinsettings) | Window.IsActive(eventlog)">special://skin/backgrounds/settings.jpg</value>
		<value condition="Window.IsActive(addonbrowser)">special://skin/backgrounds/addons.jpg</value>
	</variable>

	<variable name="window:Title.Video">
		<value condition="Skin.HasSetting(sortletter.enable) + Container.Scrolling + [String.IsEqual(Container.SortMethod,$LOCALIZE[551]) | String.IsEqual(Container.SortMethod,$LOCALIZE[561]) | String.IsEqual(Container.SortMethod,$LOCALIZE[558]) | String.IsEqual(Container.SortMethod,$LOCALIZE[557]) | String.IsEqual(Container.SortMethod,$LOCALIZE[556])]">[B]$INFO[ListItem.SortLetter][/B]</value>
		<value condition="String.IsEmpty(Container.FolderPath)">$LOCALIZE[157]</value>
		<value condition="String.IsEqual(Container.FolderPath,sources://video/)">$LOCALIZE[744]</value>
		<value condition="String.IsEqual(Container.FolderPath,addons://sources/video)">$LOCALIZE[157] [COLOR=Color2]$INFO[Container.FolderName][/COLOR]</value>
		<value condition="String.Contains(Container.FolderPath,plugin://plugin)">$INFO[Container.FolderName]</value>
		<value condition="String.IsEqual(Container.FolderPath,special://videoplaylists/)">$LOCALIZE[20012]</value>
		<!--plugins-->
		<value condition="String.IsEqual(Container.FolderPath,plugin://script.skin.helper.service/)">$LOCALIZE[31013]</value>
		<value condition="String.IsEqual(Container.FolderPath,plugin://script.skin.helper.service/?action=nextepisodes)">$LOCALIZE[20343] [COLOR=Color2]$LOCALIZE[31013][/COLOR]</value>
		<value condition="String.Contains(Container.FolderPath,plugin://script.skin.helper.service/?action=recommendedmovies)">$LOCALIZE[342] [COLOR=Color2]$LOCALIZE[31013][/COLOR]</value>
		<value condition="String.Contains(Container.FolderPath,plugin://script.skin.helper.service/?action=favourites)">$ADDON[script.skin.helper.service 32000]</value>
		<value condition="String.Contains(Container.FolderPath,plugin://script.skin.helper.service/?action=favouritemedia)">$ADDON[script.skin.helper.service 32001]</value>
		<value condition="String.Contains(Container.FolderPath,plugin://script.skin.helper.service/?action=recommendedmedia)">$ADDON[script.skin.helper.service 32004]</value>
		<value condition="String.Contains(Container.FolderPath,plugin://script.skin.helper.service/?action=recentmedia)">$ADDON[script.skin.helper.service 32005]</value>
		<value condition="String.Contains(Container.FolderPath,plugin://script.skin.helper.service/?action=similarmovies)">$ADDON[script.skin.helper.service 32006]</value>
		<value condition="String.Contains(Container.FolderPath,plugin://script.skin.helper.service/?action=similarshows)">$ADDON[script.skin.helper.service 32130]</value>
		<value condition="String.Contains(Container.FolderPath,plugin://script.skin.helper.service/?action=inprogressmedia)">$ADDON[script.skin.helper.service 32086]</value>
		<value condition="String.Contains(Container.FolderPath,plugin://script.skin.helper.service/?action=inprogressandrecommendedmedia)">$ADDON[script.skin.helper.service 32007]</value>
		<value condition="String.Contains(Container.FolderPath,plugin://script.skin.helper.service/?action=recentalbums)">$LOCALIZE[359]</value>
		<value condition="String.Contains(Container.FolderPath,plugin://script.skin.helper.service/?action=recentsongs)">$ADDON[script.skin.helper.service 32087]</value>
		<value condition="String.Contains(Container.FolderPath,plugin://script.skin.helper.service/?action=recentlyplayedalbums)">$LOCALIZE[517]</value>
		<value condition="String.Contains(Container.FolderPath,plugin://script.skin.helper.service/?action=recentlyplayedsongs)">$ADDON[script.skin.helper.service 32088]</value>
		<value condition="String.Contains(Container.FolderPath,plugin://script.skin.helper.service/?action=recommendedalbums)">$ADDON[script.skin.helper.service 32131]</value>
		<value condition="String.Contains(Container.FolderPath,plugin://script.skin.helper.service/?action=recommendedsongs)">$ADDON[script.skin.helper.service 32132]</value>
		<value condition="String.Contains(Container.FolderPath,plugin://script.skin.helper.service/?action=nextairedtvshows)">$LOCALIZE[31030]</value>
		<!---->
		<value condition="String.IsEqual(Container.FolderPath,videodb://movies/) | String.IsEqual(Container.FolderPath,library://video/movies/)">$LOCALIZE[342]</value>
		<value condition="String.Contains(Container.FolderPath,movies-unwatched.xsp,Right)">$LOCALIZE[342] [COLOR=Color2]$LOCALIZE[16101][/COLOR]</value>
		<value condition="String.Contains(Container.FolderPath,movies-inprogress.xsp,Right)">$LOCALIZE[342] [COLOR=Color2]$LOCALIZE[575][/COLOR]</value>
		<value condition="String.Contains(Container.FolderPath,videodb://movies/)">$LOCALIZE[342] [COLOR=Color2]$INFO[Container.FolderName][/COLOR]</value>
		<value condition="String.Contains(Container.FolderPath,videodb://recentlyaddedmovies/)">$LOCALIZE[342] [COLOR=Color2]$LOCALIZE[31705][/COLOR]</value>
		<value condition="Container.Content(seasons)">$INFO[Container.ShowTitle]</value>
		<value condition="String.IsEqual(Container.FolderPath,videodb://recentlyaddedepisodes/)">$LOCALIZE[20360] [COLOR=Color2]$LOCALIZE[31705][/COLOR]</value>
		<value condition="String.Contains(Container.FolderPath,episodes-unwatched.xsp,Right)">$LOCALIZE[20360] [COLOR=Color2]$LOCALIZE[16101][/COLOR]</value>
		<value condition="String.Contains(Container.FolderPath,plugin://plugin)">$LOCALIZE[24001] [COLOR=Color2]$INFO[Container.FolderName][/COLOR]</value>
		<value condition="Container.Content(episodes) + String.IsEmpty(Container().ListItem(0).TVShowTitle) + String.Contains(Container.FolderPath,videodb://)">$INFO[Container().ListItem(1).TVShowTitle]</value>
		<value condition="Container.Content(episodes) + String.Contains(Container.FolderPath,videodb://)">$INFO[Container().ListItem().TVShowTitle]</value>
		<value condition="String.IsEqual(Container.FolderName,$LOCALIZE[626])">$LOCALIZE[20343] [COLOR=Color2]$LOCALIZE[575][/COLOR]</value>
		<value condition="String.IsEqual(Container.FolderPath,videodb://tvshows/) | String.IsEqual(Container.FolderPath,library://video/tvshows/)">$LOCALIZE[20343]</value>
		<value condition="String.Contains(Container.FolderPath,videodb://tvshows)">$LOCALIZE[20343] [COLOR=Color2]$INFO[Container.FolderName][/COLOR]</value>
		<value condition="String.IsEqual(Container.FolderPath,videodb://musicvideos/)">$LOCALIZE[20389]</value>
		<value condition="String.Contains(Container.FolderPath,videodb://musicvideos/)">$LOCALIZE[20389] [COLOR=Color2]$INFO[Container.FolderName][/COLOR]</value>
		<value condition="String.Contains(Container.FolderPath,videodb://recentlyaddedmusicvideos/)">$LOCALIZE[20389] [COLOR=Color2]$LOCALIZE[31705][/COLOR]</value>
		<value condition="String.Contains(Container.FolderPath,special://profile/playlists/video/)">$LOCALIZE[559] [COLOR=Color2]$INFO[Container.FolderName][/COLOR]</value>
		<value>$LOCALIZE[744] [COLOR=Color2]$INFO[Container.FolderName][/COLOR]</value>
	</variable>

	<variable name="window:Title.Music">
		<value condition="Skin.HasSetting(sortletter.enable) + Container.Scrolling + [String.IsEqual(Container.SortMethod,$LOCALIZE[551]) | String.IsEqual(Container.SortMethod,$LOCALIZE[561]) | String.IsEqual(Container.SortMethod,$LOCALIZE[558]) | String.IsEqual(Container.SortMethod,$LOCALIZE[557]) | String.IsEqual(Container.SortMethod,$LOCALIZE[556])]">[B]$INFO[ListItem.SortLetter][/B]</value>
		<value condition="String.IsEmpty(Container.FolderPath)">$LOCALIZE[2]</value>
		<value condition="String.IsEqual(Container.FolderPath,sources://music/)">$LOCALIZE[744]</value>
		<value condition="String.IsEqual(Container.FolderPath,videodb://musicvideos/)">$LOCALIZE[20389]</value>
		<value condition="String.IsEqual(Container.FolderPath,playlistmusic://)">$LOCALIZE[2] [COLOR=Color2]$LOCALIZE[559][/COLOR]</value>
		<value condition="Container.Content(musicvideos)">$LOCALIZE[20389] [COLOR=Color2]$INFO[Container.FolderName][/COLOR]</value>
		<value condition="String.Contains(Container.FolderPath,recentlyaddedalbums,Right)">$LOCALIZE[2] [COLOR=Color2]$LOCALIZE[31705][/COLOR]</value>
		<value condition="String.Contains(Container.FolderPath,recentlyplayedalbums,Right)">$LOCALIZE[2] [COLOR=Color2]$LOCALIZE[31016][/COLOR]</value>
		<value>$LOCALIZE[2] [COLOR=Color2]$INFO[Container.FolderName][/COLOR]</value>
	</variable>

	<variable name="window:Title.System">
		<value condition="Window.IsActive(settings)">$LOCALIZE[10004]</value>
		<value condition="Window.IsActive(InterfaceSettings)">$LOCALIZE[14206] [COLOR=Color2]$LOCALIZE[5][/COLOR]</value>	
		<value condition="Window.IsActive(PlayerSettings)">$LOCALIZE[14200] [COLOR=Color2]$LOCALIZE[5][/COLOR]</value>
		<value condition="Window.IsActive(MediaSettings)">$LOCALIZE[14202] [COLOR=Color2]$LOCALIZE[5][/COLOR]</value>
		<value condition="Window.IsActive(ServiceSettings)">$LOCALIZE[14036] [COLOR=Color2]$LOCALIZE[5][/COLOR]</value>
		<value condition="Window.IsActive(SkinSettings)">$LOCALIZE[166] [COLOR=Color2]$LOCALIZE[5][/COLOR]</value>
		<value condition="Window.IsActive(SystemSettings)">$LOCALIZE[13000] [COLOR=Color2]$LOCALIZE[5][/COLOR]</value>
		<value condition="Window.IsActive(PVRSettings)">$LOCALIZE[14204] [COLOR=Color2]$LOCALIZE[5][/COLOR]</value>
		<value condition="Window.IsActive(profiles)">$LOCALIZE[13200] [COLOR=Color2]$LOCALIZE[5][/COLOR]</value>
		<value condition="Window.IsActive(systeminfo)">$LOCALIZE[13000] [COLOR=Color2]$LOCALIZE[19033][/COLOR]</value>
		<value condition="Window.IsActive(filemanager)">$LOCALIZE[7]</value>
		<value condition="Window.IsActive(eventlog)">$LOCALIZE[14111]</value>	
	</variable>

	<variable name="window:Title.Addons">
		<value condition="Skin.HasSetting(sortletter.enable) + Container.Scrolling + [String.IsEqual(Container.SortMethod,$LOCALIZE[551]) | String.IsEqual(Container.SortMethod,$LOCALIZE[561]) | String.IsEqual(Container.SortMethod,$LOCALIZE[558]) | String.IsEqual(Container.SortMethod,$LOCALIZE[557]) | String.IsEqual(Container.SortMethod,$LOCALIZE[556])]">[B]$INFO[ListItem.SortLetter][/B]</value>
		<value condition="String.Contains(Container.FolderPath,addons://enabled/)">$LOCALIZE[24062]</value>
		<value condition="String.Contains(Container.FolderPath,addons://disabled/)">$LOCALIZE[24039]</value>
		<value condition="String.Contains(Container.FolderPath,addons://downloading/)">$LOCALIZE[24067]</value>
		<value condition="String.Contains(Container.FolderPath,addons://outdated/)">$LOCALIZE[24043]</value>
		<value condition="String.Contains(Container.FolderPath,addons://repos/)">$LOCALIZE[24000] [COLOR=Color2]$LOCALIZE[31700][/COLOR]</value>
		<value condition="String.Contains(Container.FolderPath,addons://all/)">[COLOR=Color2]$LOCALIZE[593][/COLOR] $LOCALIZE[24001]</value>
		<value condition="String.Contains(Container.FolderPath,addons://all/) + !String.IsEqual(Container.FolderPath,addons://all/)">$INFO[Container.Property(addoncategory)]</value>
		<value condition="String.Contains(Container.FolderPath,addons://search/)">$LOCALIZE[283]</value>
		<value condition="String.Contains(Container.FolderPath,addons://repo.) | String.Contains(Container.FolderPath,addons://repository.)">$INFO[Container.Property(reponame)]</value>
		<value>$LOCALIZE[24001]</value>
	</variable>

	<variable name="window:Title.PVR">
		<value condition="Window.IsActive(tvguide) + String.IsEqual(Container.Viewmode,$LOCALIZE[19032])">$LOCALIZE[22020] [COLOR=Color2]$LOCALIZE[19032][/COLOR]</value>
		<value condition="Window.IsActive(tvguide) + String.IsEqual(Container.Viewmode,$LOCALIZE[19030])">$LOCALIZE[22020] [COLOR=Color2]$LOCALIZE[19030][/COLOR]</value>
		<value condition="Window.IsActive(tvguide) + String.IsEqual(Container.Viewmode,$LOCALIZE[19031])">$LOCALIZE[22020] [COLOR=Color2]$LOCALIZE[19031][/COLOR]</value>
		<value condition="Window.IsActive(tvguide) + String.IsEqual(Container.Viewmode,$LOCALIZE[19029])">$LOCALIZE[22020] [COLOR=Color2]$LOCALIZE[19029][/COLOR]</value>
		<value condition="Window.IsActive(tvchannels)">$LOCALIZE[19020] [COLOR=Color2]$INFO[Container.FolderName][/COLOR]</value>
		<value condition="Window.IsActive(tvtimers)">$LOCALIZE[19020] [COLOR=Color2]$LOCALIZE[19040][/COLOR]</value>
		<value condition="Window.IsActive(tvsearch)">$LOCALIZE[19020] [COLOR=Color2]$LOCALIZE[137][/COLOR]</value>
		<value condition="Window.IsActive(radioguide)">$LOCALIZE[19021] [COLOR=Color2]$LOCALIZE[22020][/COLOR]</value>
		<value condition="Window.IsActive(radiochannels)">$LOCALIZE[19021] [COLOR=Color2]$INFO[Container.FolderName][/COLOR]</value>
		<value condition="Window.IsActive(radiotimers)">$LOCALIZE[19021] [COLOR=Color2]$LOCALIZE[19040][/COLOR]</value>
		<value condition="Window.IsActive(radiosearch)">$LOCALIZE[19021] [COLOR=Color2]$LOCALIZE[137][/COLOR]</value>
		<value condition="Window.IsActive(tvrecordings) | Window.IsActive(radiorecordings)">$LOCALIZE[19017]</value>
	</variable>

	<variable name="window:Title.Pictures">
		<value condition="Skin.HasSetting(sortletter.enable) + Container.Scrolling + [String.IsEqual(Container.SortMethod,$LOCALIZE[551]) | String.IsEqual(Container.SortMethod,$LOCALIZE[561]) | String.IsEqual(Container.SortMethod,$LOCALIZE[558]) | String.IsEqual(Container.SortMethod,$LOCALIZE[557]) | String.IsEqual(Container.SortMethod,$LOCALIZE[556])]">[B]$INFO[ListItem.SortLetter][/B]</value>
		<value condition="!String.Contains(Container.FolderPath,plugin)">$LOCALIZE[1]</value>
		<value>$INFO[Container.FolderName]</value>
	</variable>

	<variable name="window:Title.Playlists">
		<value condition="Skin.HasSetting(sortletter.enable) + Container.Scrolling + [String.IsEqual(Container.SortMethod,$LOCALIZE[551]) | String.IsEqual(Container.SortMethod,$LOCALIZE[561]) | String.IsEqual(Container.SortMethod,$LOCALIZE[558]) | String.IsEqual(Container.SortMethod,$LOCALIZE[557]) | String.IsEqual(Container.SortMethod,$LOCALIZE[556])]">[B]$INFO[ListItem.SortLetter][/B]</value>
		<value condition="Window.IsVisible(videoplaylist) + !Window.IsActive(movieinformation)">$LOCALIZE[157] [COLOR=Color2]$LOCALIZE[559][/COLOR]</value>
		<value condition="Window.IsActive(musicplaylist) + !Window.IsActive(musicinformation)">$LOCALIZE[2] [COLOR=Color2]$LOCALIZE[559][/COLOR]</value>
	</variable>

	<variable name="window:Title.Weather">
		<value condition="Window.IsVisible(Weather) + Weather.IsFetched">$INFO[Window.Property(WeatherProvider)]</value>
		<value>$LOCALIZE[12600]</value>
	</variable>

	<variable name="window:Title.Programs">
		<value condition="Skin.HasSetting(sortletter.enable) + Container.Scrolling + [String.IsEqual(Container.SortMethod,$LOCALIZE[551]) | String.IsEqual(Container.SortMethod,$LOCALIZE[561]) | String.IsEqual(Container.SortMethod,$LOCALIZE[558]) | String.IsEqual(Container.SortMethod,$LOCALIZE[557]) | String.IsEqual(Container.SortMethod,$LOCALIZE[556])]">[B]$INFO[ListItem.SortLetter][/B]</value>
		<value condition="Window.IsVisible(Programs)">$LOCALIZE[0] [COLOR=Color2]$INFO[Container.FolderName][/COLOR]</value>
		<value>$LOCALIZE[12600]</value>
	</variable>

	<variable name="window:Debug">
		<value condition="Window.IsVisible(AddonBrowser.xml)">AddonBrowser.xml</value>
		<value condition="Window.IsVisible(FileManager.xml)">FileManager.xml</value>
		<value condition="Window.IsVisible(Home.xml)">Home.xml</value>
		<value condition="Window.IsVisible(LoginScreen.xml)">LoginScreen.xml</value>
		<value condition="Window.IsVisible(MyMusicNav.xml)">MyMusicNav.xml</value>
		<value condition="Window.IsVisible(MyMusicPlaylist.xml)">MyMusicPlaylist.xml</value>
		<value condition="Window.IsVisible(MyMusicPlaylistEditor.xml)">MyMusicPlaylistEditor.xml</value>
		<value condition="Window.IsVisible(MyMusicSongs.xml)">MyMusicSongs.xml</value>
		<value condition="Window.IsVisible(MyPics.xml)">MyPics.xml</value>
		<value condition="Window.IsVisible(MyPrograms.xml)">MyPrograms.xml</value>
		<value condition="Window.IsVisible(MyVideoNav.xml)">MyVideoNav.xml</value>
		<value condition="Window.IsVisible(MyVideoPlaylist.xml)">MyVideoPlaylist.xml</value>
		<value condition="Window.IsVisible(MyWeather.xml)">MyWeather.xml</value>
		<value condition="Window.IsVisible(Settings.xml)">Settings.xml</value>
		<value condition="Window.IsVisible(SettingsCategory.xml)">SettingsCategory.xml</value>
		<value condition="Window.IsVisible(SettingsProfile.xml)">SettingsProfile.xml</value>
		<value condition="Window.IsVisible(SkinSettings.xml)">SkinSettings.xml</value>
		<value condition="Window.IsVisible(DialogAddonInfo.xml)">DialogAddonInfo.xml</value>
		<value condition="Window.IsVisible(DialogAddonSettings.xml)">DialogAddonSettings.xml</value>
		<value condition="Window.IsVisible(DialogAlbumInfo.xml)">DialogAlbumInfo.xml</value>
		<value condition="Window.IsVisible(DialogBusy.xml)">DialogBusy.xml</value>
		<value condition="Window.IsVisible(DialogButtonMenu.xml)">DialogButtonMenu.xml</value>
		<value condition="Window.IsVisible(DialogContentSettings.xml)">DialogContentSettings.xml</value>
		<value condition="Window.IsVisible(DialogContextMenu.xml)">DialogContextMenu.xml</value>
		<value condition="Window.IsVisible(DialogExtendedProgressBar.xml)">DialogExtendedProgressBar.xml</value>
		<value condition="Window.IsVisible(DialogFavourites.xml)">DialogFavourites.xml</value>
		<value condition="Window.IsVisible(DialogFileStacking.xml)">DialogFileStacking.xml</value>
		<value condition="Window.IsVisible(DialogKaiToast.xml)">DialogKaiToast.xml</value>
		<value condition="Window.IsVisible(DialogFullScreenInfo.xml)">DialogFullScreenInfo.xml</value>
		<value condition="Window.IsVisible(DialogKaraokeSongSelector.xml)">DialogKaraokeSongSelector.xml</value>
		<value condition="Window.IsVisible(DialogKaraokeSongSelectorLarge.xml)">DialogKaraokeSongSelectorLarge.xml</value>
		<value condition="Window.IsVisible(DialogKeyboard.xml)">DialogKeyboard.xml</value>
		<value condition="Window.IsVisible(DialogMediaFilter.xml)">DialogMediaFilter.xml</value>
		<value condition="Window.IsVisible(DialogMediaSource.xml)">DialogMediaSource.xml</value>
		<value condition="Window.IsVisible(DialogMuteBug.xml)">DialogMuteBug.xml</value>
		<value condition="Window.IsVisible(DialogNetworkSetup.xml)">DialogNetworkSetup.xml</value>
		<value condition="Window.IsVisible(DialogNumeric.xml)">DialogNumeric.xml</value>
		<value condition="Window.IsVisible(DialogOK.xml)">DialogOK.xml</value>
		<value condition="Window.IsVisible(DialogPeripheralManager.xml)">DialogPeripheralManager.xml</value>
		<value condition="Window.IsVisible(DialogPeripheralSettings.xml)">DialogPeripheralSettings.xml</value>
		<value condition="Window.IsVisible(DialogPictureInfo.xml)">DialogPictureInfo.xml</value>
		<value condition="Window.IsVisible(DialogProgress.xml)">DialogProgress.xml</value>
		<value condition="Window.IsVisible(DialogPVRChannelManager.xml)">DialogPVRChannelManager.xml</value>
		<value condition="Window.IsVisible(DialogPVRChannelsOSD.xml)">DialogPVRChannelsOSD.xml</value>
		<value condition="Window.IsVisible(DialogPVRGroupManager.xml)">DialogPVRGroupManager.xml</value>
		<value condition="Window.IsVisible(DialogPVRGuideInfo.xml)">DialogPVRGuideInfo.xml</value>
		<value condition="Window.IsVisible(DialogPVRGuideOSD.xml)">DialogPVRGuideOSD.xml</value>
		<value condition="Window.IsVisible(DialogPVRGuideSearch.xml)">DialogPVRGuideSearch.xml</value>
		<value condition="Window.IsVisible(DialogPVRRecordingInfo.xml)">DialogPVRRecordingInfo.xml</value>
		<value condition="Window.IsVisible(DialogPVRTimerSettings.xml)">DialogPVRTimerSettings.xml</value>
		<value condition="Window.IsVisible(DialogSeekbar.xml)">DialogSeekbar.xml</value>
		<value condition="Window.IsVisible(DialogSelect.xml)">DialogSelect.xml</value>
		<value condition="Window.IsVisible(DialogSlider.xml)">DialogSlider.xml</value>
		<value condition="Window.IsVisible(DialogSongInfo.xml)">DialogSongInfo.xml</value>
		<value condition="Window.IsVisible(DialogPictureInfo.xml)">DialogPictureInfo.xml</value>
		<value condition="Window.IsVisible(DialogSubtitles.xml)">DialogSubtitles.xml</value>
		<value condition="Window.IsVisible(DialogTextViewer.xml)">DialogTextViewer.xml</value>
		<value condition="Window.IsVisible(DialogVideoInfo.xml)">DialogVideoInfo.xml</value>
		<value condition="Window.IsVisible(DialogVolumeBar.xml)">DialogVolumeBar.xml</value>
		<value condition="Window.IsVisible(DialogYesNo.xml)">DialogYesNo.xml</value>
		<value condition="Window.IsVisible(FileBrowser.xml)">FileBrowser.xml</value>
		<value condition="Window.IsVisible(LockSettings.xml)">LockSettings.xml</value>
		<value condition="Window.IsVisible(MusicKaraokeLyrics.xml)">MusicKaraokeLyrics.xml</value>
		<value condition="Window.IsVisible(MusicOSD.xml)">MusicOSD.xml</value>
		<value condition="Window.IsVisible(MusicOverlay.xml)">MusicOverlay.xml</value>
		<value condition="Window.IsVisible(MusicVisualisation.xml)">MusicVisualisation.xml</value>
		<value condition="Window.IsVisible(PlayerControls.xml)">PlayerControls.xml</value>
		<value condition="Window.IsVisible(ProfileSettings.xml)">ProfileSettings.xml</value>
		<value condition="Window.IsVisible(SettingsScreenCalibration.xml)">SettingsScreenCalibration.xml</value>
		<value condition="Window.IsVisible(SettingsUICalibration.xml)">SettingsUICalibration.xml</value>
		<value condition="Window.IsVisible(SettingsSystemInfo.xml)">SettingsSystemInfo.xml</value>
		<value condition="Window.IsVisible(SlideShow.xml)">SlideShow.xml</value>
		<value condition="Window.IsVisible(SmartPlaylistEditor.xml)">SmartPlaylistEditor.xml</value>
		<value condition="Window.IsVisible(SmartPlaylistRule.xml)">SmartPlaylistRule.xml</value>
		<value condition="Window.IsVisible(VideoOSD.xml)">VideoOSD.xml</value>
		<value condition="Window.IsVisible(VideoOSDBookmarks.xml)">VideoOSDBookmarks.xml</value>
		<value condition="Window.IsVisible(VideoOSDSettings.xml)">VideoOSDSettings.xml</value>
		<value condition="Window.IsVisible(VideoOverlay.xml)">VideoOverlay.xml</value>
		<value condition="Window.IsVisible(VisualisationPresetList.xml)">VisualisationPresetList.xml</value>
	</variable>

	<variable name="view:List.TextColor">
		<value condition="Window.IsActive(script-globalsearch-main.xml) + !String.IsEqual(Window(Home).Property(category),focus)">Color4</value>
		<!--9050 = nextaired tv guide days list-->
		<value condition="!Window.IsActive(script-globalsearch-main.xml) + ![ControlGroup(6000).HasFocus | ControlGroup(4000).HasFocus | Control.HasFocus(70) | Control.HasFocus(99) | ControlGroup(9050).HasFocus()]">Color4</value>
		<value>Color1</value>
	</variable>
	<variable name="view:List.TextColor2">
		<value condition="Window.IsActive(script-globalsearch-main.xml) + !String.IsEqual(Window(Home).Property(category),focus)">Color4</value>
		<!--9050 = nextaired tv guide days list-->
		<value condition="!Window.IsActive(script-globalsearch-main.xml) + ![ControlGroup(6000).HasFocus | ControlGroup(4000).HasFocus | Control.HasFocus(70) | Control.HasFocus(99) | ControlGroup(9050).HasFocus()]">Color4</value>
		<value>Color2</value>
	</variable>


	<variable name="art:Fanart">
		<value condition="!String.IsEmpty(ListItem.Property(Fanart_Image))">$INFO[ListItem.Property(Fanart_Image)]</value>
		<value condition="!String.IsEmpty(ListItem.Art(fanart))">$INFO[ListItem.Art(fanart)]</value>
		<value condition="!String.IsEmpty(ListItem.Art(thumb))">$INFO[ListItem.Art(thumb)]</value>
		<value>thumbs/default_Landscape.png</value>
	</variable>

</includes>