<?xml version="1.0" encoding="UTF-8"?>
<window>
	<defaultcontrol always="true">2</defaultcontrol>
	<include>transition_Dialog</include>
	<coordinates>
		<system>1</system>
		<left>135</left>
		<top>43</top>
	</coordinates>
	<controls>

		<control type="group" id="250">
			<width>1010</width>
			<height>635</height>
			<visible>Player.HasVideo</visible>
			<include content="dialog_WindowCommons">
				<param name="DialogWidth" value="1015"/>
				<param name="DialogHeight" value="635"/>
				<param name="DialogHeader" value="298"/>
			</include>

			<control type="group">
				<left>15</left>
				<top>60</top>
				<control type="panel" id="11">
					<width>795</width>
					<height>555</height>
					<onleft>noop</onleft>
					<onright>999</onright>
					<onup>11</onup>
					<ondown>11</ondown>
					<orientation>vertical</orientation>
					<include>global_Scrolltime</include>
					<include>fadeinout</include>
					<itemlayout width="265" height="185">
						<control type="image">
							<left>85</left>
							<top>32</top>
							<width>96</width>
							<height>96</height>
							<texture>DefaultVideo.png</texture>
							<colordiffuse>Color4</colordiffuse>
						</control>
						<control type="image">
							<left>10</left>
							<top>10</top>
							<width>245</width>
							<height>138</height>
							<texture>$INFO[ListItem.Icon]</texture>
							<aspectratio>scale</aspectratio>
						</control>
						<control type="label">
							<top>145</top>
							<width>265</width>
							<align>center</align>
							<label>$INFO[ListItem.Label]$INFO[ListItem.Label2, (,)]</label>
							<include>dialog_ControlCommons</include>
						</control>
					</itemlayout>
					<focusedlayout width="265" height="185">
						<control type="image">
							<width>265</width>
							<height>185</height>
							<include>dialog_CommonListFocus</include>
						</control>
						<control type="image">
							<left>85</left>
							<top>32</top>
							<width>96</width>
							<height>96</height>
							<texture>DefaultVideo.png</texture>
							<colordiffuse>Color1</colordiffuse>
						</control>
						<control type="image">
							<left>10</left>
							<top>10</top>
							<width>245</width>
							<height>138</height>
							<texture>$INFO[ListItem.Icon]</texture>
							<aspectratio>scale</aspectratio>
						</control>
						<control type="label">
							<top>145</top>
							<width>265</width>
							<label>$INFO[ListItem.Label]$INFO[ListItem.Label2, (,)]</label>
							<textcolor>Color1</textcolor>
							<align>center</align>
							<include>dialog_ControlCommons</include>
						</control>
					</focusedlayout>	
				</control>
			</control>

			<!--dialog controls-->
			<control type="grouplist" id="999">
				<top>70</top>
				<right>15</right>
				<width>180</width>
				<height min="40" max="140">auto</height>
				<itemgap>10</itemgap>
				<onup>999</onup>
				<ondown>999</ondown>
				<onleft>11</onleft>
				<onright>noop</onright>
				<orientation>vertical</orientation>
				<!--manual-->
				<include content="dialog_Button">
					<param name="ID" value="2" />
					<param name="Width" value="180" />
					<param name="Label" value="$LOCALIZE[31331]" />
				</include>
				<!--cancel-->
				<include content="dialog_Button">
					<param name="ID" value="3" />
					<param name="Width" value="180" />
					<param name="Label" value="$LOCALIZE[192]" />
				</include>
				<!--cancel-->
				<include content="dialog_Button">
					<param name="ID" value="4" />
					<param name="Width" value="180" />
					<param name="Label" value="$LOCALIZE[31332]" />
					<param name="Enabled" value="VideoPlayer.Content(episodes)" />
				</include>
			</control>
		</control>
	</controls>
</window>