<?xml version="1.0" encoding="UTF-8"?>
<includes>

	<include name="view_Column-Commons">
		<param name="Texture" default="views/column-nf.png"/>
		<param name="Left"/>
		<param name="Width"/>
		<param name="Height" default="42"/>
		<param name="ColorDiffuse" default="column2"/>
		<param name="TextLeft" default="15"/>
		<param name="TextWidth"/>
		<param name="TextHeight" default="40"/>
		<param name="Font" default="regular"/>
		<param name="Color" default="Color1"/>
		<param name="InfoLabel" default="$INFO[ListItem.Label]"/>
		<definition>
			<control type="image">
				<left>$PARAM[Left]</left>
				<width>$PARAM[Width]</width>
				<height>$PARAM[Height]</height>
				<texture>$PARAM[Texture]</texture>
				<colordiffuse>$PARAM[ColorDiffuse]</colordiffuse>
			</control>
			<control type="label">
				<left>$PARAM[TextLeft]</left>
				<width>$PARAM[TextWidth]</width>
				<label>$PARAM[InfoLabel]</label>
				<height>$PARAM[TextHeight]</height>
				<font>$PARAM[Font]</font>
				<textcolor>$PARAM[Color]</textcolor>
				<selectedcolor>Selected</selectedcolor>
			</control>
		</definition>
	</include>

	<include name="view_Column-PVRStatus">
		<param name="Left"/>
		<param name="Top" default="7"/>
		<param name="ColorDiffuse" default="Color1"/>
		<param name="Size" default="28"/>
		<definition>
			<control type="group">
				<left>$PARAM[Left]</left>
				<top>$PARAM[Top]</top>
				<visible>!String.IsEmpty(ListItem.StartTime)</visible>
				<control type="image">
					<width>$PARAM[Size]</width>
					<height>$PARAM[Size]</height>
					<texture>pvr/status/none-nf.png</texture>
					<colordiffuse>$PARAM[ColorDiffuse]</colordiffuse>
					<!--!enabled +!recording active-->
					<visible>!String.IsEqual(ListItem.Comment,$LOCALIZE[305]) + !String.IsEqual(ListItem.Comment,$LOCALIZE[19162])</visible>
				</control>
				<control type="image">
					<width>$PARAM[Size]</width>
					<height>$PARAM[Size]</height>
					<texture>pvr/status/none-nf.png</texture>
					<colordiffuse>$PARAM[ColorDiffuse]</colordiffuse>
					<!--!enabled +!recording active-->
					<visible>!String.IsEqual(ListItem.Comment,$LOCALIZE[305]) + !String.IsEqual(ListItem.Comment,$LOCALIZE[19162])</visible>
				</control>
				<control type="image">
					<width>$PARAM[Size]</width>
					<height>$PARAM[Size]</height>
					<texture>pvr/status/enabled.png</texture>
					<colordiffuse>rec2</colordiffuse>
					<!--recording active-->
					<visible>String.IsEqual(ListItem.Comment,$LOCALIZE[19162])</visible>
				</control>
				<control type="image">
					<width>$PARAM[Size]</width>
					<height>$PARAM[Size]</height>
					<texture>pvr/status/enabled.png</texture>
					<colordiffuse>$PARAM[ColorDiffuse]</colordiffuse>
					<!--enabled-->
					<visible>String.IsEqual(ListItem.Comment,$LOCALIZE[305])</visible>
				</control>
			</control>
		</definition>
	</include>


	<!--MUSIC PLAYLIST VIEW-->
	<include name="view_Column-Playlist">
		<control type="group">
			<left>40</left>
			<top>110</top>
			<include>transition_Content</include>
			<include>transition_Info</include>
			<include>toggle_Menu</include>
			<control type="group">
				<left>10</left>
				<control type="label">
					<label>$LOCALIZE[369]</label>
					<width>595</width>
					<include>column_Header</include>
				</control>
				<control type="label">
					<left>352</left>
					<label>$LOCALIZE[557]</label>
					<width>595</width>
					<include>column_Header</include>
				</control>
				<control type="label">
					<left>654</left>
					<label>$LOCALIZE[558]</label>
					<width>595</width>
					<include>column_Header</include>
				</control>
			</control>
			<control type="list" id="50">
				<viewtype label="535">list</viewtype> 	
				<top>35</top>
				<width>1200</width>
				<height>528</height>
				<onup>50</onup>
				<ondown>50</ondown>
				<onleft>6000</onleft>
				<onright>70</onright>
				<pagecontrol>70</pagecontrol>
				<include>global_ListScroll</include>
				<orientation>vertical</orientation>
				<visible>Window.IsActive(musicplaylist)</visible>
				<itemlayout width="1200" height="44">
					<include content="view_Column-Commons">
						<param name="Width" value="350"/>
						<param name="TextLeft" value="10"/>
						<param name="TextWidth" value="330"/>
						<param name="InfoLabel" value="$INFO[ListItem.Title]"/>
					</include>
					<include content="view_Column-Commons">
						<param name="Left" value="352"/>
						<param name="Width" value="300"/>
						<param name="TextLeft" value="362"/>
						<param name="TextWidth" value="280"/>
						<param name="InfoLabel" value="$INFO[ListItem.Artist]"/>
					</include>
					<include content="view_Column-Commons">
						<param name="Left" value="654"/>
						<param name="Width" value="300"/>
						<param name="TextLeft" value="664"/>
						<param name="TextWidth" value="280"/>
						<param name="InfoLabel" value="$INFO[ListItem.Album]"/>
					</include>
					<include content="view_Column-Commons">
						<param name="Left" value="956"/>
						<param name="Width" value="106"/>
						<param name="TextLeft" value="966"/>
						<param name="TextWidth" value="86"/>
						<param name="InfoLabel" value="$INFO[ListItem.Duration]"/>
					</include>
					<include content="view_Column-Commons">
						<param name="Left" value="1064"/>
						<param name="Width" value="150"/>
						<param name="TextLeft" value="1071"/>
						<param name="TextWidth" value="120"/>
						<param name="Font" value="regular_Small-U"/>
						<param name="InfoLabel" value="$VAR[rating:Song]"/>
					</include>
				</itemlayout>
				<focusedlayout width="1440" height="44">
					<include content="view_Column-Commons">
						<param name="ColorDiffuse" value="Color1"/>
						<param name="Width" value="350"/>
						<param name="TextLeft" value="10"/>
						<param name="TextWidth" value="330"/>
						<param name="InfoLabel" value="$INFO[ListItem.Title]"/>
						<param name="Color" value="Color5"/>
					</include>
					<include content="view_Column-Commons">
						<param name="ColorDiffuse" value="Color1"/>
						<param name="Left" value="352"/>
						<param name="Width" value="300"/>
						<param name="TextLeft" value="362"/>
						<param name="TextWidth" value="280"/>
						<param name="InfoLabel" value="$INFO[ListItem.Artist]"/>
						<param name="Color" value="Color5"/>
					</include>
					<include content="view_Column-Commons">
						<param name="ColorDiffuse" value="Color1"/>
						<param name="Left" value="654"/>
						<param name="Width" value="300"/>
						<param name="TextLeft" value="664"/>
						<param name="TextWidth" value="280"/>
						<param name="InfoLabel" value="$INFO[ListItem.Album]"/>
						<param name="Color" value="Color5"/>
					</include>
					<include content="view_Column-Commons">
						<param name="ColorDiffuse" value="Color1"/>
						<param name="Left" value="956"/>
						<param name="Width" value="106"/>
						<param name="TextLeft" value="966"/>
						<param name="TextWidth" value="86"/>
						<param name="InfoLabel" value="$INFO[ListItem.Duration]"/>
						<param name="Color" value="Color5"/>
					</include>
					<include content="view_Column-Commons">
						<param name="ColorDiffuse" value="Color1"/>
						<param name="Left" value="1064"/>
						<param name="Width" value="150"/>
						<param name="TextLeft" value="1071"/>
						<param name="TextWidth" value="120"/>
						<param name="Font" value="regular_Small-U"/>
						<param name="InfoLabel" value="$VAR[rating:Song]"/>
						<param name="Color" value="Color5"/>
					</include>
				</focusedlayout>
			</control>
		</control>
	</include>


<!--GUIDE TIMELINE-->
	<include name="view_GuideTimeline-LayoutCommons">
		<control type="label" id="1">
			<left>8</left>
			<width>84</width>
			<height>44</height>
			<align>left</align>
			<label>$INFO[ListItem.Label]</label>
			<include>column_CommonListItem</include>
			<visible>!ListItem.HasTimer + !ListItem.IsRecording</visible>
		</control>
		<control type="label" id="1">
			<left>40</left>
			<width>52</width>
			<height>44</height>
			<align>left</align>
			<label>$INFO[ListItem.Label]</label>
			<include>column_CommonListItem</include>
			<visible>ListItem.HasTimer | ListItem.IsRecording</visible>
		</control>
		<control type="group">
			<left>6</left>
			<top>9</top>
			<control type="image">
				<width>28</width>
				<height>28</height>
				<texture>$VAR[pvr:Status]</texture>
				<colordiffuse>Color1</colordiffuse>
				<visible>ListItem.HasTimer + !ListItem.IsRecording</visible>
			</control>
			<control type="image">
				<width>28</width>
				<height>28</height>
				<texture>$VAR[pvr:Status]</texture>
				<colordiffuse>rec1</colordiffuse>
				<visible>ListItem.HasTimer + ListItem.IsRecording</visible>
			</control>
		</control>
	</include>
	<include name="view_GuideTimeline">
	<!--epg grid-->
		<control type="epggrid" id="10">
			<viewtype label="19032">timeline</viewtype>
			<left>35</left>
			<top>91</top>
			<width>1300</width>
			<height>412</height>
			<timeblocks>40</timeblocks>
			<rulerunit>6</rulerunit>
			<progresstexture border="2,58,20,18">pvr/epg_progress.png</progresstexture>
			<onup>10</onup>
			<ondown>10</ondown>
			<onleft>6000</onleft>
			<onright>31</onright>
			<onback>6000</onback>
			<pagecontrol>10</pagecontrol>
			<include>transition_Content</include>
			<include>toggle_Menu</include>
			<include condition="Skin.String(epg.scrolltime,normal)">global_Scrolltime</include>
			<include condition="Skin.String(epg.scrolltime,instant)">epgscroll_Instant</include>
			<include condition="Skin.String(epg.scrolltime,fast)">epgscroll_Fast</include>
			<rulerlayout height="44" width="40">
				<control type="label" id="2">
					<width>34</width>
					<height>42</height>
					<label>$INFO[ListItem.Label]</label>
					<font>condensed</font>
					<textcolor>Color2</textcolor>
				</control>
			</rulerlayout>
			<channellayout width="270" height="46">
				<control type="image">
					<width>270</width>
					<height>46</height>
					<bordersize>1</bordersize>
					<texture>colorize/100.png</texture>
					<colordiffuse>column3</colordiffuse>
				</control>
				<control type="label" id="1">
					<left>15</left>
					<width>250</width>
					<height>44</height>
					<label>[B]$INFO[ListItem.ChannelNumber,,  ][/B]$INFO[ListItem.ChannelName]</label>
					<include>column_CommonListItem</include>
				</control>
			</channellayout>
			<focusedchannellayout width="270" height="46">
				<control type="image">
					<width>270</width>
					<height>46</height>
					<bordersize>1</bordersize>
					<texture>colorize/100.png</texture>
					<colordiffuse>column3</colordiffuse>
				</control>
				<control type="label" id="1">
					<left>15</left>
					<width>250</width>
					<height>44</height>
					<label>[B]$INFO[ListItem.ChannelNumber,,  ][/B]$INFO[ListItem.ChannelName]</label>
					<include>column_CommonListItem</include>
				</control>
			</focusedchannellayout>
			<itemlayout width="100" height="46">
				<control type="image" id="2">
					<width>100</width>
					<height>46</height>
					<bordersize>1</bordersize>
					<texture>pvr/genres/none.png</texture>
					<aspectratio>stretch</aspectratio>
					<visible>String.IsEqual(ListItem.Property(GenreType),0) | String.IsEqual(ListItem.Property(GenreType),10) | String.IsEqual(ListItem.Property(GenreType),20) | String.IsEqual(ListItem.Property(GenreType),30)</visible>
				</control>
				<control type="image" id="2">
					<width>100</width>
					<height>46</height>
					<bordersize>1</bordersize>
					<aspectratio>stretch</aspectratio>
					<texture>pvr/genres/$INFO[ListItem.Property(GenreType)].png</texture>
				</control>
				<include>view_GuideTimeline-LayoutCommons</include>
			</itemlayout>
			<focusedlayout width="100" height="46">
				<control type="image" id="14">
					<width>100</width>
					<height>46</height>
					<colordiffuse>Color1</colordiffuse>
					<include>column_CommonListFocus</include>
				</control>
				<control type="image" id="2">
					<width>100</width>
					<height>46</height>
					<bordersize>2</bordersize>
					<texture>pvr/genres/none.png</texture>
					<aspectratio>stretch</aspectratio>
					<visible>String.IsEqual(ListItem.Property(GenreType),0) | String.IsEqual(ListItem.Property(GenreType),10) | String.IsEqual(ListItem.Property(GenreType),20) | String.IsEqual(ListItem.Property(GenreType),30)</visible>
				</control>
				<control type="image" id="2">
					<width>100</width>
					<height>46</height>
					<bordersize>2</bordersize>
					<aspectratio>stretch</aspectratio>
					<texture>pvr/genres/$INFO[ListItem.Property(GenreType)].png</texture>
				</control>
				<include>view_GuideTimeline-LayoutCommons</include>
			</focusedlayout>
		</control>
	</include>


<!--GUIDE NOW-->
	<include name="view_GuideNow">
		<control type="group">
			<left>39</left>
			<include>transition_Content</include>
			<include>toggle_Menu</include>
			<control type="group">
				<top>100</top>
				<visible>Control.IsVisible(11)</visible>
				<!--channel-->
				<control type="label">
					<left>15</left>
					<width>200</width>
					<label>$LOCALIZE[19148]</label>
					<include>column_Header</include>
				</control>
				<!--title-->
				<control type="label">
					<left>237</left>
					<width>250</width>
					<label>$LOCALIZE[369]</label>
					<include>column_Header</include>
				</control>
				<!--time-->
				<control type="label">
					<left>943</left>
					<width>550</width>
					<label>$LOCALIZE[555]</label>
					<include>column_Header</include>
				</control>
				<!--duration-->
				<control type="label">
					<left>1080</left>
					<width>140</width>
					<label>$LOCALIZE[180]</label>
					<include>column_Header</include>
				</control>
			</control>
			<control type="list" id="11">
				<viewtype label="19030">now</viewtype>
				<top>135</top>
				<width>1200</width>
				<height>352</height>
				<onup>11</onup>
				<ondown>11</ondown>
				<onleft>6000</onleft>
				<onright>70</onright>
				<pagecontrol>70</pagecontrol>
				<scrolltime tween="Cubic" easing="Out">400</scrolltime>
				<include>transition_Content</include>
				<itemlayout width="1200" height="44">	
					<include content="view_Column-Commons">
						<param name="Width" value="220"/>
						<param name="TextWidth" value="200"/>
						<param name="InfoLabel" value="[B]$INFO[ListItem.ChannelNumber,,  ][/B]$INFO[ListItem.ChannelName]"/>
					</include>
					<include content="view_Column-Commons">
						<param name="Left" value="222"/>
						<param name="Width" value="704"/>
						<param name="TextLeft" value="237"/>
						<param name="TextWidth" value="684"/>
					</include>
					<include content="view_Column-Commons">
						<param name="Left" value="928"/>
						<param name="Width" value="135"/>
						<param name="TextLeft" value="943"/>
						<param name="TextWidth" value="115"/>
						<param name="InfoLabel" value="$INFO[ListItem.StartTime]"/>
					</include>
					<include content="view_Column-Commons">
						<param name="Left" value="1065"/>
						<param name="Width" value="135"/>
						<param name="TextLeft" value="1080"/>
						<param name="TextWidth" value="115"/>
						<param name="InfoLabel" value="$INFO[ListItem.Duration]"/>
					</include>
					<include content="view_Column-PVRStatus">
						<param name="Left" value="890"/>
					</include>
				</itemlayout>
				<focusedlayout width="1200" height="44">
					<include content="view_Column-Commons">
						<param name="Width" value="220"/>
						<param name="TextWidth" value="200"/>
						<param name="InfoLabel" value="[B]$INFO[ListItem.ChannelNumber,,  ][/B]$INFO[ListItem.ChannelName]"/>
						<param name="ColorDiffuse" value="Color1"/>
						<param name="Color" value="Color5"/>
					</include>
					<include content="view_Column-Commons">
						<param name="Left" value="222"/>
						<param name="Width" value="704"/>
						<param name="TextLeft" value="237"/>
						<param name="TextWidth" value="684"/>
						<param name="ColorDiffuse" value="Color1"/>
						<param name="Color" value="Color5"/>
					</include>
					<include content="view_Column-Commons">
						<param name="Left" value="928"/>
						<param name="Width" value="135"/>
						<param name="TextLeft" value="943"/>
						<param name="TextWidth" value="115"/>
						<param name="InfoLabel" value="$INFO[ListItem.StartTime]"/>
						<param name="ColorDiffuse" value="Color1"/>
						<param name="Color" value="Color5"/>
					</include>
					<include content="view_Column-Commons">
						<param name="Left" value="1065"/>
						<param name="Width" value="135"/>
						<param name="TextLeft" value="1080"/>
						<param name="TextWidth" value="115"/>
						<param name="InfoLabel" value="$INFO[ListItem.Duration]"/>
						<param name="ColorDiffuse" value="Color1"/>
						<param name="Color" value="Color5"/>
					</include>
					<include content="view_Column-PVRStatus">
						<param name="Left" value="890"/>
						<param name="ColorDiffuse" value="Color4"/>
					</include>
				</focusedlayout>
			</control>
		</control>
	</include>


<!--GUIDE NEXT-->
	<include name="view_GuideNext">
		<control type="group">
			<left>39</left>
			<include>transition_Content</include>
			<include>toggle_Menu</include>
			<control type="group">
				<top>100</top>
				<visible>Control.IsVisible(12)</visible>
				<!--channel-->
				<control type="label">
					<left>15</left>
					<width>200</width>
					<label>$LOCALIZE[19148]</label>
					<include>column_Header</include>
				</control>
				<!--title-->
				<control type="label">
					<left>237</left>
					<width>250</width>
					<label>$LOCALIZE[369]</label>
					<include>column_Header</include>
				</control>
				<!--time-->
				<control type="label">
					<left>943</left>
					<width>550</width>
					<label>$LOCALIZE[555]</label>
					<include>column_Header</include>
				</control>
				<!--duration-->
				<control type="label">
					<left>1080</left>
					<width>140</width>
					<label>$LOCALIZE[180]</label>
					<include>column_Header</include>
				</control>
			</control>
			<control type="list" id="12">
				<viewtype label="19031">next</viewtype>
				<top>135</top>
				<width>1200</width>
				<height>352</height>
				<onup>12</onup>
				<ondown>12</ondown>
				<onleft>6000</onleft>
				<onright>70</onright>
				<pagecontrol>70</pagecontrol>
				<scrolltime tween="Cubic" easing="Out">400</scrolltime>
				<include>transition_Content</include>
				<itemlayout width="1200" height="44">
					<include content="view_Column-Commons">
						<param name="Width" value="220"/>
						<param name="TextWidth" value="200"/>
						<param name="InfoLabel" value="[B]$INFO[ListItem.ChannelNumber,,  ][/B]$INFO[ListItem.ChannelName]"/>
					</include>
					<include content="view_Column-Commons">
						<param name="Left" value="222"/>
						<param name="Width" value="704"/>
						<param name="TextLeft" value="237"/>
						<param name="TextWidth" value="684"/>
					</include>
					<include content="view_Column-Commons">
						<param name="Left" value="928"/>
						<param name="Width" value="135"/>
						<param name="TextLeft" value="943"/>
						<param name="TextWidth" value="115"/>
						<param name="InfoLabel" value="$INFO[ListItem.StartTime]"/>
					</include>
					<include content="view_Column-Commons">
						<param name="Left" value="1065"/>
						<param name="Width" value="135"/>
						<param name="TextLeft" value="1080"/>
						<param name="TextWidth" value="115"/>
						<param name="InfoLabel" value="$INFO[ListItem.Duration]"/>
					</include>
					<include content="view_Column-PVRStatus">
						<param name="Left" value="890"/>
					</include>
				</itemlayout>
				<focusedlayout width="1200" height="44">
					<include content="view_Column-Commons">
						<param name="Width" value="220"/>
						<param name="TextWidth" value="200"/>
						<param name="InfoLabel" value="[B]$INFO[ListItem.ChannelNumber,,  ][/B]$INFO[ListItem.ChannelName]"/>
						<param name="ColorDiffuse" value="Color1"/>
						<param name="Color" value="Color5"/>
					</include>
					<include content="view_Column-Commons">
						<param name="Left" value="222"/>
						<param name="Width" value="704"/>
						<param name="TextLeft" value="237"/>
						<param name="TextWidth" value="684"/>
						<param name="ColorDiffuse" value="Color1"/>
						<param name="Color" value="Color5"/>
					</include>
					<include content="view_Column-Commons">
						<param name="Left" value="928"/>
						<param name="Width" value="135"/>
						<param name="TextLeft" value="943"/>
						<param name="TextWidth" value="115"/>
						<param name="InfoLabel" value="$INFO[ListItem.StartTime]"/>
						<param name="ColorDiffuse" value="Color1"/>
						<param name="Color" value="Color5"/>
					</include>
					<include content="view_Column-Commons">
						<param name="Left" value="1065"/>
						<param name="Width" value="135"/>
						<param name="TextLeft" value="1080"/>
						<param name="TextWidth" value="115"/>
						<param name="InfoLabel" value="$INFO[ListItem.Duration]"/>
						<param name="ColorDiffuse" value="Color1"/>
						<param name="Color" value="Color5"/>
					</include>
					<include content="view_Column-PVRStatus">
						<param name="Left" value="890"/>
						<param name="ColorDiffuse" value="Color4"/>
					</include>
				</focusedlayout>
			</control>
		</control>
	</include>


<!--GUIDE CHANNELS-->
	<include name="view_GuideChannels">
		<control type="group">
			<left>39</left>
			<include>transition_Content</include>
			<include>toggle_Menu</include>
			<!--info-->
			<control type="group">
				<left>15</left>
				<top>100</top>
				<visible>Control.IsVisible(13)</visible>
				<!--time-->
				<control type="label">
					<left>15</left>
					<width>115</width>
					<label>$LOCALIZE[555]</label>
					<include>column_Header</include>
				</control>
				<!--title-->
				<control type="label">
					<left>137</left>
					<width>751</width>
					<label>$LOCALIZE[369]</label>
					<include>column_Header</include>
				</control>
				<!--date-->
				<control type="label">
					<left>890</left>
					<width>282</width>
					<label>$LOCALIZE[552]</label>
					<include>column_Header</include>
				</control>
			</control>
			<!--container-->
			<control type="list" id="13">
				<viewtype label="19029">channels</viewtype>
				<top>135</top>
				<width>1220</width>
				<height>352</height>
				<onup>13</onup>
				<ondown>13</ondown>
				<onleft>6000</onleft>
				<onright>70</onright>
				<pagecontrol>70</pagecontrol>
				<scrolltime tween="Cubic" easing="Out">400</scrolltime>
				<itemlayout width="1200" height="44">
					<include content="view_Column-Commons">
						<param name="Width" value="135"/>
						<param name="TextWidth" value="115"/>
						<param name="InfoLabel" value="$INFO[ListItem.StartTime]"/>
					</include>
					<include content="view_Column-Commons">
						<param name="Left" value="137"/>
						<param name="Width" value="751"/>
						<param name="TextLeft" value="152"/>
						<param name="TextWidth" value="731"/>
					</include>
					<include content="view_Column-Commons">
						<param name="Left" value="890"/>
						<param name="Width" value="302"/>
						<param name="TextLeft" value="905"/>
						<param name="TextWidth" value="282"/>
						<param name="InfoLabel" value="$INFO[ListItem.StartDate]"/>
					</include>
					<include content="view_Column-PVRStatus">
						<param name="Left" value="855"/>
					</include>
				</itemlayout>
				<focusedlayout width="1200" height="44">
					<include content="view_Column-Commons">
						<param name="Width" value="135"/>
						<param name="TextWidth" value="115"/>
						<param name="InfoLabel" value="$INFO[ListItem.StartTime]"/>
						<param name="ColorDiffuse" value="Color1"/>
						<param name="Color" value="Color5"/>
					</include>
					<include content="view_Column-Commons">
						<param name="Left" value="137"/>
						<param name="Width" value="751"/>
						<param name="TextLeft" value="152"/>
						<param name="TextWidth" value="731"/>
						<param name="ColorDiffuse" value="Color1"/>
						<param name="Color" value="Color5"/>
					</include>
					<include content="view_Column-Commons">
						<param name="Left" value="890"/>
						<param name="Width" value="302"/>
						<param name="TextLeft" value="905"/>
						<param name="TextWidth" value="282"/>
						<param name="InfoLabel" value="$INFO[ListItem.StartDate]"/>
						<param name="ColorDiffuse" value="Color1"/>
						<param name="Color" value="Color5"/>
					</include>
					<include content="view_Column-PVRStatus">
						<param name="Left" value="855"/>
						<param name="ColorDiffuse" value="Color4"/>
					</include>
				</focusedlayout>
			</control>
		</control>
	</include>


<!--SEARCH-->
	<include name="view_PVR-search">
		<control type="group">
			<left>40</left>
			<include>transition_Content</include>
			<include>toggle_Menu</include>
			<control type="group">
				<top>125</top>
				<visible>Control.IsVisible(50)</visible>
				<!--time-->
				<control type="label">
					<left>15</left>
					<width>200</width>
					<label>19148</label>
					<include>column_Header</include>
				</control>
				<!--title-->
				<control type="label">
					<left>237</left>
					<width>517</width>
					<label>369</label>
					<include>column_Header</include>
				</control>
				<!--date-->
				<control type="label">
					<left>776</left>
					<width>756</width>
					<label>552</label>
					<include>column_Header</include>
				</control>
				<!--time-->
				<control type="label">
					<left>1080</left>
					<width>115</width>
					<label>555</label>
					<include>column_Header</include>
				</control>
			</control>
			<control type="list" id="50">
				<top>155</top>
				<width>1200</width>
				<height>352</height>
				<onup>50</onup>
				<ondown>50</ondown>
				<onleft>6000</onleft>
				<onright>70</onright>
				<pagecontrol>70</pagecontrol>
				<scrolltime tween="Cubic" easing="Out">200</scrolltime>
				<itemlayout height="44" width="1200">
					<include content="view_Column-Commons">
						<param name="Width" value="220"/>
						<param name="TextWidth" value="200"/>
						<param name="InfoLabel" value="[B]$INFO[ListItem.ChannelNumber,,  ][/B]$INFO[ListItem.ChannelName]"/>
					</include>
					<include content="view_Column-Commons">
						<param name="Left" value="222"/>
						<param name="Width" value="537"/>
						<param name="TextLeft" value="237"/>
						<param name="TextWidth" value="517"/>
					</include>
					<include content="view_Column-Commons">
						<param name="Left" value="761"/>
						<param name="Width" value="302"/>
						<param name="TextLeft" value="776"/>
						<param name="TextWidth" value="756"/>
						<param name="InfoLabel" value="$INFO[ListItem.StartDate]"/>
					</include>
					<include content="view_Column-Commons">
						<param name="Left" value="1065"/>
						<param name="Width" value="135"/>
						<param name="TextLeft" value="1080"/>
						<param name="TextWidth" value="115"/>
						<param name="InfoLabel" value="$INFO[ListItem.StartTime]"/>
					</include>
					<include content="view_Column-PVRStatus">
						<param name="Left" value="724"/>
					</include>
				</itemlayout>
				<focusedlayout height="44" width="1200">
					<include content="view_Column-Commons">
						<param name="Width" value="220"/>
						<param name="TextWidth" value="200"/>
						<param name="InfoLabel" value="[B]$INFO[ListItem.ChannelNumber,,  ][/B]$INFO[ListItem.ChannelName]"/>
						<param name="ColorDiffuse" value="Color1"/>
						<param name="Color" value="Color5"/>
					</include>
					<include content="view_Column-Commons">
						<param name="Left" value="222"/>
						<param name="Width" value="537"/>
						<param name="TextLeft" value="237"/>
						<param name="TextWidth" value="517"/>
						<param name="ColorDiffuse" value="Color1"/>
						<param name="Color" value="Color5"/>
					</include>
					<include content="view_Column-Commons">
						<param name="Left" value="761"/>
						<param name="Width" value="302"/>
						<param name="TextLeft" value="776"/>
						<param name="TextWidth" value="756"/>
						<param name="InfoLabel" value="$INFO[ListItem.StartDate]"/>
						<param name="ColorDiffuse" value="Color1"/>
						<param name="Color" value="Color5"/>
					</include>
					<include content="view_Column-Commons">
						<param name="Left" value="1065"/>
						<param name="Width" value="135"/>
						<param name="TextLeft" value="1080"/>
						<param name="TextWidth" value="115"/>
						<param name="InfoLabel" value="$INFO[ListItem.StartTime]"/>
						<param name="ColorDiffuse" value="Color1"/>
						<param name="Color" value="Color5"/>
					</include>
					<include content="view_Column-PVRStatus">
						<param name="Left" value="724"/>
						<param name="ColorDiffuse" value="Color4"/>
					</include>
				</focusedlayout>
			</control>
		</control>
	</include>


<!--TIMERS-->
	<include name="view_PVR-timers">
		<control type="group">
			<left>40</left>
			<include>toggle_Menu</include>
			<include>transition_Content</include>
			<control type="group">
				<left>15</left>
				<top>125</top>
				<visible>Control.IsVisible(50)</visible>
				<!--time-->
				<control type="label">
					<width>180</width>
					<label>$LOCALIZE[552]</label>
					<include>column_Header</include>
				</control>
				<!--title-->
				<control type="label">
					<left>202</left>
					<width>746</width>
					<label>$LOCALIZE[369]</label>
					<include>column_Header</include>
				</control>
				<!--date-->
				<control type="label">
					<left>980</left>
					<width>210</width>
					<label>$LOCALIZE[555]</label>
					<include>column_Header</include>
				</control>
			</control>
			<control type="list" id="50">
				<top>155</top>
				<width>1200</width>
				<height>528</height>
				<onup>50</onup>
				<ondown>50</ondown>
				<onleft>6000</onleft>
				<onright>70</onright>
				<pagecontrol>70</pagecontrol>
				<scrolltime tween="Cubic" easing="Out">400</scrolltime>
				<itemlayout width="1200" height="44">
					<include content="view_Column-Commons">
						<param name="Width" value="302"/>
						<param name="TextWidth" value="282"/>
						<param name="InfoLabel" value="$INFO[ListItem.StartDate]"/>
					</include>
					<include content="view_Column-Commons">
						<param name="Left" value="304"/>
						<param name="Width" value="674"/>
						<param name="TextLeft" value="319"/>
						<param name="TextWidth" value="654"/>
					</include>
					<include content="view_Column-Commons">
						<param name="Left" value="980"/>
						<param name="Width" value="220"/>
						<param name="TextLeft" value="990"/>
						<param name="TextWidth" value="200"/>
						<param name="InfoLabel" value="$INFO[ListItem.StartTime]$INFO[ListItem.EndTime, - ]"/>
					</include>
					<include content="view_Column-PVRStatus">
						<param name="Left" value="943"/>
					</include>
				</itemlayout>
				<focusedlayout width="1200" height="44">
					 <include content="view_Column-Commons">
					 	<param name="Texture" value="views/column-fo.png"/>
						<param name="ColorDiffuse" value="Color1"/>
						<param name="Width" value="302"/>
						<param name="TextWidth" value="282"/>
						<param name="InfoLabel" value="$INFO[ListItem.StartDate]"/>
						<param name="Color" value="Color5"/>
					</include>
					<include content="view_Column-Commons">
						<param name="Texture" value="views/column-fo.png"/>
						<param name="ColorDiffuse" value="Color1"/>
						<param name="Left" value="304"/>
						<param name="Width" value="674"/>
						<param name="TextLeft" value="319"/>
						<param name="TextWidth" value="654"/>
						<param name="Color" value="Color5"/>
					</include>
					<include content="view_Column-Commons">
						<param name="Texture" value="views/column-fo.png"/>
						<param name="ColorDiffuse" value="Color1"/>
						<param name="Left" value="980"/>
						<param name="Width" value="220"/>
						<param name="TextLeft" value="990"/>
						<param name="TextWidth" value="200"/>
						<param name="InfoLabel" value="$INFO[ListItem.StartTime]$INFO[ListItem.EndTime, - ]"/>
						<param name="Color" value="Color5"/>		
					</include>
					<include content="view_Column-PVRStatus">
						<param name="Left" value="943"/>
						<param name="ColorDiffuse" value="Color4"/>
					</include>
				</focusedlayout>
			</control>
		</control>
	</include>
</includes>