<?xml version="1.0" encoding="UTF-8"?>
<includes>

	<include name="view_Icon-Frame">
		<param name="Width" default="184"/>
		<param name="Height" default="266"/>
		<param name="State" default="frames/frame-nf.png"/>
		<definition>
			<control type="image">
				<width>$PARAM[Width]</width>
				<height>$PARAM[Height]</height>
				<texture>$PARAM[State]</texture>
			</control>
		</definition>
	</include>

	<include name="view_Icon-Art">
		<param name="Left" default="7"/>
		<param name="Top" default="7"/>
		<param name="Width" default="170"/>
		<param name="Height" default="252"/>
		<param name="Fallback" default="thumbs/default_Portrait.png"/>
		<param name="IconSize" default="72"/>
		<param name="ShowActualIcon" default="String.IsEmpty(ListItem.Art(thumb))"/>
		<param name="ShowLogo" default="false"/>
		<param name="Art" default="$VAR[art:Portrait]"/>
		<param name="ActualIcon" default="$INFO[ListItem.ActualIcon]"/>
		<definition>
			<control type="group">
				<left>$PARAM[Left]</left>
				<top>$PARAM[Top]</top>
				<width>$PARAM[Width]</width>
				<height>$PARAM[Height]</height>
				<control type="image">
					<width>$PARAM[Width]</width>
					<height>$PARAM[Height]</height>
					<texture background="true">$PARAM[Fallback]</texture>
					<aspectratio>scale</aspectratio>
				</control>
				<control type="image">
					<texture>$PARAM[ActualIcon]</texture>
					<width>$PARAM[IconSize]</width>
					<height>$PARAM[IconSize]</height>
					<centerleft>50%</centerleft>
					<centertop>50%</centertop>
					<visible>$PARAM[ShowActualIcon]</visible>
				</control>
				<control type="image">
					<width>$PARAM[Width]</width>
					<height>$PARAM[Height]</height>
					<texture background="true">$PARAM[Art]</texture>
					<aspectratio>scale</aspectratio>
					<visible>!String.Contains(ListItem.Icon,DefaultFolder)</visible>
				</control>
				<control type="image">
					<centerleft>50%</centerleft>
					<bottom>10</bottom>
					<width>50%</width>
					<aspectratio align="center" aligny="bottom">keep</aspectratio>
					<include>art_Logo</include>
					<visible>$PARAM[ShowLogo]</visible>
				</control>
			</control>
		</definition>
	</include>

	<include name="view_Icon-Data">
		<param name="Left" default="7"/>
		<param name="Top" default="225"/>
		<param name="Font" default="semibold_Big-U"/>
		<param name="Color1" default="Color1"/>
		<param name="Color2" default="Color2"/>
		<param name="Width" default="380"/>
		<param name="Label1" default="$VAR[media:Title]"/>
		<param name="Label2" default="$VAR[media:Info]"/>
		<definition>
			<control type="group">
				<left>$PARAM[Left]</left>
				<top>$PARAM[Top]</top>
				<control type="label" id="110">
					<width>$PARAM[Width]</width>
					<height>28</height>
					<label>$PARAM[Label1]</label>
					<font>$PARAM[Font]</font>
					<textcolor>$PARAM[Color1]</textcolor>
					<selectedcolor>Selected</selectedcolor>
				</control>
				<control type="label" id="110">
					<top>22</top>
					<height>25</height>
					<width>$PARAM[Width]</width>
					<label>$PARAM[Label2]</label>
					<font>semibold_Small-U</font>
					<textcolor>$PARAM[Color2]</textcolor>
					<selectedcolor>Selected</selectedcolor>
					<visible>!String.IsEqual(ListItem.Label,..)</visible>
				</control>
			</control>
		</definition>
	</include>

<!--POSTER--> 
	<include name="view_IconPortrait">
		<control type="group">
			<include>transition_Content</include>
			<include>toggle_Menu</include>
			<include>transition_Info</include>
			<control type="panel" id="57">
				<viewtype label="31113">bigicon</viewtype>	
				<left>55</left>
				<top>90</top>
				<width>1164</width>
				<height>554</height>
				<onleft>6000</onleft>
				<onright>70</onright>
				<onup>57</onup>
				<ondown>57</ondown>
				<pagecontrol>70</pagecontrol>
				<preloaditems>2</preloaditems>
				<orientation>vertical</orientation>
				<include>global_ListScroll</include>
				<visible>Container.Content(movies) | Container.Content(tvshows) | Container.Content(seasons) | Container.Content(sets) | Container.Content(actors)</visible>
				<itemlayout width="194" height="277">
					<include>view_Icon-Frame</include>
					<include>view_Icon-Art</include>
					<include content="status_Info">
						<param name="Left" value="135"/>
						<param name="Bottom" value="18"/>
					</include>
				</itemlayout>
				<focusedlayout width="194" height="277">
					<include content="view_Icon-Frame">
						<param name="State" value="frames/frame-fo.png" />
					</include>
					<include>view_Icon-Art</include>
					<include content="status_Info">
						<param name="Left" value="135"/>
						<param name="Bottom" value="18"/>
					</include>
				</focusedlayout>
			</control>
			<control type="group">
				<visible>Control.IsVisible(57)</visible>
				<include content="detail_Info">
					<param name="Left" value="60"/>
					<param name="Top" value="645"/>
					<param name="Width" value="1164"/>
					<param name="ShowPlot" value="false"/>
					<param name="ShowStudio" value="false"/>
				</include>
			</control>
		</control>
	</include>
	
<!--POSTERSMALL-->
	<include name="view_IconPortraitSmall">
		<control type="group">
			<include>toggle_Menu</include>
			<include>transition_Content</include>
			<include>transition_Info</include>
			<visible>Container.Content(movies) | Container.Content(tvshows) | Container.Content(seasons) | Container.Content(sets)</visible>
			<control type="panel" id="571">
				<viewtype label="31113">icon</viewtype>	
				<left>55</left>
				<top>100</top>
				<width>695</width>
				<height>582</height>
				<onleft>6000</onleft>
				<onright>70</onright>
				<onup>571</onup>
				<ondown>571</ondown>
				<pagecontrol>70</pagecontrol>
				<preloaditems>4</preloaditems>
				<orientation>vertical</orientation>
				<include>global_ListScroll</include>
				<itemlayout width="139" height="194">
					<include content="view_Icon-Frame">
						<param name="Width" value="129"/>
						<param name="Height" value="184"/>
					</include>
					<include content="view_Icon-Art">
						<param name="Width" value="115"/>
						<param name="Height" value="170"/>
					</include>
					<include content="status_Info">
						<param name="Left" value="80"/>
						<param name="Bottom" value="17"/>
					</include>
				</itemlayout>
				<focusedlayout width="139" height="194">
					<include content="view_Icon-Frame">
						<param name="State" value="frames/frame-fo.png"/>
						<param name="Width" value="129"/>
						<param name="Height" value="184"/>
					</include>
					<include content="view_Icon-Art">
						<param name="Width" value="115"/>
						<param name="Height" value="170"/>
					</include>
					<include content="status_Info">
						<param name="Left" value="80"/>
						<param name="Bottom" value="17"/>
					</include>
				</focusedlayout>
			</control>
			<control type="group">
				<visible>Control.IsVisible(571)</visible>
				<include content="detail_Info">
					<param name="Width" value="470"/>
					<param name="ShowStudio" value="false"/>
					<param name="ShowFlags" value="true"/>
					<param name="FlagsBottom" value="50"/>
				</include>
			</control>
		</control>
	</include>

<!--SQUARE-->
	<include name="view_IconSquare">
		<control type="group">
			<include>transition_Content</include>
			<include>transition_Info</include>
			<include>toggle_Menu</include>
			<control type="panel" id="572">
				<viewtype label="31113">icons</viewtype>
				<left>80</left>
				<top>90</top>
				<width>1128</width>
				<height>564</height>
				<onleft>6000</onleft>
				<onright>70</onright>
				<onup>572</onup>
				<ondown>572</ondown>
				<pagecontrol>70</pagecontrol>
				<preloaditems>2</preloaditems>
				<include>global_ListScroll</include>
				<visible>Container.Content(addons) | Container.Content(albums) | Container.Content(artists) | Container.Content(songs) | Window.IsActive(pictures) | [Window.IsActive(programs) + Container.HasFiles] | [Container.Content(files) + !Container.HasFiles] | [Window.IsActive(Music) + !Container.HasFiles] | Window.IsActive(radiorecordings)</visible>
				<itemlayout width="188" height="188">
					<include content="view_Icon-Frame">
						<param name="Width" value="178"/>
						<param name="Height" value="178"/>
					</include>
					<include content="view_Icon-Art">
						<param name="Width" value="164"/>
						<param name="Height" value="164"/>
						<param name="Art" value="$VAR[art:Square]"/>
					</include>
				</itemlayout>
				<focusedlayout width="188" height="188">
					<include content="view_Icon-Frame">
						<param name="State" value="frames/frame-fo.png"/>
						<param name="Width" value="178"/>
						<param name="Height" value="178"/>
					</include>
					<include content="view_Icon-Art">
						<param name="Width" value="164"/>
						<param name="Height" value="164"/>
						<param name="Art" value="$VAR[art:Square]"/>
					</include>
				</focusedlayout>
			</control>
			<control type="group">
				<visible>Control.IsVisible(572)</visible>
				<include content="detail_Info">
					<param name="Left" value="87"/>
					<param name="Top" value="655"/>
					<param name="Width" value="645"/>
					<param name="ShowPlot" value="false"/>
					<param name="ShowStudio" value="false"/>
				</include>
			</control>
		</control>
	</include>

<!--SQUARE SMALL-->
	<include name="view_IconSquareSmall">
		<control type="group">
			<include>toggle_Menu</include>
			<include>transition_Content</include>
			<include>transition_Info</include>
			<!--container-->
			<control type="panel" id="574">
				<viewtype label="31113">bigicon</viewtype>
				<left>35</left>
				<top>110</top>
				<width>736</width>
				<height>552</height>
				<onleft>6000</onleft>
				<onright>70</onright>
				<onup>574</onup>
				<ondown>574</ondown>
				<pagecontrol>70</pagecontrol>
				<preloaditems>2</preloaditems>
				<include>global_ListScroll</include>
				<visible>Container.Content(addons) | Container.Content(albums) | Container.Content(artists) | Window.IsActive(pictures)</visible>
				<itemlayout width="184" height="184">
					<include content="view_Icon-Frame">
						<param name="Width" value="174"/>
						<param name="Height" value="174"/>
					</include>
					<include content="view_Icon-Art">
						<param name="Width" value="160"/>
						<param name="Height" value="160"/>
						<param name="Art" value="$VAR[art:Square]"/>
					</include>
				</itemlayout>
				<focusedlayout width="184" height="184">
					<include content="view_Icon-Frame">
						<param name="State" value="frames/frame-fo.png"/>
						<param name="Width" value="174"/>
						<param name="Height" value="174"/>
					</include>
					<include content="view_Icon-Art">
						<param name="Width" value="160"/>
						<param name="Height" value="160"/>
						<param name="Art" value="$VAR[art:Square]"/>
					</include>
				</focusedlayout>
			</control>
			<control type="group">
				<visible>Control.IsVisible(574)</visible>
				<include content="detail_Info">
					<param name="Left" value="790"/>
					<param name="Top" value="110"/>
					<param name="Width" value="440"/>
				</include>
			</control>
		</control>
	</include>

<!--BIGWIDE-->
	<include name="view_IconWide">
		<control type="panel" id="575">
			<viewtype label="31113">bigicon</viewtype>
			<left>35</left>
			<top>105</top>
			<width>1224</width>
			<height>572</height>
			<onleft>6000</onleft>
			<onright>70</onright>
			<onup>575</onup>
			<ondown>575</ondown>
			<pagecontrol>70</pagecontrol>
			<preloaditems>2</preloaditems>
			<include>global_ListScroll</include>
			<include>toggle_Menu</include>
			<include>transition_Content</include>
			<include>transition_Info</include>
			<visible>[Container.Content(episodes) | Container.Content(musicvideos) | [Container.Content(files) + Container.HasFiles]] | Window.IsActive(tvrecordings) + !String.IsEqual(Container.FolderPath,special://videoplaylists/)</visible>
			<itemlayout width="404" height="286">
				<include content="view_Icon-Frame">
					<param name="Width" value="394"/>
					<param name="Height" value="219"/>
				</include>
				<include content="view_Icon-Art">
					<param name="Width" value="380"/>
					<param name="Height" value="205"/>
					<param name="Fallback" value="thumbs/default_Landscape.png"/>
					<param name="ShowLogo" value="true"/>
					<param name="Art" value="$VAR[art:Landscape]"/>
				</include>
				<include content="status_Info">
					<param name="Left" value="345"/>
					<param name="Bottom" value="74"/>
				</include>
				<include>view_Icon-Data</include>
			</itemlayout>
			<focusedlayout width="404" height="286">
				<include content="view_Icon-Frame">
					<param name="Width" value="394"/>
					<param name="Height" value="219"/>
					<param name="State" value="frames/frame-fo.png"/>
				</include>
				<include content="view_Icon-Art">
					<param name="Width" value="380"/>
					<param name="Height" value="205"/>
					<param name="Fallback" value="thumbs/default_Landscape.png"/>
					<param name="ShowLogo" value="true"/>
					<param name="Art" value="$VAR[art:Landscape]"/>
				</include>
				<include content="status_Info">
					<param name="Left" value="345"/>
					<param name="Bottom" value="74"/>
				</include>
				<include>view_Icon-Data</include>
			</focusedlayout>
		</control>
	</include>

<!--TILES-->
	<include name="view_Tiles">
		<control type="panel" id="58">
			<viewtype label="$LOCALIZE[31109]">bigicon</viewtype>
			<left>50</left>
			<top>95</top>
			<width>1230</width>
			<height>595</height>
			<onleft>58</onleft>
			<onright>58</onright>
			<onup>6000</onup>
			<ondown>71</ondown>
			<orientation>horizontal</orientation>
			<pagecontrol>71</pagecontrol>
			<preloaditems>2</preloaditems>
			<include>global_ListScroll</include>
			<include>toggle_Menu</include>
			<include>transition_Content</include>
			<include>transition_Info</include>
			<visible>Container.Content(addons) | String.Contains(Container.FolderPath,addons://sources/) | String.Contains(Container.FolderPath,plugin://) | [Container.Content(files) + !String.Contains(Container.FolderPath,plugin://)] | Container.Content(albums) | Container.Content(artists) | Container.Content(songs) | String.Contains(Container.FolderPath,addons://sources/) | [Window.IsActive(Pictures) + !String.Contains(Container.Folderpath,addons://sources/)] | [Window.IsActive(Programs) + !String.IsEmpty(Container.FolderPath)] | Window.IsActive(radiorecordings)</visible>
			<itemlayout width="520" height="85">
				<include content="view_Icon-Frame">
					<param name="Width" value="78"/>
					<param name="Height" value="78"/>
				</include>
				<include content="view_Icon-Art">
					<param name="Width" value="64"/>
					<param name="Height" value="64"/>
					<param name="IconSize" value="48"/>
					<param name="Fallback" value="thumbs/default_Square.png"/>
				</include>
				<include content="status_Info">
					<param name="Left" value="35"/>
					<param name="Bottom" value="14"/>
					<param name="Size" value="36"/>
				</include>
				<include content="view_Icon-Data">
					<param name="Left" value="95"/>
					<param name="Top" value="15"/>
					<param name="Width" value="400"/>
				</include>
			</itemlayout>											
			<focusedlayout width="520" height="85">
				<include content="view_Icon-Frame">
					<param name="Width" value="510"/>
					<param name="Height" value="78"/>
					<param name="State" value="frames/frame-fo.png" />
				</include>
				<include content="view_Icon-Art">
					<param name="Width" value="64"/>
					<param name="Height" value="64"/>
					<param name="IconSize" value="48"/>
					<param name="Fallback" value="thumbs/default_Square.png"/>
				</include>
				<include content="status_Info">
					<param name="Left" value="35"/>
					<param name="Bottom" value="14"/>
					<param name="Size" value="36"/>
				</include>
				<include content="view_Icon-Data">
					<param name="Left" value="95"/>
					<param name="Top" value="15"/>
					<param name="Width" value="400"/>
					<param name="Color1" value="$VAR[view:List.TextColor]"/>
					<param name="Color2" value="$VAR[view:List.TextColor2]"/>
				</include>
			</focusedlayout>
		</control>
	</include>
</includes>