<?xml version="1.0" encoding="UTF-8"?>
<sounds>
	<actions>
		<action>
			<name>left</name>
			<file>Cursor.wav</file>
		</action>
		<action>
			<name>right</name>
			<file>Cursor.wav</file>
		</action>
		<action>
			<name>up</name>
			<file>Cursor.wav</file>
		</action>
		<action>
			<name>down</name>
			<file>Cursor.wav</file>
		</action>
		<action>
			<name>select</name>
			<file>Select.wav</file>
		</action>
		<action>
			<name>screenshot</name>
			<file>Shutter.wav</file>
		</action>
	</actions>
	<windows>
		<window>
			<name>notification</name>
			<activate>Notify.wav</activate>
		</window>
	</windows>
</sounds>