<?xml version="1.0" encoding="UTF-8"?>
<window>
	<defaultcontrol always="true">300</defaultcontrol>
	<coordinates>
		<left>362</left>
		<top>0</top>
	</coordinates>
	<controls>

		<control type="group">
			<bottom>108</bottom>
			<height>612</height>
			<include>fadeinout</include>
			<animation effect="slide" end="0,395" time="0" condition="String.IsEqual(Skin.String(input.text),nokeyboard)">Conditional</animation>
			<visible>!Window.IsVisible(numericinput)</visible>

			<control type="grouplist" id="1000">
				<height>639</height>
				<orientation>vertical</orientation>
				<control type="group">
					<include content="row_Keyboard">
						<param name="Height">102</param>
					</include>
					<control type="edit" id="312">
						<left>10</left>
						<top>10</top>
						<align>center</align>
						<width>1176</width>
						<hinttext>$INFO[Control.GetLabel(311)]</hinttext>
						<ondown condition="System.HasAddon(plugin.program.autocompletion)">8000</ondown>
						<ondown>100</ondown>
						<onup condition="!String.IsEqual(Skin.String(input.text),nokeyboard)">300</onup>
						<onright>300</onright>
						<onclick>300</onclick>
						<focusedcolor>$VAR[color:Accent]</focusedcolor>
						<texturenofocus colordiffuse="$VAR[color:Accent]">colorize/10.png</texturenofocus>
						<texturefocus colordiffuse="$VAR[color:Accent]">colorize/20.png</texturefocus>
					</control>
				</control>

				<!-- Autocomplete container -->
				<control type="group">
					<include content="row_Keyboard">
						<param name="Height">56</param>
					</include>
					<visible>System.HasAddon(plugin.program.autocompletion)</visible>
					<control type="panel" id="8000">
						<top>0</top>
						<left>10</left>
						<width>1176</width>
						<height>54</height>
						<onup>312</onup>
						<ondown condition="!String.IsEqual(Skin.String(input.text),nokeyboard)">100</ondown>
						<orientation>horizontal</orientation>
						<itemlayout height="54" width="280">
							<control type="image">
								<width>278</width>
								<height>100%</height>
								<texture colordiffuse="$VAR[color:Accent]">colorize/10.png</texture>
								</control>
							<control type="label">
								<height>54</height>
								<align>center</align>
								<aligny>center</aligny>
								<textoffsetx>12</textoffsetx>
								<textcolor>$VAR[color:Accent]</textcolor>
								<font>Regular-20-L</font>
								<label>$INFO[ListItem.Label]</label>
							</control>
						</itemlayout>
						<focusedlayout height="54" width="280">
							<control type="label">
								<height>54</height>
								<align>center</align>
								<aligny>center</aligny>
								<textoffsetx>12</textoffsetx>
								<textcolor>$VAR[color:Accent]</textcolor>
								<font>Regular-20-L</font>
								<label>$INFO[ListItem.Label]</label>
								<visible>!Container(8000).HasFocus()</visible>
							</control>
							<control type="group">
								<visible>Container(8000).HasFocus()</visible>
								<control type="image">
									<width>100%</width>
									<height>100%</height>
									<texture colordiffuse="$VAR[color:Accent]">colorize/20.png</texture>
								</control>
								<control type="label">
									<height>54</height>
									<align>center</align>
									<aligny>center</aligny>
									<textoffsetx>12</textoffsetx>
									<textcolor>$VAR[color:Accent]</textcolor>
									<font>Regular-20-L</font>
									<label>$INFO[ListItem.Label]</label>
								</control>
							</control>
						</focusedlayout>
						<content>plugin://plugin.program.autocompletion?info=autocomplete&amp;&amp;id=$INFO[Control.GetLabel(312).index(1)]&amp;&amp;limit=9</content>
					</control>
				</control>

				<!-- Row 1 -->
				<control type="group">
					<include>row_Keyboard</include>
					<visible>!String.IsEqual(Skin.String(input.text),nokeyboard)</visible>
					<control type="grouplist" id="1100">
						<left>10</left>
						<itemgap>2</itemgap>
						<height>90</height>
						<orientation>horizontal</orientation>
						<!--layout-->
						<control type="button" id="309">
							<label>$LOCALIZE[20177]</label>
							<onup condition="IntegerGreaterThan(Container(8000).NumItems,0)">8000</onup>
							<onup>312</onup>
							<ondown>302</ondown>
							<width>256</width>
							<include>button_Keyboard</include>
						</control>
						<!--(0,0) key button-->
						<control type="button" id="100">
							<description>(0,0) key button</description>
							<onup condition="IntegerGreaterThan(Container(8000).NumItems,0)">8000</onup>
							<onup>312</onup>
							<ondown>120</ondown>
							<include>button_Keyboard</include>
						</control>
						<!--(0,1) key button-->
						<control type="button" id="101">
							<onup condition="IntegerGreaterThan(Container(8000).NumItems,0)">8000</onup>
							<onup>312</onup>
							<ondown>121</ondown>
							<include>button_Keyboard</include>
						</control>
						<!--(0,2) key button-->
						<control type="button" id="102">
							<onup condition="IntegerGreaterThan(Container(8000).NumItems,0)">8000</onup>
							<onup>312</onup>
							<ondown>122</ondown>
							<include>button_Keyboard</include>
						</control>
						<!--(0,3) key button-->
						<control type="button" id="103">
							<onup condition="IntegerGreaterThan(Container(8000).NumItems,0)">8000</onup>
							<onup>312</onup>
							<ondown>123</ondown>
							<include>button_Keyboard</include>
						</control>
						<!--(0,4) key button-->
						<control type="button" id="104">
							<onup condition="IntegerGreaterThan(Container(8000).NumItems,0)">8000</onup>
							<onup>312</onup>
							<ondown>124</ondown>
							<include>button_Keyboard</include>
						</control>
						<!--(0,5) key button-->
						<control type="button" id="105">
							<onup condition="IntegerGreaterThan(Container(8000).NumItems,0)">8000</onup>
							<onup>312</onup>
							<ondown>125</ondown>
							<include>button_Keyboard</include>
						</control>
						<!--(0,6) key button-->
						<control type="button" id="106">
							<onup condition="IntegerGreaterThan(Container(8000).NumItems,0)">8000</onup>
							<onup>312</onup>
							<ondown>126</ondown>
							<include>button_Keyboard</include>
						</control>
						<!--(0,7) key button-->
						<control type="button" id="107">
							<onup condition="IntegerGreaterThan(Container(8000).NumItems,0)">8000</onup>
							<onup>312</onup>
							<ondown>127</ondown>
							<include>button_Keyboard</include>
						</control>
						<!--(0,8) key button-->
						<control type="button" id="108">
							<onup condition="IntegerGreaterThan(Container(8000).NumItems,0)">8000</onup>
							<onup>312</onup>
							<ondown>128</ondown>
							<include>button_Keyboard</include>
						</control>
						<!--(0,9) key button-->
						<control type="button" id="109">
							<onup condition="IntegerGreaterThan(Container(8000).NumItems,0)">8000</onup>
							<onup>312</onup>
							<ondown>129</ondown>
							<include>button_Keyboard</include>
						</control>
						<!--(0,10) key button-->
						<control type="button" id="110">
							<onup condition="IntegerGreaterThan(Container(8000).NumItems,0)">8000</onup>
							<onup>312</onup>
							<ondown>130</ondown>
							<include>button_Keyboard</include>
						</control>
						<!--(0,11) key button-->
						<control type="button" id="111">
							<onup condition="System.HasAddon(plugin.program.autocompletion)">8000</onup>
							<onup>312</onup>
							<ondown>131</ondown>
							<include>button_Keyboard</include>
						</control>
					</control>
				</control>

				<!--row 2-->
				<control type="group">
					<include>row_Keyboard</include>
					<visible>!String.IsEqual(Skin.String(input.text),nokeyboard)</visible>
					<control type="grouplist">
						<left>10</left>
						<orientation>horizontal</orientation>
						<height>90</height>
						<itemgap>2</itemgap>
						<!--shift-->
						<control type="radiobutton" id="302">
							<label>&#58999;</label>
							<onup>309</onup>
							<ondown>303</ondown>
							<width>256</width>
							<font>Symbols-32</font>
							<include>button_Keyboard</include>
						</control>
						<!--(1,0) key button-->
						<control type="button" id="120">
							<onup>100</onup>
							<ondown>140</ondown>
							<include>button_Keyboard</include>
						</control>
						<!--(1,1) key button-->
						<control type="button" id="121">
							<onup>101</onup>
							<ondown>141</ondown>
							<include>button_Keyboard</include>
						</control>
						<!--(1,2) key button-->
						<control type="button" id="122">
							<onup>102</onup>
							<ondown>142</ondown>
							<include>button_Keyboard</include>
						</control>
						<!--(1,3) key button-->
						<control type="button" id="123">
							<onup>103</onup>
							<ondown>143</ondown>
							<include>button_Keyboard</include>
						</control>
						<!--(1,4) key button-->
						<control type="button" id="124">
							<onup>104</onup>
							<ondown>144</ondown>
							<include>button_Keyboard</include>
						</control>
						<!--(1,5) key button-->
						<control type="button" id="125">
							<onup>105</onup>
							<ondown>145</ondown>
							<include>button_Keyboard</include>
						</control>
						<!--(1,6) key button-->
						<control type="button" id="126">
							<onup>106</onup>
							<ondown>146</ondown>
							<include>button_Keyboard</include>
						</control>
						<!--(1,7) key button-->
						<control type="button" id="127">
							<onup>107</onup>
							<ondown>147</ondown>
							<include>button_Keyboard</include>
						</control>
						<!--(1,8) key button-->
						<control type="button" id="128">
							<onup>108</onup>
							<ondown>148</ondown>
							<include>button_Keyboard</include>
						</control>
						<!--(1,9) key button-->
						<control type="button" id="129">
							<onup>109</onup>
							<ondown>149</ondown>
							<include>button_Keyboard</include>
						</control>
						<!--(1,10) key button-->
						<control type="button" id="130">
							<onup>110</onup>
							<ondown>150</ondown>
							<include>button_Keyboard</include>
						</control>
						<!--(1,11) key button-->
						<control type="button" id="131">
							<onup>111</onup>
							<ondown>151</ondown>
							<include>button_Keyboard</include>
						</control>
					</control>
				</control>
				
				<!--row 3-->
				<control type="group">
					<include>row_Keyboard</include>
					<visible>!String.IsEqual(Skin.String(input.text),nokeyboard)</visible>
					<control type="grouplist">
						<left>10</left>
						<height>90</height>
						<orientation>horizontal</orientation>
						<itemgap>2</itemgap>
						<!--CAPS-->
						<control type="radiobutton" id="303">
							<label>&#58994;</label>
							<onup>302</onup>
							<ondown>304</ondown>
							<width>256</width>
							<font>Symbols-32</font>
							<include>button_Keyboard</include>
						</control>
						<!--(2,0) key button-->
						<control type="button" id="140">
							<description>(2,0) key button</description>
							<onup>120</onup>
							<ondown>160</ondown>
							<include>button_Keyboard</include>
						</control>
						<!--(2,1) key button-->
						<control type="button" id="141">
							<onup>121</onup>
							<ondown>161</ondown>
							<include>button_Keyboard</include>
						</control>
						<!--(2,2) key button-->
						<control type="button" id="142">
							<onup>122</onup>
							<ondown>162</ondown>
							<include>button_Keyboard</include>
						</control>
						<!--(2,3) key button-->
						<control type="button" id="143">
							<onup>123</onup>
							<ondown>163</ondown>
							<include>button_Keyboard</include>
						</control>
						<!--(2,4) key button-->
						<control type="button" id="144">
							<onup>124</onup>
							<ondown>164</ondown>
							<include>button_Keyboard</include>
						</control>
						<!--(2,5) key button-->
						<control type="button" id="145">
							<onup>125</onup>
							<ondown>165</ondown>
							<include>button_Keyboard</include>
						</control>
						<!--(2,6) key button-->
						<control type="button" id="146">
							<onup>126</onup>
							<ondown>166</ondown>
							<include>button_Keyboard</include>
						</control>
						<!--(2,7) key button-->
						<control type="button" id="147">
							<onup>127</onup>
							<ondown>167</ondown>
							<include>button_Keyboard</include>
						</control>
						<!--(2,8) key button-->
						<control type="button" id="148">
							<onup>128</onup>
							<ondown>168</ondown>
							<include>button_Keyboard</include>
						</control>
						<!--(2,9) key button-->
						<control type="button" id="149">
							<onup>129</onup>
							<ondown>169</ondown>
							<include>button_Keyboard</include>
						</control>
						<!--(2,10) key button-->
						<control type="button" id="150">
							<onup>130</onup>
							<ondown>170</ondown>
							<include>button_Keyboard</include>
						</control>
						<!--(2,11) key button-->
						<control type="button" id="151">
							<onup>131</onup>
							<ondown>171</ondown>
							<include>button_Keyboard</include>
						</control>
					</control>
				</control>

				<!--row 4-->
				<control type="group">
					<include>row_Keyboard</include>
					<visible>!String.IsEqual(Skin.String(input.text),nokeyboard)</visible>
					<control type="grouplist">
						<left>10</left>
						<height>90</height>
						<itemgap>2</itemgap>
						<orientation>horizontal</orientation>
						<!--symbols-->
						<control type="radiobutton" id="304">
							<label>?.123</label>
							<onup>303</onup>
							<ondown>300</ondown>
							<width>256</width>
							<include>button_Keyboard</include>
						</control>
						<!--(4,0) key button-->
						<control type="button" id="160">
							<onup>140</onup>
							<ondown>32</ondown>
							<include>button_Keyboard</include>
						</control>
						<!--(4,1) key button-->
						<control type="button" id="161">
							<onup>141</onup>
							<ondown>32</ondown>
							<include>button_Keyboard</include>
						</control>
						<!--(4,2) key button-->
						<control type="button" id="162">
							<onup>142</onup>
							<ondown>32</ondown>
							<include>button_Keyboard</include>
						</control>
						<!--(4,3) key button-->
						<control type="button" id="163">
							<onup>143</onup>
							<ondown>32</ondown>
							<include>button_Keyboard</include>
						</control>
						<!--(4,4) key button-->
						<control type="button" id="164">
							<onup>144</onup>
							<ondown>8</ondown>
							<include>button_Keyboard</include>
						</control>
						<!--(4,5) key button-->
						<control type="button" id="165">
							<onup>145</onup>
							<ondown>8</ondown>
							<include>button_Keyboard</include>
						</control>
						<!--(4,6) key button-->
						<control type="button" id="166">
							<onup>146</onup>
							<ondown>8</ondown>
							<include>button_Keyboard</include>
						</control>
						<!--(4,7) key button-->
						<control type="button" id="167">
							<onup>147</onup>
							<ondown>8</ondown>
							<include>button_Keyboard</include>
						</control>
						<!--(4,8) key button-->
						<control type="button" id="168">
							<onup>148</onup>
							<ondown>305</ondown>
							<include>button_Keyboard</include>
						</control>
						<!--(4,9) key button-->
						<control type="button" id="169">
							<onup>149</onup>
							<ondown>306</ondown>
							<include>button_Keyboard</include>
						</control>
						<!--(4,10) key button-->
						<control type="button" id="170">
							<onup>150</onup>
							<ondown>306</ondown>
							<include>button_Keyboard</include>
						</control>
						<!--(4,11) key button-->
						<control type="button" id="171">
							<onup>151</onup>
							<ondown>306</ondown>
							<include>button_Keyboard</include>
						</control>
					</control>
				</control>

				<!--row 5-->
				<control type="group">
					<include content="row_Keyboard">
						<param name="Height">100</param>
					</include>
					<visible>!String.IsEqual(Skin.String(input.text),nokeyboard)</visible>
					<control type="grouplist">
						<left>10</left>
						<itemgap>2</itemgap>
						<orientation>horizontal</orientation>
						<!--done-->
						<control type="button" id="300">
							<width>256</width>
							<onup>304</onup>
							<ondown>309</ondown>
							<label>&#58956;</label>
							<font>Symbols-26</font>
							<include>button_Keyboard</include>
						</control>
						<!--space-->
						<control type="button" id="32">
							<width>552</width>
							<label>$LOCALIZE[20182]</label>
							<onup>161</onup>
							<ondown>103</ondown>
							<include>button_Keyboard</include>
						</control>
						<!--backspace-->
						<control type="button" id="8">
							<width>180</width>
							<label>&#59002;</label>
							<onup>165</onup>
							<ondown>106</ondown>
							<font>Symbols-26</font>
							<include>button_Keyboard</include>
						</control>
						<!--previous-->
						<control type="button" id="305">
							<onup>168</onup>
							<ondown>108</ondown>
							<label>&#58921;</label>
							<font>Symbols-26</font>
							<include>button_Keyboard</include>
						</control>
						<!--next-->
						<control type="button" id="306">
							<onup>169</onup>
							<ondown>109</ondown>
							<label>&#58920;</label>
							<font>Symbols-26</font>
							<include>button_Keyboard</include>
						</control>
					</control>
				</control>

				<control type="group">
					<height>8</height>
					<visible>String.IsEqual(Skin.String(input.text),nokeyboard)</visible>
					<include content="row_Keyboard">
						<param name="Height">8</param>
					</include>
				</control>
			</control>
		</control>
	</controls>
</window>