<?xml version="1.0" encoding="UTF-8"?>
<window>
	<controls>
		<control type="group">
			<visible>Window.IsActive(home) + !Window.IsVisible(notification) + String.IsEqual(Skin.String(homemenu.layout),compact)</visible>
			<include content="global_Notification">
				<param name="Top">10</param>
				<param name="Left">1154</param>
				<param name="Height">98</param>
				<param name="Width">756</param>
				<param name="Symbol">&#57483;</param>
				<param name="InfoTop">9</param>
				<param name="ID1">30</param>
				<param name="ID2">31</param>
				<param name="ProgressID">32</param>
				<param name="ProgressInfo"></param>
				<param name="TextColor">$VAR[color:Main]</param>
			</include>
		</control>
		<control type="group">
			<visible>Window.IsActive(home) + !Window.IsVisible(notification) + String.IsEqual(Skin.String(homemenu.layout),horizontal)</visible>
			<include content="global_Notification">
				<param name="Left">1046</param>
				<param name="Height">108</param>
				<param name="Width">756</param>
				<param name="Symbol">&#57483;</param>
				<param name="InfoTop">9</param>
				<param name="ID1">30</param>
				<param name="ID2">31</param>
				<param name="ProgressID">32</param>
				<param name="ProgressInfo"></param>
				<param name="TextColor">$VAR[color:Main]</param>
			</include>
		</control>
		<control type="group">
			<visible>Window.IsActive(home) + !Window.IsVisible(notification) + String.IsEqual(Skin.String(homemenu.layout),vertical)</visible>
			<include content="global_Notification">
				<param name="Left">1046</param>
				<param name="Height">98</param>
				<param name="Width">756</param>
				<param name="Symbol">&#57483;</param>
				<param name="InfoTop">9</param>
				<param name="ID1">30</param>
				<param name="ID2">31</param>
				<param name="ProgressID">32</param>
				<param name="ProgressInfo"></param>
				<param name="TextColor">$VAR[color:Main]</param>
			</include>
		</control>
		<control type="group">
			<visible>!Window.IsActive(home)</visible>
			<include content="global_Notification">
				<param name="Left">1036</param>
				<param name="Height">108</param>
				<param name="Width">756</param>
				<param name="TextWidth">648</param>
				<param name="Symbol">&#57483;</param>
				<param name="InfoTop">9</param>
				<param name="ID1">30</param>
				<param name="ID2">31</param>
				<param name="ProgressID">32</param>
				<param name="ProgressInfo"></param>
				<param name="TextColor">$VAR[color:Main]</param>
			</include>
		</control>
	</controls>
</window>