<?xml version="1.0" encoding="UTF-8"?>
<window>
	<defaultcontrol always="true">451</defaultcontrol>
	<onunload condition="!String.IsEmpty(Window(home).Property(BrowseAddons))">ActivateWindow(1110)</onunload>
	<onunload>ClearProperty(BrowseAddons,home)</onunload>
	<controls>

	<!--background-->
		<include>background_Global</include>

	<!--global includes-->
		<control type="group">
			<include>transition_Chrome</include>
			<include content="global_WindowChrome">
				<param name="Title">$VAR[window:Title.Dialog]</param>
				<param name="ShowItemCount">false</param>
			</include>
		</control>

	<!--content-->
		<control type="group">
			<top>108</top>
			<left>128</left>
			<include>transition_Content</include>
			<control type="label" id="412">
				<width>1152</width>
				<label></label>
				<haspath>true</haspath>
				<include>global_Header</include>
			</control>
			<control type="group" id="9002">
				<!--browse images, portrait-->
				<control type="group">
					<top>90</top>
					<control type="image">
						<width>567</width>
						<height>810</height>
						<texture>$INFO[ListItem.Art(thumb)]</texture>
						<aspectratio align="right" aligny="bottom">keep</aspectratio>
					</control>
					<control type="image">
						<top>810</top>
						<width>567</width>
						<height>810</height>
						<texture flipy="true" diffuse="views/diffuse/portrait.png">$INFO[ListItem.Art(thumb)]</texture>
						<aspectratio align="right" aligny="top">keep</aspectratio>
					</control>
					<include content="dialog_List">
						<param name="ID">451</param>
						<param name="Left">657</param>
						<param name="Width">593</param>
						<param name="Height">810</param>
						<param name="ItemHeight">90</param>
						<param name="ItemWidth">1024</param>
						<param name="TextWidth">429</param>
						<param name="ShowArt">true</param>
						<param name="OnUp">451</param>
						<param name="OnDown">451</param>
						<param name="OnRight">9000</param>
					</include>
				</control>
			</control>
		<!--dialog controls-->
			<control type="grouplist" id="9000">
				<top>90</top>
				<right>128</right>
				<width>324</width>
				<height>90</height>
				<itemgap>0</itemgap>
				<onleft>451</onleft>
				<onright>noop</onright>
				<orientation>horizontal</orientation>
				<!--ok-->
				<control type="button" id="413">
					<label>&#58956;</label>
					<include content="button_Dialog">
						<param name="Font">Symbols-24</param>
					</include>
				</control>
				<!--cancel-->
				<control type="button" id="414">
					<label>&#58950;</label>
					<include content="button_Dialog">
						<param name="Font">Symbols-24</param>
					</include>
				</control>
				<!--new folder-->
				<control type="button" id="415">
					<label>&#57401;</label>
					<include content="button_Dialog">
						<param name="Font">Symbols-24</param>
					</include>
				</control>
			</control>
		</control>
	</controls>
</window>