<?xml version="1.0" encoding="UTF-8"?>
<window>
	<defaultcontrol>52</defaultcontrol>
	<onload condition="System.HasAddon(script.grab.fanart)">RunScript(script.grab.fanart,mode=random,refresh=20)</onload>
	<controls>
		<include>startup_Background</include>
		<!--login frame-->
		<control type="group">
			<left>480</left>
			<top>335</top>
			<width>960</width>
			<height>198</height>
			<control type="button">
				<label>&#57484;</label>
				<width>108</width>
				<height>108</height>
				<align>center</align>
				<font>Symbols-32</font>
				<texturenofocus colordiffuse="$VAR[color:Main]">colorize/60.png</texturenofocus>
			</control>
			<control type="label" id="10">
				<visible allowhiddenfocus="true">false</visible>
			</control>
			<control type="button">
				<left>108</left>
				<label>$VAR[login:Hello]... $LOCALIZE[31303]</label>
				<width>852</width>
				<height>108</height>
				<textoffsetx>32</textoffsetx>
				<align>left</align>
				<font>Black-32</font>
				<textcolor>$VAR[color:Accent]</textcolor>
				<texturenofocus colordiffuse="$VAR[color:Main]">colorize/100.png</texturenofocus>
				<onclick>noop</onclick>
			</control>
			<include content="dialog_List">
				<param name="ID">52</param>
				<param name="Top">108</param>
				<param name="Width">960</param>
				<param name="Height">450</param>
				<param name="ItemHeight">90</param>
				<param name="Font">Regular-22-L</param>
				<param name="Symbol">$VAR[symbol:Global]</param>
				<param name="OnLeft">20</param>
				<param name="OnRight">20</param>
				<param name="OnUp">52</param>
				<param name="OnDown">52</param>
			</include>
		</control>
		<!--exit-->
		<control type="button" id="20">
			<left>915</left>
			<bottom>90</bottom>
			<width>90</width>
			<height>90</height>
			<label>&#57495;</label>
			<align>center</align>
			<aligny>center</aligny>
			<font>Symbols-32</font>
			<onleft>52</onleft>
			<onright>52</onright>
			<onup>52</onup>
			<textcolor>$VAR[color:Accent]</textcolor>
			<onclick>ActivateWindow(ShutdownMenu)</onclick>
			<texturefocus colordiffuse="$VAR[color:Accent]">colorize/60.png</texturefocus>
			<texturenofocus colordiffuse="$VAR[color:Main]">colorize/60.png</texturenofocus>
		</control>
	</controls>
</window>