<?xml version="1.0" encoding="UTF-8"?>
<window>
	<defaultcontrol always="true">3110</defaultcontrol>
	<controls>

	<!--global includes-->
		<include>background_Global</include>

	<!--window chrome-->		
		<control type="group">
			<include>transition_Chrome</include>
			<include content="global_WindowChrome">
				<param name="Title">$VAR[window:Title.System]</param>
			</include>
		</control>

		<control type="group">
			<include>transition_Content</include>

		<!--current color name-->
			<control type="label">
				<left>128</left>
				<top>108</top>
				<width>1664</width>
				<label>[B]$ADDON[script.skin.helper.colorpicker 32141]: [/B]$INFO[Window.Property(palettename)]</label>
				<include>global_Header</include>
			</control>

		<!-- Color picker panel -->
			<control type="panel" id="3110">
				<left>128</left>
				<top>198</top>
				<width>1344</width>
				<height>810</height>
				<orientation>vertical</orientation>
				<onright>3012</onright>
				<preloaditems>4</preloaditems>
				<pagecontrol>60</pagecontrol>
				<itemlayout width="336" height="90">
					<control type="image">
						<width>90</width>
						<height>90</height>
						<texture colordiffuse="ff000000">colorize/100.png</texture>
						<aspectratio>stretch</aspectratio>
					</control>
					<control type="image">
						<width>336</width>
						<height>90</height>
						<texture>$INFO[ListItem.Icon]</texture>
					</control>
					<control type="label">
						<width>90</width>
						<height>90</height>
						<label>&#59200;</label>
						<font>Symbols-26</font>
						<align>center</align>
						<aligny>center</aligny>
						<textcolor>Text.1</textcolor>
					</control>
					<control type="label">
						<left>114</left>
						<width>336</width>
						<height>90</height>
						<label>$INFO[ListItem.Label]</label>
						<font>Black-20</font>
						<aligny>center</aligny>
						<textcolor>$VAR[color:Accent]</textcolor>
					</control>
				</itemlayout>
				<focusedlayout width="336" height="90">
					<control type="image">
						<width>90</width>
						<height>90</height>
						<texture colordiffuse="ff000000">colorize/20.png</texture>
						<aspectratio>stretch</aspectratio>
					</control>
					<control type="image">
						<width>336</width>
						<height>90</height>
						<texture>$INFO[ListItem.Icon]</texture>
					</control>
					<control type="label">
						<width>90</width>
						<height>90</height>
						<label>&#58920;</label>
						<font>Symbols-26</font>
						<align>center</align>
						<aligny>center</aligny>
						<textcolor>ffffffff</textcolor>
					</control>
					<control type="label">
						<left>114</left>
						<width>336</width>
						<height>90</height>
						<label>$INFO[ListItem.Label]</label>
						<font>Black-20</font>
						<aligny>center</aligny>
						<textcolor>$VAR[color:Accent]</textcolor>
					</control>
					<control type="image">
						<width>336</width>
						<height>90</height>
						<texture colordiffuse="$VAR[color:Accent]" border="10">views/frame/p_fo.png</texture>
							<aspectratio>stretch</aspectratio>
						<aspectratio>stretch</aspectratio>
					</control>
				</focusedlayout>
			</control>

			<!--dialog controls-->
			<control type="grouplist" id="5000">
				<top>198</top>
				<right>128</right>
				<width>256</width>
				<height>90</height>
				<itemgap>0</itemgap>
				<onleft>3110</onleft>
				<onright>noop</onright>
				<onup>5130</onup>
				<ondown>3030</ondown>
				<orientation>horizontal</orientation>

				<!--save-->
				<control type="button" id="3012">
					<label>&#58956;</label>
					<font>Symbols-24</font>
					<width>128</width>
					<include>button_Dialog</include>
				</control>

				<!--cancel-->
				<control type="button" id="3011">
					<label>&#58950;</label>
					<font>Symbols-24</font>
					<width>128</width>
					<include>button_Dialog</include>
				</control>
			</control>

			<!--color options-->
			<control type="grouplist" id="5100">
				<right>128</right>
				<top>378</top>
				<width>256</width>
				<onup>5000</onup>
				<orientation>vertical</orientation>
				<itemgap>0</itemgap>

				<!--select palette-->
				<control type="button" id="3030">
					<top>90</top>
					<width>256</width>
					<height>90</height>
					<align>center</align>
					<label>$ADDON[script.skin.helper.colorpicker 32141]</label>
					<onleft>3110</onleft>
					<onup>5000</onup>
					<ondown>3015</ondown>
					<visible>!IsEmpty(Window.Property(palettename))</visible>
					<font>Black-18</font>
				</control>

				<!--opacity-->
				<control type="group" id="5120">
					<width>256</width>
					<height>180</height>
					<control type="label" id="5121">
						<width>256</width>
						<label>$ADDON[script.skin.helper.colorpicker 32049]</label>
						<include>global_Header</include>
					</control>
					<control type="slider" id="3015">
						<top>90</top>
						<width>256</width>
						<height>90</height>
						<onup>3030</onup>
						<ondown>3010</ondown>
						<label>$ADDON[script.skin.helper.colorpicker 32049]</label>
						<texturesliderbar colordiffuse="ff000000">colorize/15.png</texturesliderbar>
						<textureslidernib colordiffuse="$VAR[color:Accent]">glyphs/slider/alt/nib-nf.png</textureslidernib>
						<textureslidernibfocus colordiffuse="$VAR[color:Accent]">glyphs/slider/alt/nib-fo.png</textureslidernibfocus>
					</control>
					<control type="label" id="5123">
						<top>90</top>
						<width>256</width>
						<height>90</height>
						<align>center</align>
						<aligny>center</aligny>
						<label>$INFO[Control.Getlabel(3015)]</label>
						<include>global_Header</include>
					</control>
				</control>

				<!-- Manual / preview -->
				<control type="group" id="5130">
					<width>256</width>
					<height>270</height>
					<control type="label">
						<width>256</width>
						<label>$ADDON[script.skin.helper.colorpicker 32012]</label>
						<include>global_Header</include>
					</control>
					<control type="image">
						<top>90</top>
						<width>256</width>
						<height>90</height>
						<texture colordiffuse="$INFO[Window.Property(colorstring)]">colorize/100.png</texture>
						<aspectratio>stretch</aspectratio>
					</control>

					<!-- Edit manual -->
					<control type="button" id="3010">
						<top>90</top>
						<width>256</width>
						<height>90</height>
						<label>#$INFO[Window.Property(colorstring)]</label>
						<align>center</align>
						<onleft>3110</onleft>
						<onup>3015</onup>
						<ondown>5000</ondown>
					</control>
				</control>
			</control>
		</control>
	</controls>
</window>