<?xml version="1.0" encoding="UTF-8"?>
<window>
	<defaultcontrol always="true">22</defaultcontrol>
	<controls>

	<!--background-->
		<include>background_Global</include>

	<!--chrome-->
		<control type="group">
			<include>transition_Chrome</include>
			<include content="global_WindowChrome">
				<param name="Title">$VAR[window:Title.Dialog]</param>
			</include>
		</control>

	<!--name & type-->
		<control type="group" id="8995">
			<include>transition_Content</include>
			<control type="grouplist" id="8996">
				<left>128</left>
				<top>198</top>
				<width>768</width>
				<height>360</height>
				<onup>noop</onup>
				<ondown>10</ondown>
				<onright>8999</onright>
				<orientation>vertical</orientation>
				<itemgap>0</itemgap>
				<!--header-->
				<control type="label">
					<width>806</width>
					<label>$LOCALIZE[31700]</label>
					<include>global_Header</include>
				</control>
				<!--set playlist type-->
				<control type="button" id="22">
					<width>768</width>
					<label>$LOCALIZE[467]</label>
				</control>
				<!--set playlist name-->
				<control type="button" id="12">
					<width>768</width>
					<label>$LOCALIZE[21433]</label>
				</control>
				<!--find items where:-->
				<control type="label" id="9">
					<left>24</left>
					<width>642</width>
					<label>$LOCALIZE[21434]:</label>
					<include>global_Header</include>
				</control>
			</control>

			<control type="group" id="8997">
				<left>128</left>
				<top>558</top>
				<width>768</width>
			<!--rules list control-->
				<include content="dialog_List">
					<param name="ID">10</param>
					<param name="Width">552</param>
					<param name="Height">810</param>
					<param name="ItemHeight">90</param>
					<param name="ShowSymbol" value="false"/>
					<param name="TextLeft" value="32"/>
					<param name="OnUp">12</param>
					<param name="OnDown">300</param>
					<param name="OnLeft" value="noop"/>
					<param name="OnRight" value="8998"/>
				</include>
			<!--list controls-->
				<control type="grouplist" id="8998">
					<right>0</right>
					<width>216</width>
					<height>108</height>
					<itemgap>0</itemgap>
					<ondown>16</ondown>
					<onleft>10</onleft>
					<onright>8999</onright>
					<animation effect="slide" end="0,90" time="0" condition="Container(10).Row(1)">Conditional</animation>
					<animation effect="slide" end="0,180" time="0" condition="Container(10).Row(2)">Conditional</animation>
					<animation effect="slide" end="0,270" time="0" condition="Container(10).Row(3)">Conditional</animation>
					<orientation>horizontal</orientation>
					<!--edit rule-->
					<control type="button" id="15">
						<label>&#58909;</label>
						<font>Symbols-24</font>
						<onup>12</onup>
						<ondown>8998</ondown>
						<include>button_Dialog</include>
					</control>
					<!--remove rule-->
					<control type="button" id="14">
						<label>&#58914;</label>
						<font>Symbols-24</font>
						<onup>12</onup>
						<ondown>8998</ondown>
						<include>button_Dialog</include>
					</control>
				</control>
			</control>

		<!--options-->
			<control type="grouplist" id="8999">
				<left>986</left>
				<top>198</top>
				<ondown>9000</ondown>
				<onleft>8997</onleft>
				<itemgap>0</itemgap>
				<control type="label">
					<width>806</width>
					<label>$LOCALIZE[33063]</label>
					<include>global_Header</include>
				</control>
				<!--items must match-->
				<control type="button" id="16">
					<width>806</width>
					<label>$LOCALIZE[21424]</label>
				</control>
				<!--limit to-->
				<control type="button" id="17">
					<width>806</width>
					<label>$LOCALIZE[21427]</label>
				</control>
				<!--order by-->
				<control type="button" id="18">
					<width>806</width>
					<label>$LOCALIZE[581]</label>
				</control>
				<!--direction-->
				<control type="button" id="19">
					<width>806</width>
					<label>$LOCALIZE[580]</label>
				</control>
				<!--group by-->
				<control type="button" id="23">
					<width>806</width>
					<label>$LOCALIZE[21458]</label>
				</control>
				<!--mixed-->
				<control type="radiobutton" id="24">
					<width>806</width>
					<label>$LOCALIZE[21459]</label>
				</control>
			</control>

		<!--dialog controls-->
			<control type="grouplist" id="9000">
				<bottom>72</bottom>
				<right>128</right>
				<width>216</width>
				<height>90</height>
				<itemgap>0</itemgap>
				<onleft>noop</onleft>
				<onright>noop</onright>
				<onup>8999</onup>
				<orientation>horizontal</orientation>
				<!--ok-->
				<control type="button" id="20">
					<textoffsetx>40</textoffsetx>
					<font>Symbols-24</font>
					<label>&#58956;</label>
					<include>button_Dialog</include>
				</control>
				<!--cancel-->
				<control type="button" id="21">
					<textoffsetx>40</textoffsetx>
					<font>Symbols-24</font>
					<label>&#58950;</label>
					<include>button_Dialog</include>
				</control>
			</control>
		</control>
	</controls>
</window>