<?xml version="1.0" encoding="UTF-8"?>
<includes>
	<include name="view_Slide">
		<param name="ID" default="52"/>
		<param name="Art" default="$VAR[art:Portrait]"/>
		<param name="ArtFallback" default="$VAR[art:Fallback.Portrait]"/>
		<param name="ArtHeight" default="648"/>
		<param name="ArtWidth" default="432"/>
		<param name="Height" default="648"/>
		<param name="Icon" default="$VAR[symbol:Global]"/>
		<param name="InfoTop" default="776"/>
		<param name="ItemHeight" default="648"/>
		<param name="ItemWidth" default="432"/>
		<param name="Left" default="0"/>
		<param name="OnBack"/>
		<param name="PageControl" default="6500"/>
		<param name="ShowInfo" default="true"/>
		<param name="ShowOverlay" default="false"/>
		<param name="Symbol" default="Symbols-32"/>
		<param name="TextWidth" default="400"/>
		<param name="Top" default="108"/>
		<param name="Type" default="fixedlist"/>
		<param name="Width" default="2920"/>
		<param name="Visible" default="Container.Content(movies) | Container.Content(tvshows) | Container.Content(seasons) | Container.Content(sets) | Container.Content(actors) | Container.Content(albums)"/>
		<definition>
			<control type="$PARAM[Type]" id="$PARAM[ID]">
				<viewtype label="31222">wrap</viewtype>
				<left>$PARAM[Left]</left>
				<top>$PARAM[Top]</top>
				<width>$PARAM[Width]</width>
				<height>$PARAM[Height]</height>
				<onup>7000</onup>
				<onback>$PARAM[OnBack]</onback>
				<onup>SetProperty(MenuOpen,true,Home)</onup>
				<ondown condition="Window.IsActive(movieinformation)">5000</ondown>
				<ondown condition="Integer.IsGreater(Container($PARAM[ID]).NumPages,1)">$PARAM[PageControl]</ondown>
				<onleft>$PARAM[ID]</onleft>
				<onright>$PARAM[ID]</onright>
				<focusposition>0</focusposition>
				<orientation>horizontal</orientation>
				<preloaditems>4</preloaditems>
				<include>global_Scrolltime</include>
				<pagecontrol>$PARAM[PageControl]</pagecontrol>
				<visible>$PARAM[Visible]</visible>
				<itemlayout width="$PARAM[ItemWidth]" height="$PARAM[ItemHeight]">
					<control type="image">
						<left>128</left>
						<width>$PARAM[ArtWidth]</width>
						<height>$PARAM[ArtHeight]</height>
						<aspectratio align="center">scale</aspectratio>
						<texture colordiffuse="$VAR[color:Text.2]">$PARAM[ArtFallback]</texture>
						<visible>ListItem.IsParentFolder | String.IsEqual(ListItem.Label,$LOCALIZE[20366]) | String.IsEmpty(ListItem.Art(thumb))</visible>
					</control>
					<control type="label">
						<left>128</left>
						<width>$PARAM[ArtWidth]</width>
						<height>$PARAM[ArtHeight]</height>
						<label>$VAR[symbol:Global]</label>
						<align>center</align>
						<aligny>center</aligny>
						<font>Symbols-64</font>
						<textcolor>$VAR[color:Accent]</textcolor>
						<visible>ListItem.IsParentFolder | String.IsEqual(ListItem.Label,$LOCALIZE[20366])</visible>
					</control>
					<control type="image">
						<left>128</left>
						<width>$PARAM[ArtWidth]</width>
						<height>$PARAM[ArtHeight]</height>
						<aspectratio align="center">scale</aspectratio>
						<texture background="true">$PARAM[Art]</texture>
					</control>
					<!-- Inline info -->
					<control type="group">
						<left>128</left>
						<width>$PARAM[ArtWidth]</width>
						<height>$PARAM[ArtHeight]</height>
						<visible>$PARAM[ShowOverlay]</visible>
						<control type="image">
							<width>$PARAM[ArtWidth]</width>
							<height>$PARAM[ArtHeight]</height>
							<texture colordiffuse="ff000000">views/overlay/landscape-fo.png</texture>
							<aspectratio>stretch</aspectratio>
						</control>
						<control type="group">
							<left>32</left>
							<bottom>24</bottom>
							<height>48</height>
							<control type="label">
								<width>$PARAM[TextWidth]</width>
								<label>$INFO[ListItem.Label]</label>
								<height>24</height>
								<font>Black-24</font>
								<aligny>center</aligny>
								<textcolor>$VAR[color:Accent]</textcolor>
								<selectedcolor>$VAR[color:Accent]</selectedcolor>
							</control>
							<control type="label">
								<top>24</top>
								<width>$PARAM[TextWidth]</width>
								<label>$INFO[ListItem.Label2]</label>
								<height>24</height>
								<font>Regular-20</font>
								<aligny>center</aligny>
								<textcolor>$VAR[color:Text.2]</textcolor>
								<selectedcolor>$VAR[color:Accent]</selectedcolor>
							</control>
						</control>
					</control>
					<!-- Status -->
					<include content="media_Status">
						<param name="Right">-118</param>
					</include>
				</itemlayout>
				<focusedlayout width="$PARAM[ItemWidth]" height="$PARAM[ItemHeight]">
					<control type="image">
						<left>128</left>
						<width>$PARAM[ArtWidth]</width>
						<height>$PARAM[ArtHeight]</height>
						<aspectratio align="center">scale</aspectratio>
						<texture colordiffuse="$VAR[color:Text.2]">$PARAM[ArtFallback]</texture>
						<visible>ListItem.IsParentFolder | String.IsEqual(ListItem.Label,$LOCALIZE[20366]) | String.IsEmpty(ListItem.Art(thumb))</visible>
					</control>
					<control type="label">
						<left>128</left>
						<width>$PARAM[ArtWidth]</width>
						<height>$PARAM[ArtHeight]</height>
						<label>$VAR[symbol:Global]</label>
						<align>center</align>
						<aligny>center</aligny>
						<font>Symbols-64</font>
						<textcolor>$VAR[color:Accent]</textcolor>
						<visible>ListItem.IsParentFolder | String.IsEqual(ListItem.Label,$LOCALIZE[20366])</visible>
					</control>
					<control type="image">
						<left>128</left>
						<width>$PARAM[ArtWidth]</width>
						<height>$PARAM[ArtHeight]</height>
						<aspectratio align="center">scale</aspectratio>
						<texture background="true">$PARAM[Art]</texture>
					</control>
					<!-- Inline info -->
					<control type="group">
						<left>128</left>
						<width>$PARAM[ArtWidth]</width>
						<height>$PARAM[ArtHeight]</height>
						<visible>$PARAM[ShowOverlay]</visible>
						<control type="image">
							<width>$PARAM[ArtWidth]</width>
							<height>$PARAM[ArtHeight]</height>
							<texture colordiffuse="ff000000">views/overlay/landscape-fo.png</texture>
							<aspectratio>stretch</aspectratio>
						</control>
						<control type="image">
							<width>$PARAM[ArtWidth]</width>
							<height>$PARAM[ArtHeight]</height>
							<aspectratio align="center">stretch</aspectratio>
							<texture colordiffuse="$VAR[color:Accent]" border="5">views/frame/p_fo.png</texture>
							<visible>Control.HasFocus($PARAM[ID])</visible>
						</control>
						<control type="group">
							<left>32</left>
							<bottom>24</bottom>
							<height>48</height>
							<control type="label">
								<width>$PARAM[TextWidth]</width>
								<label>$INFO[ListItem.Label]</label>
								<height>24</height>
								<font>Black-24</font>
								<aligny>center</aligny>
								<textcolor>$VAR[color:Accent]</textcolor>
								<selectedcolor>$VAR[color:Accent]</selectedcolor>
							</control>
							<control type="label">
								<top>24</top>
								<width>$PARAM[TextWidth]</width>
								<label>$INFO[ListItem.Label2]</label>
								<height>24</height>
								<font>Regular-20</font>
								<aligny>center</aligny>
								<textcolor>$VAR[color:Text.2]</textcolor>
								<selectedcolor>$VAR[color:Accent]</selectedcolor>
							</control>
						</control>
					</control>
					<!-- Status -->
					<include content="media_Status">
						<param name="Right">-118</param>
					</include>
				</focusedlayout>
			</control>
			<control type="group">
				<visible>$PARAM[ShowInfo]</visible>
				<control type="image">
					<left>128</left>
					<top>$PARAM[Top]</top>
					<width>$PARAM[ItemWidth]</width>
					<height>$PARAM[ItemHeight]</height>
					<texture colordiffuse="$VAR[color:Accent]" border="5">views/frame/p_fo.png</texture>
					<visible>Control.HasFocus(52)</visible>
					<aspectratio>stretch</aspectratio>
				</control>
				<control type="grouplist">
					<left>164</left>
					<top>$PARAM[InfoTop]</top>
					<width>1664</width>
					<height>220</height>
					<orientation>vertical</orientation>
					<control type="label">
						<left>$PARAM[TextLeft]</left>
						<width>1664</width>
						<label>$VAR[media:Title]</label>
						<height>40</height>
						<font>Black-28</font>
						<aligny>center</aligny>
						<textcolor>$VAR[color:Accent]</textcolor>
					</control>
					<control type="label">
						<height>64</height>
						<width>1664</width>
						<label>$VAR[media:Info]</label>
						<font>Regular-22</font>
						<textcolor>$VAR[color:Text.2]</textcolor>
						<aligny>top</aligny>
					</control>
					<control type="textbox">
						<height>120</height>
						<width>1664</width>
						<label>$VAR[media:Description]</label>
						<font>Slab-24</font>
						<textcolor>$VAR[color:Text.3]</textcolor>
					</control>
				</control>
			</control>
		</definition>
	</include>

	<include name="view_SlideThumb">
		<param name="ID" default="521"/>
		<param name="Art" default="$VAR[art:Portrait]"/>
		<param name="ArtHeight" default="432"/>
		<param name="ArtWidth" default="747"/>
		<param name="Fallback" default="views/fallback/portrait.png"/>
		<param name="Height" default="648"/>
		<param name="Icon" default="$VAR[symbol:Global]"/>
		<param name="InfoTop" default="668"/>
		<param name="ItemHeight" default="432"/>
		<param name="ItemWidth" default="747"/>
		<param name="Label2" default="$VAR[media:Info]"/>
		<param name="Left" default="0"/>
		<param name="Logo" default="$VAR[art:Logo]"/>
		<param name="PageControl" default="6500"/>
		<param name="ShowLogo" default="$EXP[Views.ShowLogo]"/>
		<param name="Symbol" default="Symbols-32"/>
		<param name="Top" default="216"/>
		<param name="Width" default="2920"/>
		<param name="Visible" default="Container.Content(episodes) | Container.Content(musicvideos) | Window.IsActive(tvrecordings) | Window.IsActive(radiorecordings)"/>
		<definition>
			<control type="fixedlist" id="$PARAM[ID]">
				<viewtype label="31222">bigwrap</viewtype>
				<left>$PARAM[Left]</left>
				<top>$PARAM[Top]</top>
				<width>$PARAM[Width]</width>
				<height>$PARAM[Height]</height>
				<onup>7000</onup>
				<onup>SetProperty(MenuOpen,true,Home)</onup>
				<ondown condition="Integer.IsGreater(Container($PARAM[ID]).NumPages,1)">$PARAM[PageControl]</ondown>
				<onleft>$PARAM[ID]</onleft>
				<onright>$PARAM[ID]</onright>
				<focusposition>0</focusposition>
				<orientation>horizontal</orientation>
				<preloaditems>4</preloaditems>
				<include>global_Scrolltime</include>
				<pagecontrol>$PARAM[PageControl]</pagecontrol>
				<visible>$PARAM[Visible]</visible>
				<itemlayout width="$PARAM[ItemWidth]" height="$PARAM[ItemHeight]">
					<control type="image">
						<left>128</left>
						<width>$PARAM[ArtWidth]</width>
						<height>$PARAM[ArtHeight]</height>
						<aspectratio align="center">scale</aspectratio>
						<texture colordiffuse="$VAR[color:Text.2]">views/fallback/landscape.png</texture>
						<visible>ListItem.IsParentFolder</visible>
					</control>
					<control type="image">
						<left>128</left>
						<width>$PARAM[ArtWidth]</width>
						<height>$PARAM[ArtHeight]</height>
						<aspectratio align="center">scale</aspectratio>
						<texture background="true">$PARAM[Art]</texture>
					</control>
					<control type="label">
						<left>128</left>
						<width>$PARAM[ArtWidth]</width>
						<height>$PARAM[ArtHeight]</height>
						<label>$VAR[symbol:Global]</label>
						<align>center</align>
						<aligny>center</aligny>
						<font>Symbols-64</font>
						<textcolor>$VAR[color:Accent]</textcolor>
						<visible>ListItem.IsParentFolder</visible>
					</control>
					<!--clearlogo-->
					<control type="image">
						<left>128</left>
						<bottom>24</bottom>
						<width>$PARAM[ArtWidth]</width>
						<height>25%</height>
						<texture>$PARAM[Logo]</texture>
						<fadetime>fadetime_Thumb</fadetime>
						<aspectratio align="center" aligny="bottom">keep</aspectratio>
						<visible>$PARAM[ShowLogo]</visible>
					</control>
					<!-- Status -->
					<include content="media_Status">
						<param name="Top">9</param>
						<param name="Right">-119</param>
					</include>
				</itemlayout>
				<focusedlayout width="$PARAM[ItemWidth]" height="$PARAM[ItemHeight]">
					<control type="image">
						<left>128</left>
						<width>$PARAM[ArtWidth]</width>
						<height>$PARAM[ArtHeight]</height>
						<aspectratio align="center">scale</aspectratio>
						<texture colordiffuse="$VAR[color:Text.2]">views/fallback/landscape.png</texture>
						<visible>ListItem.IsParentFolder</visible>
					</control>
					<control type="label">
						<left>128</left>
						<width>$PARAM[ArtWidth]</width>
						<height>$PARAM[ArtHeight]</height>
						<label>$VAR[symbol:Global]</label>
						<align>center</align>
						<aligny>center</aligny>
						<font>Symbols-64</font>
						<textcolor>$VAR[color:Accent]</textcolor>
						<visible>ListItem.IsParentFolder</visible>
					</control>
					<control type="image">
						<left>128</left>
						<width>$PARAM[ArtWidth]</width>
						<height>$PARAM[ArtHeight]</height>
						<aspectratio align="center">scale</aspectratio>
						<texture background="true">$PARAM[Art]</texture>
					</control>
					<!--clearlogo-->
					<control type="image">
						<left>128</left>
						<bottom>24</bottom>
						<width>$PARAM[ArtWidth]</width>
						<height>25%</height>
						<texture>$PARAM[Logo]</texture>
						<fadetime>fadetime_Thumb</fadetime>
						<aspectratio align="center" aligny="bottom">keep</aspectratio>
						<visible>$PARAM[ShowLogo]</visible>
					</control>
					<!-- Status -->
					<include content="media_Status">
						<param name="Top">9</param>
						<param name="Right">-119</param>
					</include>
				</focusedlayout>
			</control>
			<control type="image">
				<left>128</left>
				<top>$PARAM[Top]</top>
				<width>$PARAM[ItemWidth]</width>
				<height>$PARAM[ItemHeight]</height>
				<texture colordiffuse="$VAR[color:Accent]" border="5">views/frame/landscape.png</texture>
				<visible>Control.HasFocus(521)</visible>
				<aspectratio>stretch</aspectratio>
			</control>
			<control type="grouplist">
				<left>164</left>
				<top>$PARAM[InfoTop]</top>
				<width>1664</width>
				<height>440</height>
				<orientation>vertical</orientation>
				<control type="label">
					<left>$PARAM[TextLeft]</left>
					<width>1664</width>
					<label>$VAR[media:Title]</label>
					<height>40</height>
					<font>Black-28</font>
					<aligny>center</aligny>
					<textcolor>$VAR[color:Accent]</textcolor>
				</control>
				<control type="label">
					<height>64</height>
					<width>1664</width>
					<label>$PARAM[Label2]</label>
					<font>Regular-22</font>
					<textcolor>$VAR[color:Text.2]</textcolor>
					<aligny>top</aligny>
				</control>
				<control type="textbox">
					<height>200</height>
					<width>1664</width>
					<label>$VAR[media:Description]</label>
					<font>Slab-24</font>
					<textcolor>$VAR[color:Text.3]</textcolor>
				</control>
			</control>
		</definition>
	</include>
</includes>
