<?xml version="1.0" encoding="UTF-8"?>
<includes>
	<include name="view_Gallery">
		<param name="ID" default="53"/>
		<param name="Art" default="$INFO[ListItem.Art(fanart)]"/>
		<param name="ArtHeight" default="screen_Height"/>
		<param name="ArtWidth" default="screen_Width"/>
		<param name="Description" default="$VAR[media:Description]"/>
		<param name="Height" default="screen_Height"/>
		<param name="Icon" default="$VAR[symbol:Global]"/>
		<param name="ItemHeight" default="screen_Height"/>
		<param name="ItemWidth" default="screen_Width"/>
		<param name="Label" default="$VAR[media:Title]"/>
		<param name="Label2" default="$VAR[media:Info]"/>
		<param name="LabelHeight"/>
		<param name="LabelWidth"/>
		<param name="Left" default="0"/>
		<param name="PageControl" default="6500"/>
		<param name="Symbol" default="Symbols-32"/>
		<param name="SymbolSize"/>
		<param name="TextHeight"/>
		<param name="TextWidth"/>
		<param name="Top" default="0"/>
		<param name="Width" default="screen_Width"/>
		<param name="Visible" default="Container.Content(movies) | Container.Content(tvshows) | Container.Content(sets)"/>
		<definition>
			<control type="wraplist" id="$PARAM[ID]">
				<viewtype label="Gallery">bigwrap</viewtype>
				<left>$PARAM[Left]</left>
				<top>$PARAM[Top]</top>
				<width>$PARAM[Width]</width>
				<height>$PARAM[Height]</height>
				<onup>SetProperty(MenuOpen,true,Home)</onup>
				<onup>7000</onup>
				<onleft>$PARAM[ID]</onleft>
				<onright>$PARAM[ID]</onright>
				<ondown>6500</ondown>
				<focusposition>0</focusposition>
				<pagecontrol>$PARAM[PageControl]</pagecontrol>
				<orientation>horizontal</orientation>
				<include>global_Scrolltime</include>
				<visible>$PARAM[Visible]</visible>
				<itemlayout width="$PARAM[ItemWidth]" height="$PARAM[ItemHeight]">
					<control type="image">
						<width>$PARAM[ItemWidth]</width>
						<height>$PARAM[ItemHeight]</height>
						<texture>views/fallback/fanart.jpg</texture>
						<aspectratio>stretch</aspectratio>
						<visible>ListItem.IsParentFolder</visible>
					</control>
					<control type="image">
						<width>$PARAM[ArtWidth]</width>
						<height>$PARAM[ArtHeight]</height>
						<texture>$PARAM[Art]</texture>
						<aspectratio align="center" aligny="center">scale</aspectratio>
					</control>
					<control type="image">
						<width>screen_Width</width>
						<height>screen_Height</height>
						<texture colordiffuse="ff000000">views/overlay/landscape-fo.png</texture>
					</control>
				</itemlayout>
				<focusedlayout width="$PARAM[ItemWidth]" height="$PARAM[ItemHeight]">
					<control type="image">
						<width>$PARAM[ItemWidth]</width>
						<height>$PARAM[ItemHeight]</height>
						<texture>views/fallback/fanart.jpg</texture>
						<aspectratio>stretch</aspectratio>
						<visible>ListItem.IsParentFolder</visible>
					</control>
					<control type="image">
						<width>$PARAM[ArtWidth]</width>
						<height>$PARAM[ArtHeight]</height>
						<texture>$PARAM[Art]</texture>
						<aspectratio align="center" aligny="center">scale</aspectratio>
					</control>
					<control type="image">
						<width>screen_Width</width>
						<height>screen_Height</height>
						<texture colordiffuse="ff000000">views/overlay/landscape-fo.png</texture>
					</control>
				</focusedlayout>
			</control>
		</definition>
	</include>
	<include name="info_Gallery">
		<definition>
			<control type="group">
				<top>750</top>
				<width>1920</width>
				<height>285</height>
				<control type="group">
					<left>64</left>
					<height>384</height>
					<bottom>64</bottom>
				</control>
				<control type="group">
					<left>128</left>
					<control type="label">
						<bottom>180</bottom>
						<label>$VAR[media:Title]</label>
						<width>1664</width>
						<height>28</height>
						<font>Black-64</font>
						<aligny>center</aligny>
						<textcolor>$VAR[color:Accent]</textcolor>
					</control>
					<control type="label">
						<bottom>146</bottom>
						<height>0</height>
						<width>1664</width>
						<label>$VAR[media:Info]</label>
						<font>Black-26</font>
						<aligny>center</aligny>
						<textcolor>$VAR[color:Text.2]</textcolor>
					</control>
				</control>
				<control type="textbox">
					<left>128</left>
					<bottom>0</bottom>
					<width>1664</width>
					<height>115</height>
					<label>$VAR[media:Description]</label>
					<font>Slab-24</font>
					<textcolor>$VAR[color:Accent]</textcolor>
				</control>
			</control>
		</definition>
	</include>
</includes>