<settings>
	<!--homemenu layout -->
	<setting id="homemenu.type" value="vertical" label="$LOCALIZE[31207]" condition="" icon="" description=""/>
	<setting id="homemenu.type" value="horizontal" label="$LOCALIZE[31208]" condition="" icon="" description="" default="true"/>

	<!--options menu player controls-->
	<setting id="menu.controls" value="none" label="$LOCALIZE[36502]" condition="" icon="" description=""/>
	<setting id="menu.controls" value="player" label="$LOCALIZE[31285]" condition="" icon="" description="" default="true"/>
	<setting id="menu.controls" value="fullscreen" label="$LOCALIZE[31284]" condition="" icon="" description="" default="true"/>

	<!--epg scrolling speed-->
	<setting id="epg.scrolltime" value="normal" label="$LOCALIZE[31227]" condition="" icon="" description=""/>
	<setting id="epg.scrolltime" value="fast" label="$LOCALIZE[31228]" condition="" icon="" description="" default="true"/>
	<setting id="epg.scrolltime" value="instant" label="$LOCALIZE[31229]" condition="" icon="" description="" default="true"/>

	<!--disable unwatched indicators-->
	<setting id="mediaoverlay.disable" value="||MULTISELECT||" label="" condition="" icon="" description="">
		<option id="overlay.movies.disable" label="$LOCALIZE[31254]" condition="" default="true"/>
		<option id="overlay.tvshows.disable" label="$LOCALIZE[31255]" condition="" default="true"/>
		<option id="overlay.episodes.disable" label="$LOCALIZE[31256]" condition="" default="true"/>
		<option id="overlay.files.disable" label="$LOCALIZE[31257]" condition="" default="true"/>
	</setting>

</settings>
