<?xml version="1.0" encoding="UTF-8"?>
<window type="dialog" id="1101">
	<defaultcontrol always="true">500</defaultcontrol>
	<controls>

	<!--global includes-->
		<include>background_Global</include>

	<!--window chrome-->		
		<control type="group">
			<include>transition_Chrome</include>
			<include content="global_WindowChrome">
				<param name="Title">$VAR[window:Title.Custom]</param>
			</include>
		</control>

	<!--content-->
		<control type="group">
			<left>128</left>
			<top>108</top>
			<include>transition_Content</include>

			<control type="group">
				<top>90</top>
				<control type="image">
					<width>576</width>
					<height>810</height>
					<texture>$VAR[art:Portrait]</texture>
					<aspectratio align="left" aligny="bottom">keep</aspectratio>
				</control>
				<control type="image">
					<top>810</top>
					<width>576</width>
					<height>810</height>
					<texture flipy="true" diffuse="views/diffuse/portrait.png">$VAR[art:Portrait]</texture>
					<aspectratio align="left" aligny="top">keep</aspectratio>
				</control>
			</control>

			<control type="grouplist" id="500">
				<left>640</left>
				<width>832</width>
				<height>900</height>
				<onright>9000</onright>
				<onleft>8999</onleft>
				<orientation>vertical</orientation>
				<itemgap>0</itemgap>

				<control type="label" id="505">
					<label>$LOCALIZE[16106]</label>
					<include>global_Header</include>
				</control>

				<!--refresh-->
				<control type="group" id="510">
					<height>90</height>
					<control type="button" id="511">
						<width>832</width>
						<label>$LOCALIZE[184]</label>
						<textoffsetx>114</textoffsetx>
						<onright>9000</onright>
						<onup>601</onup>
						<ondown>521</ondown>
						<onclick>Close</onclick>
						<onclick>SendClick(2003,6)</onclick>
						<include>button_Settings</include>
					</control>
					<control type="label">
						<label>&#57496;</label>
						<textcolor>$VAR[view:TextColor2_Selected]</textcolor>
						<include>global_Symbol</include>
						<visible>Control.HasFocus(511)</visible>
					</control>
					<control type="label">
						<label>&#57496;</label>
						<textcolor>$VAR[color:Text.3]</textcolor>
						<include>global_Symbol</include>
						<visible>!Control.HasFocus(511)</visible>
					</control>
				</control>

				<!--user rating-->
				<control type="group" id="520">
					<height>90</height>
					<visible>String.IsEqual(ListItem.DBTYPE,movie) | String.IsEqual(ListItem.DBTYPE,tvshow) | String.IsEqual(ListItem.DBTYPE,episode) | String.IsEqual(ListItem.DBTYPE,musicvideo) | String.IsEqual(ListItem.DBTYPE,album) | String.IsEqual(ListItem.DBTYPE,song)</visible>
					<control type="button" id="521">
						<width>832</width>
						<label>$LOCALIZE[38023]</label>
						<textoffsetx>114</textoffsetx>
						<onright>9000</onright>
						<onup>510</onup>
						<ondown>530</ondown>
						<onclick>Close</onclick>
						<onclick>SendClick(7)</onclick>
						<include>button_Settings</include>
					</control>
					<control type="label">
						<label>&#57499;</label>
						<textcolor>$VAR[view:TextColor2_Selected]</textcolor>
						<include>global_Symbol</include>
						<visible>Control.HasFocus(521)</visible>
					</control>
					<control type="label">
						<label>&#57499;</label>
						<textcolor>$VAR[color:Text.3]</textcolor>
						<include>global_Symbol</include>
						<visible>!Control.HasFocus(521)</visible>
					</control>
				</control>

				<!-- Choose thumb -->
				<control type="group" id="530">
					<height>90</height>
					<control type="button" id="531">
						<width>832</width>
						<label>$VAR[manage:SetArt]</label>
						<textoffsetx>114</textoffsetx>
						<onright>9000</onright>
						<onup>521</onup>
						<ondown>536</ondown>
						<onclick>Close</onclick>
						<onclick>SendClick(2003,10)</onclick>
						<include>button_Settings</include>
					</control>
					<control type="label">
						<label>&#58931;</label>
						<textcolor>$VAR[view:TextColor2_Selected]</textcolor>
						<include>global_Symbol</include>
						<visible>Control.HasFocus(531)</visible>
					</control>
					<control type="label">
						<label>&#58931;</label>
						<textcolor>$VAR[color:Text.3]</textcolor>
						<include>global_Symbol</include>
						<visible>!Control.HasFocus(531)</visible>
					</control>
				</control>

				<!-- Choose fanart -->
				<control type="group" id="535">
					<height>90</height>
					<visible>Container.Content(artists)</visible>
					<control type="button" id="536">
						<width>832</width>
						<label>$LOCALIZE[20413]</label>
						<textoffsetx>114</textoffsetx>
						<onright>9000</onright>
						<onup>531</onup>
						<ondown>541</ondown>
						<onclick>Close</onclick>
						<onclick>SendClick(2003,12)</onclick>
						<include>button_Settings</include>
					</control>
					<control type="label">
						<label>&#57394;</label>
						<textcolor>$VAR[view:TextColor2_Selected]</textcolor>
						<include>global_Symbol</include>
						<visible>Control.HasFocus(536)</visible>
					</control>
					<control type="label">
						<label>&#57394;</label>
						<textcolor>$VAR[color:Text.3]</textcolor>
						<include>global_Symbol</include>
						<visible>!Control.HasFocus(536)</visible>
					</control>
				</control>

				<control type="label" id="539">
					<label>$LOCALIZE[31207]</label>
					<include>global_Header</include>
					<visible>String.IsEqual(ListItem.DBTYPE,movie) | String.IsEqual(ListItem.DBTYPE,tvshow) | String.IsEqual(ListItem.DBTYPE,season) | String.IsEqual(ListItem.DBTYPE,episode) | String.IsEqual(ListItem.DBTYPE,musicvideo)</visible>
				</control>

				<!-- Get all artwork-->
				<control type="group" id="540">
					<height>90</height>
					<visible>String.IsEqual(ListItem.DBTYPE,movie) | String.IsEqual(ListItem.DBTYPE,tvshow) | String.IsEqual(ListItem.DBTYPE,season) | String.IsEqual(ListItem.DBTYPE,episode) | String.IsEqual(ListItem.DBTYPE,musicvideo)</visible>
					<control type="button" id="541">
						<width>832</width>
						<label>$LOCALIZE[31214]</label>
						<textoffsetx>114</textoffsetx>
						<onright>9000</onright>
						<onup>536</onup>
						<ondown>551</ondown>
						<onclick condition="String.IsEqual(ListItem.DBTYPE,tvshow) + System.HasAddon(script.artwork.downloader)">RunScript(script.artwork.downloader, mediatype=tvshow, dbid=$INFO[ListItem.DBID])</onclick>
						<onclick condition="String.IsEqual(ListItem.DBTYPE,movie) + System.HasAddon(script.artwork.downloader)">RunScript(script.artwork.downloader, mediatype=movie, dbid=$INFO[ListItem.DBID])</onclick>
						<onclick condition="String.IsEqual(ListItem.DBTYPE,musicvideo) + System.HasAddon(script.artwork.downloader)">RunScript(script.artwork.downloader, mediatype=musicvideo, dbid=$INFO[ListItem.DBID])</onclick>
						<include>install_Downloader</include>
						<include>button_Settings</include>
					</control>
					<control type="label">
						<label>&#59166;</label>
						<textcolor>$VAR[view:TextColor2_Selected]</textcolor>
						<include>global_Symbol</include>
						<visible>Control.HasFocus(541)</visible>
					</control>
					<control type="label">
						<label>&#59166;</label>
						<textcolor>$VAR[color:Text.3]</textcolor>
						<include>global_Symbol</include>
						<visible>!Control.HasFocus(541)</visible>
					</control>
				</control>

				<!--download landscape-->
				<control type="group" id="550">
					<height>90</height>
					<visible>String.IsEqual(ListItem.DBTYPE,movie) | String.IsEqual(ListItem.DBTYPE,tvshow) | String.IsEqual(ListItem.DBTYPE,episode)</visible>
					<control type="button" id="551">
						<width>832</width>
						<label>$LOCALIZE[31219]</label>
						<textoffsetx>114</textoffsetx>
						<onright>9000</onright>
						<onup>541</onup>
						<ondown>561</ondown>
						<onclick condition="String.IsEqual(ListItem.DBTYPE,movie) + System.HasAddon(script.artwork.downloader)">RunScript(script.artwork.downloader, mode=custom, mediatype=movie, dbid=$INFO[ListItem.DBID], landscape)</onclick>
						<onclick condition="String.IsEqual(ListItem.DBTYPE,tvshow) + System.HasAddon(script.artwork.downloader)">RunScript(script.artwork.downloader, mode=custom, mediatype=tvshow, dbid=$INFO[ListItem.DBID], landscape)</onclick>
						<include>install_Downloader</include>
						<include>button_Settings</include>
					</control>
					<control type="label">
						<label>&#57475;</label>
						<textcolor>$VAR[view:TextColor2_Selected]</textcolor>
						<include>global_Symbol</include>
						<visible>Control.HasFocus(551)</visible>
					</control>
					<control type="label">
						<label>&#57475;</label>
						<textcolor>$VAR[color:Text.3]</textcolor>
						<include>global_Symbol</include>
						<visible>!Control.HasFocus(551)</visible>
					</control>
				</control>

				<!--download logo-->
				<control type="group" id="560">
					<height>90</height>
					<visible>String.IsEqual(ListItem.DBTYPE,movie) | String.IsEqual(ListItem.DBTYPE,tvshow) | String.IsEqual(ListItem.DBTYPE,episode) | String.IsEqual(ListItem.DBTYPE,musicvideo)</visible>
					<control type="button" id="561">
						<width>832</width>
						<label>$LOCALIZE[31209]</label>
						<textoffsetx>114</textoffsetx>
						<onright>9000</onright>
						<onup>551</onup>
						<ondown>570</ondown>
						<onclick condition="String.IsEqual(ListItem.DBTYPE,movie) + System.HasAddon(script.artwork.downloader)">RunScript(script.artwork.downloader, mode=custom, mediatype=movie, dbid=$INFO[ListItem.DBID], clearlogo)</onclick>
						<onclick condition="String.IsEqual(ListItem.DBTYPE,tvshow) + System.HasAddon(script.artwork.downloader)">RunScript(script.artwork.downloader, mode=custom, mediatype=tvshow, dbid=$INFO[ListItem.DBID], clearlogo)</onclick>
						<onclick condition="String.IsEqual(ListItem.DBTYPE,musicvideo) + System.HasAddon(script.artwork.downloader)">RunScript(script.artwork.downloader, mode=custom, mediatype=musicvideo, dbid=$INFO[ListItem.DBID], clearlogo)</onclick>
						<include>install_Downloader</include>
						<include>button_Settings</include>
					</control>
					<control type="label">
						<label>&#57475;</label>
						<textcolor>$VAR[view:TextColor2_Selected]</textcolor>
						<include>global_Symbol</include>
						<visible>Control.HasFocus(561)</visible>
					</control>
					<control type="label">
						<label>&#57475;</label>
						<textcolor>$VAR[color:Text.3]</textcolor>
						<include>global_Symbol</include>
						<visible>!Control.HasFocus(561)</visible>
					</control>
				</control>

				<!--download extrafanart-->
				<control type="group" id="570">
					<height>90</height>
					<visible>String.IsEqual(ListItem.DBTYPE,movie) | String.IsEqual(ListItem.DBTYPE,tvshow) | String.IsEqual(ListItem.DBTYPE,episode) | String.IsEqual(ListItem.DBTYPE,musicvideo)</visible>
					<control type="button" id="571">
						<width>832</width>
						<label>$LOCALIZE[31212]</label>
						<textoffsetx>114</textoffsetx>
						<onright>9000</onright>
						<onup>561</onup>
						<ondown>600</ondown>
						<onclick condition="String.IsEqual(ListItem.DBTYPE,tvshow) + System.HasAddon(script.artwork.downloader)">RunScript(script.artwork.downloader, mode=custom, mediatype=movie, dbid=$INFO[ListItem.DBID], extrafanart)</onclick>
						<onclick condition="String.IsEqual(ListItem.DBTYPE,tvshow) + System.HasAddon(script.artwork.downloader)">RunScript(script.artwork.downloader, mode=custom, mediatype=tvshow, dbid=$INFO[ListItem.DBID], extrafanart)</onclick>
						<onclick condition="String.IsEqual(ListItem.DBTYPE,musicvideo) + System.HasAddon(script.artwork.downloader)">RunScript(script.artwork.downloader, mode=custom, mediatype=musicvideo, dbid=$INFO[ListItem.DBID], extrafanart)</onclick>
						<include>install_Downloader</include>
						<include>button_Settings</include>
					</control>
					<control type="label">
						<label>&#57475;</label>
						<textcolor>$VAR[view:TextColor2_Selected]</textcolor>
						<include>global_Symbol</include>
						<visible>Control.HasFocus(571)</visible>
					</control>
					<control type="label">
						<label>&#57475;</label>
						<textcolor>$VAR[color:Text.3]</textcolor>
						<include>global_Symbol</include>
						<visible>!Control.HasFocus(571)</visible>
					</control>
				</control>

				<!--start artwork downloader-->
				<control type="group" id="600">
					<height>90</height>
					<visible>String.IsEqual(ListItem.DBTYPE,movie) | String.IsEqual(ListItem.DBTYPE,tvshow) | String.IsEqual(ListItem.DBTYPE,episode) | String.IsEqual(ListItem.DBTYPE,musicvideo)</visible>
					<control type="button" id="601">
						<width>832</width>
						<label>Artwork Downloader $LOCALIZE[5]</label>
						<textoffsetx>114</textoffsetx>
						<onright>9000</onright>
						<onup>571</onup>
						<ondown>511</ondown>
						<onclick condition="System.HasAddon(script.artwork.downloader)">Addon.OpenSettings(script.artwork.downloader)</onclick>
						<onclick condition="!System.HasAddon(script.artwork.downloader)">InstallAddon(script.artwork.downloader)</onclick>
						<include>button_Settings</include>
					</control>
					<control type="label">
						<label>&#59014;</label>
						<textcolor>$VAR[view:TextColor2_Selected]</textcolor>
						<include>global_Symbol</include>
						<visible>Control.HasFocus(601)</visible>
					</control>
					<control type="label">
						<label>&#59014;</label>
						<textcolor>$VAR[color:Text.3]</textcolor>
						<include>global_Symbol</include>
						<visible>!Control.HasFocus(601)</visible>
					</control>
				</control>
			</control>

			<!--dialog buttons-->
			<control type="grouplist" id="9000">
				<top>90</top>
				<right>128</right>
				<width>108</width>
				<height>90</height>
				<itemgap>0</itemgap>
				<onleft>500</onleft>
				<onright>noop</onright>
				<ondown>noop</ondown>
				<orientation>horizontal</orientation>
				<!--cancel-->
				<control type="button" id="7">
					<label2>&#58950;</label2>
					<font>Symbols-26</font>
					<width>108</width>
					<onclick>Close</onclick>
					<textoffsetx>40</textoffsetx>
					<include>button_Dialog</include>
				</control>
			</control>
		</control>
	</controls>
</window>