<?xml version="1.0" encoding="utf-8"?>
<window>
	<defaultcontrol always="true">9000</defaultcontrol>
	<controls>

	<!-- Background -->
		<include>background_Global</include>

	<!-- Chrome -->
		<control type="group">
			<include>transition_Chrome</include>
			<include content="global_WindowChrome">
				<param name="Title">$VAR[window:Title.Info]</param>
			</include>
		</control>

	<!-- Content -->
		<control type="group">
			<top>198</top>
			<include>transition_Content</include>
			<visible>!Window.IsActive(selectdialog) + !Window.IsActive(filebrowser)</visible>

			<control type="grouplist">
				<left>608</left>
				<itemgap>0</itemgap>
				<orientation>vertical</orientation>
				<visible>!Control.IsVisible(50)</visible>

			<!-- Info Columns -->
				<control type="group">
					<width>1230</width>
					<height>300</height>
					<!--left column-->
					<control type="grouplist">
						<width>480</width>
						<height>360</height>
						<orientation>vertical</orientation>
						<itemgap>0</itemgap>
						<!--L1-->
						<include content="information_Block">
							<param name="Label">$VAR[information:L1.Label]</param>
							<param name="InfoLabel">$VAR[information:L1]</param>
						</include>
						<!--L2-->
						<include content="information_Block">
							<param name="Label">$VAR[information:L2.Label]</param>
							<param name="InfoLabel">$VAR[information:L2]</param>
						</include>
						<!--L3-->
						<include content="information_Block">
							<param name="Label">$VAR[information:L3.Label]</param>
							<param name="InfoLabel">$VAR[information:L3]</param>
						</include>
					</control>
					<!--right column-->
					<control type="grouplist">
						<left>544</left>
						<width>500</width>
						<height>360</height>
						<orientation>vertical</orientation>
						<itemgap>0</itemgap>
						<!--R1-->
						<include content="information_Block">
							<param name="Label">$VAR[information:R1.Label]</param>
							<param name="InfoLabel">$VAR[information:R1]</param>
						</include>
						<!--R2-->
						<include content="information_Block">
							<param name="Label">$VAR[information:R2.Label]</param>
							<param name="InfoLabel">$VAR[information:R2]</param>
						</include>
						<!--R3-->
						<include content="information_Block">
							<param name="Label">$VAR[information:R3.Label]</param>
							<param name="InfoLabel">$VAR[information:R3]</param>
						</include>
					</control>
				</control>
				<control type="textbox" id="401">
					<width>1056</width>
					<height>380</height>
					<label>$INFO[ListItem.AddonDescription,,[CR][CR]]$INFO[ListItem.AddonDisclaimer,[B]$LOCALIZE[24052]: [/B],[CR][CR]]$INFO[ListItem.AddonNews,[B]$LOCALIZE[24036]: [/B],[CR][CR]]$INFO[ListItem.AddonBroken,[B]$LOCALIZE[126]: [/B],[CR][CR]]</label>
					<font>Slab-24</font>
					<textcolor>$VAR[color:Text.3]</textcolor>
				</control>
			</control>

			<!-- Functions -->
			<control type="group">
				<left>0</left>
				<bottom>72</bottom>
				<height>90</height>
				<width>1920</width>
				<control type="image">
					<width>1920</width>
					<height>90</height>
					<texture colordiffuse="ff000000">colorize/25.png</texture>
					<aspectratio>stretch</aspectratio>
				</control>
				<control type="grouplist" id="9000">
					<left>128</left>
					<width>1664</width>
					<height>90</height>
					<itemgap>0</itemgap>
					<onleft>5000</onleft>
					<onright>5000</onright>
					<orientation>horizontal</orientation>
					<!--configure-->
					<control type="button" id="9">
						<width>277.33</width>
						<height>90</height>
						<align>center</align>
						<font>Black-20</font>
						<label>$LOCALIZE[24020]</label>
						<texturenofocus></texturenofocus>
					</control>
					<!--update-->
					<control type="button" id="8">
						<width>277.33</width>
						<height>90</height>
						<align>center</align>
						<font>Black-20</font>
						<label>$LOCALIZE[24069]</label>
						<texturenofocus></texturenofocus>
					</control>
					<!--auto updates-->
					<control type="radiobutton" id="13">
						<width>277.33</width>
						<height>90</height>
						<align>left</align>
						<font>Black-20</font>
						<label>$LOCALIZE[21340]</label>
						<radiowidth>64</radiowidth>
						<texturenofocus></texturenofocus>
					</control>
					<!--launch-->
					<control type="button" id="12">
						<width>277.33</width>
						<height>90</height>
						<align>center</align>
						<font>Black-20</font>
						<label>$LOCALIZE[19687]</label>
						<texturenofocus></texturenofocus>
					</control>
					<!--install / uninstall-->
					<control type="button" id="6">
						<width>277.33</width>
						<height>90</height>
						<align>center</align>
						<font>Black-20</font>
						<label>$LOCALIZE[24022]</label>
						<texturenofocus></texturenofocus>
					</control>
					<!--enable / disable-->
					<control type="button" id="7">
						<width>277.33</width>
						<height>90</height>
						<align>center</align>
						<font>Black-20</font>
						<label>$LOCALIZE[24021]</label>
						<texturenofocus></texturenofocus>
					</control>
				</control>
			</control>

			<!-- Artwork -->
			<control type="group">
				<left>128</left>
				<control type="image">
					<width>384</width>
					<height>384</height>
					<texture background="true">$VAR[art:Square]</texture>
					<aspectratio align="left">scale</aspectratio>
				</control>
			</control>
		</control>
	</controls>
</window>