<?xml version="1.0" encoding="UTF-8"?>
<window>
	<defaultcontrol always="true">9</defaultcontrol>
	<controls>

	<!-- Background -->
		<include>background_Global</include>

	<!-- Chrome -->
		<control type="group">
			<include>transition_Chrome</include>
			<include content="global_WindowChrome">
				<param name="Label">$VAR[window:Title.Media]</param>
				<param name="ShowItemCount">false</param>
			</include>
		</control>

	<!-- Content -->
		<control type="group">
			<left>128</left>
			<top>198</top>
			<include>transition_Content</include>
		
			<!--button area-->
			<control type="grouplist" id="9">
				<width>324</width>
				<height>810</height>
				<itemgap>0</itemgap>
				<onleft/>
				<onright>2</onright>
				<onup>9</onup>
				<ondown>9</ondown>
			</control>
		
			<!--control area-->
			<control type="grouplist" id="2">
				<left>414</left>
				<width>944</width>
				<height>810</height>
				<itemgap>0</itemgap>
				<onleft>9</onleft>
				<onright>9001</onright>
				<onup>2</onup>
				<ondown>2</ondown>
				<pagecontrol>6500</pagecontrol>
			</control>

		<!-- Category -->
			<control type="button" id="13">
				<width>384</width>
				<height>90</height>
				<font>Black-22</font>
			</control>

			<!--default button-->
			<control type="button" id="3">
				<font>Regular-22-L</font>
			</control>

			<!--default radiobutton-->
			<control type="radiobutton" id="4">
				<textwidth>840</textwidth>
				<font>Regular-22-L</font>
			</control>

			<!--default spincontrol-->
			<control type="spincontrolex" id="5">
				<font>Regular-22-L</font>
			</control>

			<!--default separator-->
			<control type="image" id="6">
				<visible>false</visible>
			</control>

			<!--default label-->
			<control type="label" id="7">
				<include>global_Header</include>
			</control>

			<!--default slider-->
			<control type="sliderex" id="8">
				<font>Regular-22-L</font>
			</control>

			<control type="grouplist" id="9001">
				<top>0</top>
				<right>128</right>
				<width>216</width>
				<height>90</height>
				<itemgap>0</itemgap>
				<onleft>2</onleft>
				<onright>noop</onright>
				<ondown>12</ondown>
				<orientation>horizontal</orientation>
				<!--ok-->
				<control type="button" id="10">
					<label></label>
					<textoffsetx>40</textoffsetx>
					<font>Symbols-24</font>
					<label2>&#58956;</label2>
					<include>button_Dialog</include>
				</control>
				<!--cancel-->
				<control type="button" id="11">
					<label></label>
					<textoffsetx>40</textoffsetx>
					<font>Symbols-24</font>
					<label2>&#58950;</label2>
					<include>button_Dialog</include>
				</control>
			</control>
			<!--defaults-->
			<control type="button" id="12">
				<top>180</top>
				<right>128</right>
				<width>216</width>
				<label></label>
				<onleft>2</onleft>
				<onup>9001</onup>
				<font>Black-22</font>
				<include>button_Dialog</include>
			</control>
		</control>
	</controls>
</window>
