<?xml version="1.0" encoding="UTF-8"?>
<window>
	<defaultcontrol always="true">12</defaultcontrol>
	<coordinates>
		<system>1</system>
		<left>0</left>
		<top>0</top>
	</coordinates>
	
	<controls>

	<!--global includes-->
		<include>background_Global</include>

	<!--window chrome-->		
		<control type="group">
			<include>transition_Chrome</include>
			<include content="global_WindowChrome">
				<param name="Title">$VAR[window:Title.Dialog]</param>
				<param name="ShowItemCount">false</param>
			</include>
		</control>

		<control type="group">
			<left>128</left>
			<top>198</top>
			<include>transition_Content</include>
		
		<!--set source name-->
			<control type="label">
				<width>1152</width>
				<label>$LOCALIZE[1022]</label>
				<include>global_Header</include>
			</control>

		<!--set name-->
			<control type="edit" id="12">
				<top>90</top>
				<width>1344</width>
				<label></label>
				<hinttext>551</hinttext>
				<onleft></onleft>
				<onright>9001</onright>
				<onup></onup>
				<ondown>10</ondown>
			</control>

			<control type="group">
				<top>180</top>
				<width>1344</width>
				<height>428</height>
				<control type="label">
					<width>1152</width>
					<label>$LOCALIZE[1021]</label>
					<include>global_Header</include>
				</control>

				<!--sources-->
				<control type="group">
					<include content="dialog_List">
						<param name="ID">10</param>
						<param name="Top">90</param>
						<param name="Left">0</param>
						<param name="Width">930</param>
						<param name="Height">540</param>
						<param name="ItemHeight">90</param>
						<param name="OnUp">12</param>
						<param name="OnDown">10</param>
						<param name="OnRight">9000</param>
						<param name="FadeCondition">!Control.HasFocus(10)</param>
					</include>
					
					<!--browse controls-->
					<control type="grouplist" id="9000">
						<left>1020</left>
						<top>90</top>
						<width>324</width>
						<itemgap>0</itemgap>
						<onleft>10</onleft>
						<onup>12</onup>
						<onright>9001</onright>
						<orientation>horizontal</orientation>
						<!--browse-->
						<control type="button" id="11">
							<label>&#57502;</label>
							<font>Symbols-26</font>
							<include>button_Dialog</include>
						</control>
						<!--remove path-->
						<control type="button" id="14">
							<label>&#58914;</label>
							<font>Symbols-26</font>
							<include>button_Dialog</include>
						</control>
						<!--add path-->
						<control type="button" id="13">
							<label>&#58906;</label>
							<font>Symbols-26</font>
							<include>button_Dialog</include>
						</control>
					</control>
				</control>
			</control>

		<!--dialog controls-->
			<control type="grouplist" id="9001">
				<top>90</top>
				<right>128</right>
				<width>216</width>
				<height>108</height>
				<itemgap>0</itemgap>
				<onleft>12</onleft>
				<onright>noop</onright>
				<orientation>horizontal</orientation>
				<control type="button" id="18">
					<label>&#58956;</label>
					<include>button_Dialog</include>
				</control>
				<control type="button" id="19">
					<label>&#58950;</label>
					<include>button_Dialog</include>
				</control>
			</control>
		</control>
	</controls>
</window>
