<?xml version="1.0" encoding="UTF-8"?>
<window>
	<defaultcontrol>3</defaultcontrol>
	<controls>

		<!--global includes-->
		<include>background_Global</include>

		<!--window chrome-->		
		<control type="group">
			<include>transition_Chrome</include>
			<include content="global_WindowChrome">
				<param name="Title">$VAR[window:Title.Dialog]</param>
			</include>
		</control>

		<control type="group">
			<include>transition_Content</include>
			<!-- Controller types -->
			<control type="group" id="8998">
				<left>128</left>
				<top>198</top>
				<control type="label">
					<width>384</width>
					<height>90</height>
					<label>$LOCALIZE[35050]</label>
					<include>global_Header</include>
				</control>
				<control type="grouplist" id="3">
					<top>90</top>
					<width>384</width>
					<height>540</height>
					<onleft>18</onleft>
					<onright>8999</onright>
					<onup>3</onup>
					<ondown>3</ondown>
					<orientation>vertical</orientation>
					<itemgap>0</itemgap>
				</control>
				<control type="button" id="10">
					<width>384</width>
					<height>90</height>
				</control>
			</control>

			<control type="gamecontroller" id="31">
				<left>600</left>
				<top>217</top>
				<width>720</width>
				<height>429</height>
			</control>

			<!-- Feature types -->
			<control type="group" id="8999">
				<top>198</top>
				<width>384</width>
				<right>128</right>
				<control type="label">
					<width>384</width>
					<height>90</height>
					<label>$LOCALIZE[35059]</label>
					<include>global_Header</include>
				</control>
				<control type="grouplist" id="5">
					<top>90</top>
					<width>384</width>
					<height>540</height>
					<onleft>8998</onleft>
					<onright>17</onright>
					<onup>5</onup>
					<ondown>5</ondown>
					<orientation>vertical</orientation>
					<itemgap>0</itemgap>
				</control>
				<control type="button" id="7">
					<width>384</width>
					<height>90</height>
				</control>
			</control>

			<!-- Functions -->
			<control type="group">
				<bottom>72</bottom>
				<height>90</height>
				<width>1920</width>
				<control type="image">
					<width>1920</width>
					<height>90</height>
					<texture colordiffuse="ff000000">colorize/25.png</texture>
					<aspectratio>stretch</aspectratio>
				</control>
				<control type="grouplist" id="9000">
					<left>128</left>
					<width>1664</width>
					<height>90</height>
					<itemgap>0</itemgap>
					<onleft>5000</onleft>
					<onright>5000</onright>
					<align>center</align>
					<orientation>horizontal</orientation>
					<!-- Ok -->
					<control type="button" id="18">
						<width>320</width>
						<height>90</height>
						<align>center</align>
						<font>Black-20</font>
						<label>$LOCALIZE[186]</label>
						<onup>3</onup>
						<texturenofocus></texturenofocus>
					</control>
					<!-- Reset -->
					<control type="button" id="19">
						<width>320</width>
						<height>90</height>
						<align>center</align>
						<font>Black-20</font>
						<label>$LOCALIZE[10035]</label>
						<onup>3</onup>
						<texturenofocus></texturenofocus>
					</control>
					<!-- Get more... -->
					<control type="button" id="20">
						<width>320</width>
						<height>90</height>
						<align>center</align>
						<font>Black-20</font>
						<label>$LOCALIZE[21452]</label>
						<onup>5</onup>
						<texturenofocus></texturenofocus>
					</control>
					<!-- Help -->
					<control type="button" id="17">
						<width>320</width>
						<height>90</height>
						<align>center</align>
						<font>Black-20</font>
						<label>$LOCALIZE[10043]</label>
						<onup>5</onup>
						<texturenofocus></texturenofocus>
					</control>
				</control>
			</control>
		</control>
	</controls>
</window>