<?xml version="1.0" encoding="UTF-8"?>
<includes>	
	<include name="home_Menu-vertical">
		<control type="list" id="9000">
			<top>100</top>
			<width>1920</width>
			<height>900</height>
			<onleft>RunScript(script.skinshortcuts,type=hidesubmenu&amp;mainmenuID=9000)</onleft>
			<onback>RunScript(script.skinshortcuts,type=hidesubmenu&amp;mainmenuID=9000)</onback>
			<onright>SetFocus(9100)</onright>
			<onright condition="Integer.IsGreater(ControlGroup(9100).NumItems(0))">SetFocus(9100)</onright>
			<ondown>9000</ondown>
			<orientation>vertical</orientation>
			<include>transition_Background</include>
			<include>global_ListScroll</include>
			<animation type="Conditional" condition="ControlGroup(9100).HasFocus() + String.IsEqual(Skin.String(homemenu.layout),vertical)">
				<effect type="Fade" time="250" start="100" end="0" tween="cubic" easing="none"/>
			</animation>
			<animation effect="slide" end="0,98" time="0" condition="String.IsEqual(Container(9000).NumItems,7)">Conditional</animation>
			<animation effect="slide" end="0,196" time="0" condition="String.IsEqual(Container(9000).NumItems,5)">Conditional</animation>
			<animation effect="slide" end="0,294" time="0" condition="String.IsEqual(Container(9000).NumItems,3)">Conditional</animation>
			<animation effect="slide" end="0,392" time="0" condition="String.IsEqual(Container(9000).NumItems,1)">Conditional</animation>
			<itemlayout width="1920" height="98">
				<!-- Main -->
				<control type="group">
					<visible>String.IsEmpty(ListItem.Property(isSubmenu))</visible>
					<animation effect="fade" start="100" end="25" time="150" condition="!String.IsEmpty(Container(9000).ListItem.Property(isSubmenu))" reversible="true">Conditional</animation>
					<control type="label">
						<width>128</width>
						<height>98</height>
						<font>Symbols-32</font>
						<label>$VAR[home:Symbol]</label>
						<align>center</align>
						<aligny>center</aligny>
						<textcolor>$VAR[color:Text.2]</textcolor>
					</control>
					<control type="label">
						<left>160</left>
						<width>1920</width>
						<height>90</height>
						<label>$INFO[ListItem.Label]</label>
						<font>Thin-64</font>
						<aligny>center</aligny>
						<textcolor>$VAR[color:Accent]</textcolor>
					</control>
				</control>
				<!-- Sub -->
				<control type="group">
					<visible>!String.IsEmpty(ListItem.Property(isSubmenu))</visible>
					<control type="label">
						<width>128</width>
						<height>98</height>
						<font>Symbols-32</font>
						<label>$INFO[ListItem.Property(homeSymbol)]</label>
						<align>center</align>
						<aligny>center</aligny>
						<textcolor>$VAR[color:Text.2]</textcolor>
					</control>
					<control type="label">
						<left>160</left>
						<width>1920</width>
						<height>90</height>
						<label>$INFO[ListItem.Label]</label>
						<font>Thin-46</font>
						<aligny>center</aligny>
						<textcolor>$VAR[color:Accent]</textcolor>
					</control>
				</control>
			</itemlayout>
			<focusedlayout width="1920" height="98">
				<control type="group">
					<visible>Control.HasFocus(9000)</visible>
					<!-- Main -->
					<control type="group">
						<visible>String.IsEmpty(ListItem.Property(isSubmenu))</visible>
						<control type="label">
							<width>128</width>
							<height>98</height>
							<font>Symbols-32</font>
							<label>$VAR[home:Symbol]</label>
							<align>center</align>
							<aligny>center</aligny>
							<textcolor>$VAR[color:Text.2]</textcolor>
						</control>
						<control type="label">
							<left>160</left>
							<width>1920</width>
							<height>90</height>
							<label>$INFO[ListItem.Label]</label>
							<font>Black-72</font>
							<aligny>center</aligny>
							<textcolor>$VAR[color:Accent]</textcolor>
						</control>
					</control>
					<!-- Sub -->
					<control type="group">
						<visible>!String.IsEmpty(ListItem.Property(isSubmenu))</visible>
						<control type="label">
							<width>128</width>
							<height>98</height>
							<font>Symbols-32</font>
							<label>&#58921;</label>
							<align>center</align>
							<aligny>center</aligny>
							<textcolor>$VAR[color:Text.2]</textcolor>
						</control>
						<control type="label">
							<left>160</left>
							<width>1920</width>
							<height>90</height>
							<label>$INFO[ListItem.Label]</label>
							<font>Black-52</font>
							<aligny>center</aligny>
							<textcolor>$VAR[color:Accent]</textcolor>
						</control>
					</control>
				</control>
				<control type="group">
					<visible>!Control.HasFocus(9000)</visible>
					<!-- Main -->
					<control type="group">
						<visible>String.IsEmpty(ListItem.Property(isSubmenu))</visible>
						<control type="label">
							<width>128</width>
							<height>98</height>
							<font>Symbols-32</font>
							<label>$VAR[home:Symbol]</label>
							<align>center</align>
							<aligny>center</aligny>
							<textcolor>$VAR[color:Text.2]</textcolor>
						</control>
						<control type="label">
							<left>160</left>
							<width>1920</width>
							<height>90</height>
							<label>$INFO[ListItem.Label]</label>
							<font>Black-72</font>
							<aligny>center</aligny>
							<textcolor>$VAR[color:Accent]</textcolor>
						</control>
					</control>
					<!-- Main -->
					<control type="group">
						<visible>!String.IsEmpty(ListItem.Property(isSubmenu))</visible>
						<control type="label">
							<width>128</width>
							<height>98</height>
							<font>Symbols-32</font>
							<label>$INFO[ListItem.Property(homeSymbol)]</label>
							<align>center</align>
							<aligny>center</aligny>
							<textcolor>$VAR[color:Text.2]</textcolor>
						</control>
						<control type="label">
							<left>160</left>
							<width>1920</width>
							<height>90</height>
							<label>$INFO[ListItem.Label]</label>
							<font>Black-60</font>
							<aligny>center</aligny>
							<textcolor>$VAR[color:Accent]</textcolor>
						</control>
					</control>
				</control>
			</focusedlayout>
			<content>
				 <include>skinshortcuts-allmenus</include>
			</content>
		</control>
		<include content="home_Status">
			<param name="Left">128"</param>
			<param name="Width">1772"</param>
		</include>
	</include>

	<include name="home_Menu-Horizontal">
		<param name="FocusPosition" default="1"/>
		<param name="MainFontFocused" default="Light-60"/>
		<param name="MainFont" default="Light-48"/>
		<param name="SubFontFocused" default="Light-52"/>
		<param name="SubFont" default="Light-32"/>
		
		<definition>
			<!-- Main menu -->
			<control type="wraplist" id="9000">		
				<bottom>64</bottom>
				<width>1920</width>
				<height>1016</height>
				<onup>noop</onup>
				<onleft>9000</onleft>
				<onright>9000</onright>
				<ondown>9050</ondown>
				<onfocus>SetProperty(HomeFocusedItem,mainmenu,Home)</onfocus>
				<onfocus>SetProperty(BlurIsActive,false,Home)</onfocus>
				<onfocus>SetProperty(ShowClock,true,Home)</onfocus>
				<focusposition>$PARAM[FocusPosition]</focusposition>
				<include>global_ListScroll</include>
				<orientation>horizontal</orientation>
				<include>transition_HomeAlt</include>
				<itemlayout condition="!Skin.HasSetting(homemenu.condensed)" width="640" height="1016">
					<control type="group">
						<visible>!Control.HasFocus(9000)</visible>
						<control type="image">
							<height>108</height>
							<width>640</width>
							<bottom>0</bottom>
							<aspectratio>stretch</aspectratio>
							<texture colordiffuse="$VAR[home:FX.Color1]">colorize/75.png</texture>
						</control>
						<control type="label">
							<bottom>0</bottom>
							<width>640</width>
							<height>108</height>
							<label>$INFO[ListItem.Label]</label>
							<font>$PARAM[MainFont]</font>
							<align>center</align>
							<aligny>center</aligny>
							<textcolor>$VAR[home:FX.Color2]</textcolor>
						</control>
					</control>
					<control type="group">
						<visible>Control.HasFocus(9000)</visible>
						<control type="image">
							<height>108</height>
							<width>640</width>
							<bottom>0</bottom>
							<aspectratio>stretch</aspectratio>
							<texture colordiffuse="$VAR[home:FX.Color1]">colorize/75.png</texture>
						</control>
						<control type="label">
							<bottom>0</bottom>
							<width>640</width>
							<height>108</height>
							<label>$INFO[ListItem.Label]</label>
							<font>$PARAM[MainFont]</font>
							<align>center</align>
							<aligny>center</aligny>
							<textcolor>$VAR[home:FX.Color2]</textcolor>
						</control>
					</control>
				</itemlayout>
				<focusedlayout condition="!Skin.HasSetting(homemenu.condensed)" width="640" height="1016">
					<control type="image">
						<height>108</height>
						<width>640</width>
						<bottom>0</bottom>
						<aspectratio>stretch</aspectratio>
						<texture colordiffuse="$VAR[home:FX.Color1]">colorize/75.png</texture>
					</control>
					<control type="label">
						<bottom>0</bottom>
						<width>640</width>
						<height>108</height>
						<label>$INFO[ListItem.Label]</label>
						<font>$PARAM[MainFont]</font>
						<align>center</align>
						<aligny>center</aligny>
						<textcolor>$VAR[home:FX.Color2]</textcolor>
						<visible>!String.IsEqual(Window(Home).Property(HomeFocusedItem),mainmenu)</visible>
					</control>
					<control type="label">
						<bottom>0</bottom>
						<width>640</width>
						<height>108</height>
						<label>$INFO[ListItem.Label]</label>
						<font>Black-60</font>
						<align>center</align>
						<aligny>center</aligny>
						<textcolor>$VAR[color:Accent]</textcolor>
						<visible>Control.HasFocus(9000)</visible>
					</control>
				</focusedlayout>
				<itemlayout condition="Skin.HasSetting(homemenu.condensed)" width="384" height="1016">
					<control type="group">
						<visible>!Control.HasFocus(9000)</visible>
						<control type="image">
							<height>108</height>
							<width>384</width>
							<bottom>0</bottom>
							<aspectratio>stretch</aspectratio>
							<texture colordiffuse="$VAR[home:FX.Color1]">colorize/50.png</texture>
						</control>
						<control type="label">
							<bottom>0</bottom>
							<width>384</width>
							<height>108</height>
							<label>$INFO[ListItem.Label]</label>
							<font>Condensed$PARAM[MainFont]</font>
							<align>center</align>
							<aligny>center</aligny>
							<textcolor>$VAR[home:FX.Color2]</textcolor>
						</control>
					</control>
					<control type="group">
						<visible>Control.HasFocus(9000)</visible>
						<control type="image">
							<height>108</height>
							<width>384</width>
							<bottom>0</bottom>
							<aspectratio>stretch</aspectratio>
							<texture colordiffuse="$VAR[home:FX.Color1]">colorize/50.png</texture>
						</control>
						<control type="label">
							<bottom>0</bottom>
							<width>384</width>
							<height>108</height>
							<label>$INFO[ListItem.Label]</label>
							<font>Condensed$PARAM[MainFont]</font>
							<align>center</align>
							<aligny>center</aligny>
							<textcolor>$VAR[home:FX.Color2]</textcolor>
						</control>
					</control>
				</itemlayout>
				<focusedlayout condition="Skin.HasSetting(homemenu.condensed)" width="384" height="1016">
					<control type="image">
						<height>108</height>
						<width>384</width>
						<bottom>0</bottom>
						<aspectratio>stretch</aspectratio>
						<texture colordiffuse="$VAR[home:FX.Color1]">colorize/50.png</texture>
					</control>
					<control type="group">
						<visible>!String.IsEqual(Window(Home).Property(HomeFocusedItem),mainmenu)</visible>
						<control type="label">
							<bottom>0</bottom>
							<width>384</width>
							<height>108</height>
							<label>$INFO[ListItem.Label]</label>
							<font>Condensed$PARAM[MainFont]</font>
							<align>center</align>
							<aligny>center</aligny>
							<textcolor>$VAR[home:FX.Color2]</textcolor>
						</control>
					</control>
					<control type="group">
						<visible>Control.HasFocus(9000)</visible>
						<control type="label">
							<bottom>0</bottom>
							<width>384</width>
							<height>108</height>
							<label>$INFO[ListItem.Label]</label>
							<font>CondensedBold-52</font>
							<align>center</align>
							<aligny>center</aligny>
							<textcolor>$VAR[color:Accent]</textcolor>
						</control>
					</control>
				</focusedlayout>
				<content>
					<include>skinshortcuts-mainmenu</include>
				</content>
			</control>

			<!-- Submenu -->
			<control type="wraplist" id="9050">		
				<left>0</left>
				<width>1920</width>
				<height>64</height>
				<onleft>9050</onleft>
				<onright>9050</onright>

				<ondown>SetProperty(BlurIsActive,true,Home)</ondown>
				<onback>9000</onback>
				<focusposition>$PARAM[FocusPosition]</focusposition>
				<include>global_ListScroll</include>
				<orientation>horizontal</orientation>
				<include>transition_HomeAlt</include>
				<!--
				<animation effect="slide" end="192" time="0" condition="Skin.HasSetting(homemenu.condensed) + String.IsEqual(Container(9050).NumItems,4)">Conditional</animation>
				<animation effect="slide" end="384" time="0" condition="Skin.HasSetting(homemenu.condensed) + String.IsEqual(Container(9050).NumItems,3)">Conditional</animation>
				<animation effect="slide" end="576" time="0" condition="Skin.HasSetting(homemenu.condensed) + String.IsEqual(Container(9050).NumItems,2)">Conditional</animation>
				<animation effect="slide" end="768" time="0" condition="Skin.HasSetting(homemenu.condensed) + String.IsEqual(Container(9050).NumItems,1)">Conditional</animation>
				-->
				<itemlayout condition="!Skin.HasSetting(homemenu.condensed)" width="640" height="64">
					<control type="image">
						<height>64</height>
						<width>640</width>
						<bottom>0</bottom>
						<aspectratio>stretch</aspectratio>
						<texture colordiffuse="$VAR[home:FX.Color1]">colorize/80.png</texture>
						<visible>Control.HasFocus(9050)</visible>
					</control>
					<control type="image">
						<height>64</height>
						<width>640</width>
						<bottom>0</bottom>
						<aspectratio>stretch</aspectratio>
						<texture colordiffuse="$VAR[home:FX.Color1]">colorize/80.png</texture>
						<visible>!Control.HasFocus(9050)</visible>
					</control>
					<control type="label">
						<width>640</width>
						<height>64</height>
						<label>$INFO[ListItem.Label]</label>
						<font>Light-32</font>
						<align>center</align>
						<aligny>center</aligny>
						<textcolor>$VAR[home:FX.Color2]</textcolor>
					</control>
				</itemlayout>
				<focusedlayout condition="!Skin.HasSetting(homemenu.condensed)" width="640" height="64">
					<control type="group">
						<visible>!Control.HasFocus(9050)</visible>
						<control type="image">
							<height>64</height>
							<width>640</width>
							<bottom>0</bottom>
							<aspectratio>stretch</aspectratio>
							<texture colordiffuse="$VAR[home:FX.Color1]">colorize/80.png</texture>
						</control>
						<control type="label">
							<width>640</width>
							<height>64</height>
							<label>$INFO[ListItem.Label]</label>
							<font>Light-32</font>
							<align>center</align>
							<aligny>center</aligny>
							<textcolor>$VAR[home:FX.Color2]</textcolor>
						</control>
					</control>
					<control type="group">
						<visible>Control.HasFocus(9050)</visible>
						<control type="image">
							<height>64</height>
							<width>640</width>
							<bottom>0</bottom>
							<aspectratio>stretch</aspectratio>
							<texture colordiffuse="$VAR[home:FX.Color1]">colorize/80.png</texture>
						</control>
						<control type="label">
							<width>640</width>
							<height>64</height>
							<label>$INFO[ListItem.Label]</label>
							<font>Black-32</font>
							<align>center</align>
							<aligny>center</aligny>
							<textcolor>$VAR[color:Accent]</textcolor>
						</control>
					</control>
				</focusedlayout>
				<itemlayout condition="Skin.HasSetting(homemenu.condensed)" width="384" height="64">
					<control type="image">
						<height>64</height>
						<width>384</width>
						<bottom>0</bottom>
						<aspectratio>stretch</aspectratio>
						<texture colordiffuse="$VAR[home:FX.Color1]">colorize/40.png</texture>
						<visible>Control.HasFocus(9050)</visible>
					</control>
					<control type="image">
						<height>64</height>
						<width>384</width>
						<bottom>0</bottom>
						<aspectratio>stretch</aspectratio>
						<texture colordiffuse="$VAR[home:FX.Color1]">colorize/40.png</texture>
						<visible>!Control.HasFocus(9050)</visible>
					</control>
					<control type="label">
						<width>384</width>
						<height>64</height>
						<label>$INFO[ListItem.Label]</label>
						<font>CondensedLight-32</font>
						<align>center</align>
						<aligny>center</aligny>
						<textcolor>$VAR[home:FX.Color2]</textcolor>
					</control>
				</itemlayout>
				<focusedlayout condition="Skin.HasSetting(homemenu.condensed)" width="384" height="64">
					<control type="group">
						<visible>!Control.HasFocus(9050)</visible>
						<control type="image">
							<height>64</height>
							<width>384</width>
							<bottom>0</bottom>
							<aspectratio>stretch</aspectratio>
							<texture colordiffuse="$VAR[home:FX.Color1]">colorize/40.png</texture>
						</control>
						<control type="label">
							<width>384</width>
							<height>64</height>
							<label>$INFO[ListItem.Label]</label>
							<font>CondensedLight-32</font>
							<align>center</align>
							<aligny>center</aligny>
							<textcolor>$VAR[home:FX.Color2]</textcolor>
						</control>
					</control>
					<control type="group">
						<visible>Control.HasFocus(9050)</visible>
						<control type="image">
							<height>64</height>
							<width>384</width>
							<bottom>0</bottom>
							<aspectratio>stretch</aspectratio>
							<texture colordiffuse="$VAR[home:FX.Color1]">colorize/40.png</texture>
						</control>
						<control type="label">
							<width>384</width>
							<height>64</height>
							<label>$INFO[ListItem.Label]</label>
							<font>CondensedBold-36</font>
							<align>center</align>
							<aligny>center</aligny>
							<textcolor>$VAR[color:Accent]</textcolor>
						</control>
					</control>
				</focusedlayout>
				<content>
					 <include>skinshortcuts-submenu</include>
				</content>
			</control>
		</definition>
	</include>

	<include name="home_Menu-compact">
		<param name="ID" default="9000"/>
		<definition>
			<control type="list" id="9000">
				<top>108</top>
				<left>0</left>
				<width>128</width>
				<height>1080</height>
				<onup>9000</onup>
				<onleft>8000</onleft>
				<onright>9100</onright>
				<ondown>9000</ondown>
				<include>global_ListScroll</include>
				<orientation>vertical</orientation>
				<include>transition_Content</include>
				<!--
				<animation effect="slide" end="0,756" time="0" condition="Integer.IsEqual(Container($PARAM[ID]).NumItems,1)">Conditional</animation>
				<animation effect="slide" end="0,648" time="0" condition="Integer.IsEqual(Container($PARAM[ID]).NumItems,2)">Conditional</animation>
				<animation effect="slide" end="0,540" time="0" condition="Integer.IsEqual(Container($PARAM[ID]).NumItems,3)">Conditional</animation>
				<animation effect="slide" end="0,432" time="0" condition="Integer.IsEqual(Container($PARAM[ID]).NumItems,4)">Conditional</animation>
				<animation effect="slide" end="0,324" time="0" condition="Integer.IsEqual(Container($PARAM[ID]).NumItems,5)">Conditional</animation>
				<animation effect="slide" end="0,216" time="0" condition="Integer.IsEqual(Container($PARAM[ID]).NumItems,6)">Conditional</animation>
				<animation effect="slide" end="0,108" time="0" condition="Integer.IsEqual(Container($PARAM[ID]).NumItems,7)">Conditional</animation>
				<animation effect="slide" end="0,0" time="0" condition="Integer.IsGreaterOrEqual(Container($PARAM[ID]).NumItems,8)">Conditional</animation>
				-->
				<itemlayout width="128" height="108">
					<control type="label">
						<width>128</width>
						<height>108</height>
						<font>Symbols-32</font>
						<label>$INFO[ListItem.Property(homeSymbol)]</label>
						<align>center</align>
						<aligny>center</aligny>
						<textcolor>$VAR[color:Text.2]</textcolor>
					</control>
				</itemlayout>
				<focusedlayout width="128" height="108">
					<control type="label">
						<width>128</width>
						<height>108</height>
						<font>Symbols-32</font>
						<label>$INFO[ListItem.Property(homeSymbol)]</label>
						<align>center</align>
						<aligny>center</aligny>
						<textcolor>$VAR[color:Text.2]</textcolor>
						<visible>!Control.HasFocus(9000)</visible>
					</control>
					<control type="group">
						<visible>Control.HasFocus(9000)</visible>
						<control type="image">
							<aspectratio>stretch</aspectratio>
							<width>128</width>
							<height>108</height>
							<texture colordiffuse="$VAR[color:Accent]">colorize/75.png</texture>
						</control>
						<control type="label">
							<width>128</width>
							<height>108</height>
							<font>Symbols-32</font>
							<label>$INFO[ListItem.Property(homeSymbol)]</label>
							<align>center</align>
							<aligny>center</aligny>
							<textcolor>$VAR[color:Main]</textcolor>
						</control>
					</control>	
				</focusedlayout>
				<content>
					 <include>skinshortcuts-mainmenu</include>
				</content>
			</control>
		</definition> 
	</include>
</includes>