<?xml version="1.0" encoding="UTF-8"?>
<window>
	<defaultcontrol always="true">50</defaultcontrol>
	<menucontrol>7000</menucontrol>
	<views>50</views>
	<onload>ClearProperty(MenuOpen,Home)</onload>

	<controls>

	<!--menu trigger-->
		<control type="button" id="5500">
			<onfocus>Control.SetFocus(50)</onfocus>
			<visible allowhiddenfocus="true">false</visible>
		</control>

	<!--background-->
		<include content="background_Global">
			<param name="GridTexture">$VAR[window:Grid]</param>
		</include>

		<control type="group">
			<include>toggle_Menu</include>

		<!--chrome-->
			<control type="group">
				<include>transition_Chrome</include>
				<include content="global_WindowChrome">
					<param name="Title">$VAR[window:Title.PVR]</param>
				</include>
				<visible>!Window.IsActive(movieinformation)</visible>
			</control>

		<!--views-->
		
			<include>transition_Content</include>
			
			<include content="view_List">
				<param name="Label">$INFO[ListItem.ChannelNumber,,. ]$INFO[ListItem.ChannelName,,: ]$INFO[ListItem.Title]</param>
				<param name="Label2">$VAR[media:Info]</param>
				<param name="ShowSymbol">false</param>
			</include>

			<control type="group">
				<visible>Control.IsVisible(50)</visible>
				<include content="info_List">
					<param name="Visible">true</param>
				</include>
			</control>

			<!--scrollbars-->
			<include>global_Scrollbar</include>

		</control>

		<!--menu-->
		<include>menu_Options</include>

	</controls>
</window>