<?xml version="1.0" encoding="UTF-8"?>
<window>
	<defaultcontrol always="false">101</defaultcontrol>
	<visible>!Window.IsActive(musicosd)</visible>
	<controls>

	<!--chrome-->
		<control type="group">
			<control type="image">
				<include>screen_Dimensions</include>
				<texture background="true">overlays/background.png</texture>
				<colordiffuse>$VAR[color:Main]</colordiffuse> 
				<fadetime>fadetime_Thumb</fadetime>
			</control>
			<control type="group">
				<include>transition_Chrome</include>
				<include content="global_WindowChrome">
					<param name="Title">$VAR[window:Title.Info]</param>
				</include>
			</control>

		<!--content-->
			<control type="image">
				<top>198</top>
				<width>screen_Width</width>
				<height>720</height>
				<texture colordiffuse="ff000000">colorize/10.png</texture>
				<aspectratio>stretch</aspectratio>
			</control>

			<control type="group">
				<left>128</left>
				<top>198</top>
				<width>1664</width>
				<height>810</height>
				<include>transition_Content</include>

				<!-- Main -->
				<control type="group">
					<visible>String.IsEmpty(Skin.String(InfoSwitch))</visible>
					<control type="image">
						<width>720</width>
						<height>720</height>
						<texture background="true">$INFO[MusicPlayer.Cover]</texture>
						<aspectratio align="center" scalediffuse="false" >scale</aspectratio>
					</control>
					<control type="image">
						<top>720</top>
						<width>720</width>
						<height>720</height>
						<texture flipy="true" diffuse="views/diffuse/portrait.png">$INFO[MusicPlayer.Cover]</texture>
						<aspectratio align="center" scalediffuse="false" >scale</aspectratio>
					</control>
				</control>

				<control type="list" id="110">
					<top>54</top>
					<left>848</left>
					<width>816</width>
					<height>630</height>
					<onup>110</onup>
					<ondown>110</ondown>
					<scrolltime>200</scrolltime>
					<itemlayout width="816" height="54">
						<control type="label">
							<width>816</width>
							<height>54</height>
							<label>$INFO[ListItem.Label]</label>
							<font>Slab-24</font>
							<aligny>top</aligny>
							<textcolor>$VAR[color:Accent]</textcolor>
							 <wrapmultiline>true</wrapmultiline>
						</control>
					</itemlayout>
					<focusedlayout width="816" height="54">
						<control type="label">
							<width>816</width>
							<height>54</height>
							<label>[B]$INFO[ListItem.Label][/B]</label>
							<font>Slab-24</font>
							<aligny>top</aligny>
							<textcolor>$VAR[color:Accent]</textcolor>
							 <wrapmultiline>true</wrapmultiline>
						</control>
					</focusedlayout>
				</control>
			</control>
			
			<!--pick label-->
			<control type="label" id="2">
				<width>550</width>
				<height>30</height>
				<label>$LOCALIZE[31062]</label>
				<font>Black-24</font>
				<textcolor>red</textcolor>
				<visible>Control.IsVisible(120) + ![Control.IsVisible(100) | Control.IsVisible(110)]</visible>
			</control>

			<!-- ** Required ** Do not change <id> or <type> (Song Chooser if it gets it wrong) -->
			<control type="list" id="120">
				<width>550</width>
				<height>440</height>
				<onleft>121</onleft>
				<onright>121</onright>
				<onup>120</onup>
				<ondown>120</ondown>
				<pagecontrol>121</pagecontrol>
				<include>global_ListScroll</include>
				<animation effect="slide" start="0,0" end="20,0" time="0" condition="!Control.IsVisible(121)">Conditional</animation>
				<itemlayout height="40">
					<control type="label">
						<left>10</left>
						<width>530</width>
						<height>40</height>
						<aligny>center</aligny>
						<selectedcolor>selected</selectedcolor>
						<label>$INFO[ListItem.Label]</label>
					</control>
				</itemlayout>
				<focusedlayout height="40">
					<control type="image">
						<width>550</width>
						<height>41</height>
						<visible>Control.HasFocus(120)</visible>
						<texture>colorize/70.png</texture>
					</control>
					<control type="label">
						<width>530</width>
						<height>40</height>
						<selectedcolor>selected</selectedcolor>
						<label>$INFO[ListItem.Label]</label>
					</control>
				</focusedlayout>
			</control>
			<!--next page-->
			<control type="spincontrol" id="121">
				<subtype>page</subtype>
				<onleft>120</onleft>
				<onright>120</onright>
				<ondown>120</ondown>
				<onup>120</onup>
				<showonepage>true</showonepage>
				<visible>false</visible>
				<visible>Control.IsVisible(120)</visible>
			</control>
			<!--scraper label-->
			<control type="label" id="200">
				<visible>false</visible>
			</control>
		</control>
	</controls>
</window>