<?xml version="1.0" encoding="UTF-8"?>
<window>
	<defaultcontrol always="true">705</defaultcontrol>
	<onload>Dialog.Close(fullscreeninfo)</onload>
	<onload>Skin.Reset(OSD)</onload>
	<onunload>Skin.Reset(OSD)</onunload>
	<include>fadeinout</include>
	<coordinates>
		<system>1</system>
		<left>690</left>
		<top>198</top>
	</coordinates>
	<controls>
		<include content="osd_PlayControls">
			<param name="Visible" value="![Window.IsVisible(PVROSDChannels) | Window.IsVisible(PVROSDGuide) | Window.IsVisible(SliderDialog) | Window.IsVisible(OSDVideoSettings) | Window.IsVisible(OSDAudioSettings) | Window.IsVisible(VideoBookmarks)]"/>
		</include>
	</controls>
</window>