<?xml version="1.0" encoding="UTF-8"?>
	<addon id="skin.refocus" version="4.0.2" name="reFocus" provider-name="Jeroen">
	<requires>
		<import addon="xbmc.gui" version="5.12.0"/>
		<import addon="resource.images.studios.white" version="0.0.7"/>
		<import addon="resource.images.languageflags.colour" version="0.0.4"/>
		<import addon="resource.uisounds.refocus" version="1.0.0"/>
		<import addon="script.extendedinfo" version="5.5.2"/>
		<import addon="script.image.resource.select" version="0.1.1"/>
		<import addon="script.watchlist" version="0.0.2"/>
		<import addon="script.skin.helper.service" version="1.0.100"/>
		<import addon="script.skinshortcuts" version="1.0.11"/>
		<import addon="script.toolbox" version="1.1.1"/>
		<import addon="script.tv.show.next.aired" version="6.0.15"/>
		<import addon="service.library.data.provider" version="0.1.5"/>
	</requires>
	<extension point="xbmc.gui.skin" effectslowdown="1.00" debugging="false">
		<res width="1280" height="720" aspect="16:9" default="true" folder="720p" />
	</extension>
	<extension point="xbmc.addon.metadata">
		<assets>
            <icon>icon.png</icon>
            <fanart>fanart.jpg</fanart>
        </assets>
		<platform>all</platform>
		<summary lang="de">reFocus von Jeroen</summary>
		<summary lang="en">reFocus by Jeroen</summary>
		<summary lang="es">reFocus por Jeroen</summary>
		<summary lang="gl">reFocus por Jeroen</summary>
		<summary lang="ko">reFocus by Jeroen</summary>
		<summary lang="lt">reFocus, sukurta Jeroen</summary>
		<summary lang="nl">reFocus door Jeroen</summary>
		<summary lang="no">reFocus av Jeroen</summary>
		<summary lang="pl">reFocus autorstwa Jeroena</summary>
		<summary lang="ro">reFocus de Jeroen</summary>
		<summary lang="sv">reFocus av Jeroen</summary>
		<description lang="de">reFocus ist eine graphische Schnittstelle für Kodi, welche versteht, dass deine Medien dir alles bedeuten. Eleganz, Einfachheit,Verfeinerung, Konsistenz und ausgewogenes Design sind Stichwörter für diesen Skin.</description>
		<description lang="en">reFocus is a graphical interface for Kodi that understands your media is what truly matters. Elegance, simplicity, refinement, consistency and balanced design are keywords for this skin.</description>
		<description lang="es">reFocus es una interfaz gráfica para Kodi que entiende que su contenido multimedia es lo que verdaderamente importa. Elegancia, sencillez, refinamiento, consistencia y diseño equilibrado son las palabras claves para este skin.</description>
		<description lang="gl">reFocus é unha interface gráfica para Kodi que entende que o importante de verdade é a túa media. Elegancia, simplicidade, refinamento, consistencia e un deseño equilibrado son as chaves deste tema.</description>
		<description lang="ko">reFocus는 사용자의 미디어를 가장 중요하게 생각하는 Kodi 그래픽 인터페이스 입니다. 우아함, 간결함, 세련됨, 일관성, 균형잡힌 디자인이 이 스킨의 키워드입니다.</description>
		<description lang="lt">reFocus yra Kodi grafinė sąsaja, kuris supranta, kad jūsų media įrašai yra tai, kas iš tiesų svarbu. Elegancija, paprastumas, tobulinimas, nuoseklumas ir subalansuotas dizainas yra šios teminės išvaizdos raktiniai žodžiai.</description>
		<description lang="nl">reFocus is een grafische interface voor Kodi die begrijpt dat het uiteindelijk draait om jouw media. Elegantie, eenvoud, verfijning, samenhang en doordacht ontwerp zijn sleutelwoorden voor deze skin.</description>
		<description lang="no">reFocus er et grafisk grensesnitt for Kodi som forstår at dine medier er det som virkelig betyr noe. Eleganse, enkelhet, forbedring, konsistens og balansert design er nøkkelord for dette skallet.</description>
		<description lang="pl">reFocus jest interfejsem graficznym dla Kodi, który rozumie, że Twoje media liczą się najbardziej. Elegancja, prostota, wyrafinowanie, konsekwencja i zrównoważony design są słowami kluczowymi tej skóry.</description>
		<description lang="ro">reFocus e o interfaţă grafică pentru Kodi, care înţelege că ceea ce contează cu adevărat e conţinutul. Eleganţă, simplitate, rafinament, consistenţă şi design echilibrat sunt cuvintele cheie ale acestei interfeţe.</description>
		<description lang="sv">reFocus är ett grafiskt gränssnitt till Kodi som prioriterar din media till 100%. En design med fokus på elegans, minimalism och kontinuitet.</description>	
		<disclaimer lang="de">Die Nutzung von Maus und Touchscreen wird nicht unterstützt.</disclaimer>
		<disclaimer lang="en">Mouse and touchscreen use not supported</disclaimer>
		<disclaimer lang="es">Uso de ratón y pantalla táctil no compatible</disclaimer>
		<disclaimer lang="gl">Rato e pantalla táctil non soportados</disclaimer>
		<disclaimer lang="ko">마우스와 터치 스크린을 지원하지 않습니다 </disclaimer>
		<disclaimer lang="lt">Pelė ir liečiamasis ekranas nepalaikomi</disclaimer>
		<disclaimer lang="nl">Muis of touchscreen gebruik niet ondersteund</disclaimer>
		<disclaimer lang="no">Bruk av mus og touch-skjerm er ikke støttet</disclaimer>
		<disclaimer lang="pl">Myszka i ekran dotykowy nie są wspierane</disclaimer>
		<disclaimer lang="ro">Nu există suport pentru touchscreen şi mouse</disclaimer>
		<disclaimer lang="sv">Mus och pekskärm stöds inte</disclaimer>
		<license>Attribution-NonCommercial-ShareAlike 3.0 Unported</license>
		<forum>http://forum.xbmc.org/forumdisplay.php?fid=72</forum>
		<source>https://github.com/jeroenpardon/skin.refocus/</source>
		<website>jeroenpardon.github.io/skin.refocus/</website>
	</extension>
</addon>